Activity ID,Activity Date,Activity Name,Activity Type,Activity Description,Elapsed Time,Distance,Max Heart Rate,Relative Effort,Commute,Activity Private Note,Activity Gear,Filename,Athlete Weight,Bike Weight,Elapsed Time,Moving Time,Distance,Max Speed,Average Speed,Elevation Gain,Elevation Loss,Elevation Low,Elevation High,Max Grade,Average Grade,Average Positive Grade,Average Negative Grade,Max Cadence,Average Cadence,Max Heart Rate,Average Heart Rate,Max Watts,Average Watts,Calories,Max Temperature,Average Temperature,Relative Effort,Total Work,Number of Runs,Uphill Time,Downhill Time,Other Time,Perceived Exertion,Type,Start Time,Weighted Average Power,Power Count,Prefer Perceived Exertion,Perceived Relative Effort,Commute,Total Weight Lifted,From Upload,Grade Adjusted Distance,Weather Observation Time,Weather Condition,Weather Temperature,Apparent Temperature,Dewpoint,Humidity,Weather Pressure,Wind Speed,Wind Gust,Wind Bearing,Precipitation Intensity,Sunrise Time,Sunset Time,Moon Phase,Bike,Gear,Precipitation Probability,Precipitation Type,Cloud Cover,Weather Visibility,UV Index,Weather Ozone,Jump Count,Total Grit,Average Flow,Flagged,Average Elapsed Speed,Dirt Distance,Newly Explored Distance,Newly Explored Dirt Distance,Activity Count,Total Steps,Carbon Saved,Pool Length,Training Load,Intensity,Average Grade Adjusted Pace,Timer Time,Total Cycles,Recovery,With Pet,Competition,Long Run,For a Cause,Media
2447917291,"Jun 13, 2019, 9:18:23 PM",Afternoon Run,Run,,1454,5.68,,,FALSE,,,activities/2447917291.gpx,68,,,1399,5688.4,5.5,,20.8,,239.4,250.9,7.4,0,,,,,,,,,0,,,,,,,,,,,,,,,,,,,,,,,,,,,,,,,,,,,,,,,,,,,,,,,,,,,,,,,,,,,,,,,,
2474807364,"Jun 23, 2019, 5:01:00 PM",Lunch Run,Run,,602,2.51,,,FALSE,,,activities/2474807364.gpx,68,,602,599,2517.2,7.1,,12.6,,246.8,255,3.3,0.1,,,,,,,,,0,,,,,,,,,,,,,,,,,,,,,,,,,,,,,,,,,,,,,,,,,,,,,,,,,,,,,,,,,,,,,,,,
2496418196,"Jul 1, 2019, 10:30:52 PM",Afternoon Run,Run,,1428,5.77,,,FALSE,,,activities/2496418196.gpx,68,,1428,1416,5777.2,7.3,,33.1,,218.3,251.7,22.3,-0.2,,,,,,,,,0,,,,,,,,,,,,,,,,,,,,,,,,,,,,,,,,,,,,,,,,,,,,,,,,,,,,,,,,,,,,,,,,
2504396262,"Jul 4, 2019, 6:02:30 PM",Afternoon Run,Run,,2150,8.07,,,FALSE,,,activities/2504396262.gpx,68,,2150,2137,8078,7.4,,41.6,,234.9,251.3,7.1,0,,,,,,,,,0,,,,,,,,,,,,,,,,,,,,,,,,,,,,,,,,,,,,,,,,,,,,,,,,,,,,,,,,,,,,,,,,
2512285975,"Jul 7, 2019, 2:55:10 PM",Morning Run,Run,,2079,7.86,,,FALSE,,,activities/2512285975.gpx,68,,2079,2052,7862.8,5.6,,83,,223.7,264.2,15.8,0,,,,,,,,,0,,,,,,,,,,,,,,,,,,,,,,,,,,,,,,,,,,,,,,,,,,,,,,,,,,,,,,,,,,,,,,,,
2515298525,"Jul 8, 2019, 5:48:58 PM",Lunch Run,Run,,2037,8.04,,,FALSE,,,activities/2515298525.gpx,68,,2037,2019,8041.5,6.4,,14.9,,219,227.8,8,0,,,,,,,,,0,,,,,,,,,,,,,,,,,,,,,,,,,,,,,,,,,,,,,,,,,,,,,,,,,,,,,,,,,,,,,,,,
2521654382,"Jul 9, 2019, 11:52:21 PM",Evening Run,Run,,77464,4.62,,,FALSE,,,activities/2521654382.gpx,68,,77464,1101,4621.8,11.9,,17.6,,247.6,255.4,11.7,0,,,,,,,,,0,,,,,,,,,,,,,,,,,,,,,,,,,,,,,,,,,,,,,,,,,,,,,,,,,,,,,,,,,,,,,,,,
2521717643,"Jul 10, 2019, 9:24:06 PM",Afternoon Run,Run,,2273,8.46,,,FALSE,,,activities/2521717643.gpx,68,,2273,2201,8460.6,5.4,,41.3,,238,255.2,11.8,0,,,,,,,,,0,,,,,,,,,,,,,,,,,,,,,,,,,,,,,,,,,,,,,,,,,,,,,,,,,,,,,,,,,,,,,,,,
2538512632,"Jul 16, 2019, 11:27:08 PM",Evening Run,Run,,2560,9.47,,,FALSE,,,activities/2538512632.gpx,68,,2560,2560,9476.2,5.4,,76.2,,231.4,268.2,18.1,0,,,,,,,,,0,,,,,,,,,,,,,,,,,,,,,,,,,,,,,,,,,,,,,,,,,,,,,,,,,,,,,,,,,,,,,,,,
2543416597,"Jul 18, 2019, 5:39:34 PM",Lunch Run,Run,,3056,11.09,,,FALSE,,,activities/2543416597.gpx,68,,3056,2869,11091,5.8,,61.5,,218.3,251.7,31.5,0,,,,,,,,,0,,,,,,,,,,,,,,,,,,,,,,,,,,,,,,,,,,,,,,,,,,,,,,,,,,,,,,,,,,,,,,,,
2560092513,"Jul 24, 2019, 6:06:59 PM",Afternoon Run,Run,,4024,13.75,,,FALSE,,,activities/2560092513.gpx,68,,4024,3849,13751.4,5.4,,117.7,,224.1,268.2,14.9,0,,,,,,,,,0,,,,,,,,,,,,,,,,,,,,,,,,,,,,,,,,,,,,,,,,,,,,,,,,,,,,,,,,,,,,,,,,
2568072586,"Jul 27, 2019, 6:12:01 PM",Afternoon Run,Run,,2270,7.38,,,FALSE,,,activities/2568072586.gpx,68,,2270,2137,7382.8,5.5,,78.5,,223.7,264.2,25.8,0,,,,,,,,,0,,,,,,,,,,,,,,,,,,,,,,,,,,,,,,,,,,,,,,,,,,,,,,,,,,,,,,,,,,,,,,,,
2575937985,"Jul 30, 2019, 3:32:41 PM",Morning Run,Run,,2235,2.43,,,FALSE,,,activities/2575937985.gpx,68,,2235,687,2436.7,4.4,,9.6,,249.2,255,3.8,0,,,,,,,,,0,,,,,,,,,,,,,,,,,,,,,,,,,,,,,,,,,,,,,,,,,,,,,,,,,,,,,,,,,,,,,,,,
2581873123,"Aug 1, 2019, 4:14:52 PM",Lunch Ride,Ride,,3240,19.09,,,FALSE,,,activities/2581873123.gpx,68,,3240,3133,19089.7,12.6,,93.2,,216.1,268.6,12.3,0.1,,,,,,,,,,,,,,,,,,,,,,,,,,,,,,,,,,,,,,,,,,,,,,,,,,,,,,,,,,,,,,,,,,,,,,,,,
2592637049,"Aug 5, 2019, 11:17:58 AM",Morning Ride,Ride,,3535,10.77,,,FALSE,,,activities/2592637049.gpx,68,,3535,3304,10776.2,5.5,,5.6,,0,5,13.6,0,,,,,,,,,,,,,,,,,,,,,,,,,,,,,,,,,,,,,,,,,,,,,,,,,,,,,,,,,,,,,,,,,,,,,,,,,
2595638345,"Aug 6, 2019, 11:31:48 AM",Morning Run,Run,,5810,18.17,,,FALSE,,,activities/2595638345.gpx,68,,5810,5278,18178.3,5.7,,18.6,,-0.4,5.4,11.8,0,,,,,,,,,0,,,,,,,,,,,,,,,,,,,,,,,,,,,,,,,,,,,,,,,,,,,,,,,,,,,,,,,,,,,,,,,,
2598446427,"Aug 7, 2019, 11:22:00 AM",Morning Run,Run,,3819,12.54,,,FALSE,,,activities/2598446427.gpx,68,,3819,3772,12540.4,4.7,,17,,0.6,5.8,7.5,0,,,,,,,,,0,,,,,,,,,,,,,,,,,,,,,,,,,,,,,,,,,,,,,,,,,,,,,,,,,,,,,,,,,,,,,,,,
2601357938,"Aug 8, 2019, 11:37:00 AM",Morning Run,Run,,3618,13.07,,,FALSE,,,activities/2601357938.gpx,68,,3618,3566,13070.4,6.1,,9.6,,-0.4,5.5,4.3,0,,,,,,,,,0,,,,,,,,,,,,,,,,,,,,,,,,,,,,,,,,,,,,,,,,,,,,,,,,,,,,,,,,,,,,,,,,
2672035764,"Sep 1, 2019, 9:35:41 PM",Afternoon Ride,Ride,,3231,10.97,,,FALSE,,,activities/2672035764.gpx,68,,3231,2398,10973.9,8.4,,16,,219.1,259.5,6.9,-0.3,,,,,,,,,,,,,,,,,,,,,,,,,,,,,,,,,,,,,,,,,,,,,,,,,,,,,,,,,,,,,,,,,,,,,,,,,
2853191190,"Nov 9, 2019, 8:05:42 PM",Afternoon Run,Run,,1664,6.88,,,FALSE,,,activities/2853191190.gpx,68,,1664,1664,6881.5,7,,2,,426.5,430.2,11.2,0,,,,,,,,,0,,,,,,,,,,,,,,,,0,,,,,,,,,,,,,,,,,,,,,,,,,,,,,,,,,,,,,,,,,,,,,,,,
2890319026,"Nov 25, 2019, 1:04:52 PM",Morning Run,Run,,1840,7.15,,,FALSE,,,activities/2890319026.gpx,68,,1840,1805,7158.3,9.8,3.966,62.8,,92.7,121.3,9.9,0,,,,,,,,,0,,,,,,,,,,,,,,,,0,,,,,,,,,,,,,,,,,,,,,,,,,,,,,,,,,,,,,,,,,,,,,,,,
2958386235,"Dec 26, 2019, 7:17:54 PM",Afternoon Run,Run,,2275,8.61,,,FALSE,,,activities/2958386235.gpx,68,,2275,2275,8616,5.4,3.787,39.1,,234.6,255,6.7,0,,,,,,,,,0,,,,,,,,,,,,,,,,0,,1,8672.1,,,,,,,,,,,,,,,,,,,,,,,,,,,,,,,,,,,,,,,,,,,,,
3166800134,"Mar 8, 2020, 7:36:53 PM",Afternoon Run,Run,,888,3.23,,,FALSE,,,activities/3166800134.gpx,68,,888,871,3230.8,4.9,3.709,12,11.9,244.5,255.9,12.4,0,,,,,,,,,0,,,,,,,,,,,,,,,,0,,1,3249.2,,,,,,,,,,,,,,,,,,,,,,,,,,,,,,,,,,,,,,,,,,,,,
3172432403,"Mar 10, 2020, 9:25:43 PM",Afternoon Run,Run,,853,1.51,,,FALSE,,,activities/3172432403.gpx,68,,853,491,1511.9,5.7,3.079,5.7,3.7,279.5,285.6,4.2,0.1,,,,,,,,,0,,,,,,,,,,,,,,,,0,,1,1524.8,,,,,,,,,,,,,,,,,,,,,,,,,,,,,,,,,,,,,,,,,,,,,
3187300236,"Mar 15, 2020, 10:14:39 PM",My favorite route,Run,,2657,11.44,,,FALSE,,,activities/3187300236.gpx,68,,2657,2654,11441.3,7.1,4.311,139.7,139.6,220.2,266.5,18.3,0,,,,,,,,,0,,,,,,,,,10,,,,,0,162,0,,1,11746.4,,,,,,,,,,,,,,,,,,,,,,,,,,,,,,,,,,,,,,,,,,,,,
3188681005,"Mar 16, 2020, 3:37:58 PM",Morning Run,Run,,2167,8.18,,,FALSE,,,activities/3188681005.gpx,68,,2167,2140,8188.7,5.4,3.826,13,12.9,218.5,224.3,5.8,0,,,,,,,,,0,,,,,,,,,,,,,,,,0,,1,8209.5,,,,,,,,,,,,,,,,,,,,,,,,,,,,,,,,,,,,,,,,,,,,,
3191505571,"Mar 17, 2020, 3:51:57 PM",Morning Run,Run,,2954,8.76,,,FALSE,,,activities/3191505571.gpx,68,,2954,2356,8767.7,8.4,3.721,73,72.5,239.9,256.6,8.6,0,,,,,,,,,0,,,,,,,,,,,,,,,,0,,1,8838.2,,,,,,,,,,,,,,,,,,,,,,,,,,,,,,,,,,,,,,,,,,,,,
3194879980,"Mar 18, 2020, 3:51:39 PM",Lake Lap,Run,,6443,21.22,,,FALSE,,,activities/3194879980.gpx,68,,6443,5903,21228.4,6.2,3.596,200.9,205.3,214.1,246,49,0,,,,,,,,,0,,,,,,,,,,,,,,,,0,,1,22257.1,,,,,,,,,,,,,,,,,,,,,,,,,,,,,,,,,,,,,,,,,,,,,
3200932710,"Mar 20, 2020, 5:26:13 PM",Lunch Run,Run,,1635,6.7,,,FALSE,,,activities/3200932710.gpx,68,,1635,1635,6700.4,5.8,4.098,38.4,38.4,224.9,253.5,6.6,0,,,,,,,,,0,,,,,,,,,,,,,,,,0,,1,6744.6,,,,,,,,,,,,,,,,,,,,,,,,,,,,,,,,,,,,,,,,,,,,,
3201103959,"Mar 18, 2020, 5:39:49 PM",This is not accurate but it‚Äôs pretty funny so I‚Äôll leave it here.,Run,,4317,14.78,,,FALSE,,,activities/3422256655.gpx.gz,68,,4317,129,14787.5,7.7,114.632,52.5,14.3,211.3,262.5,3.2,0.3,,,,,,,,,0,,,,,,,,,,,,,,0,,0,,1,14900.5,,,,,,,,,,,,,,,,,,,,,,,,,,,,,,,,,,,,,,,,,,,,,
3201615645,"Mar 20, 2020, 10:03:59 PM",Afternoon Run,Run,,2203,7.23,,,FALSE,,HOKA Arahi 4,activities/3201615645.gpx,68,,2203,1950,7234.6,5.3,3.71,31.8,37,226,252.5,6.6,-0.1,,,,,,,,,607,,,,,,,,,,,,,,,,0,,1,7263.8,,,,,,,,,,,,,,,,5775110,,,,,,,,,,,,,,,,,,,,,,,,,,,,,
3203957160,"Mar 21, 2020, 3:45:31 PM",Morning Run,Run,,2680,11.5,,,FALSE,,HOKA Arahi 4,activities/3203957160.gpx,68,,2680,2657,11502.6,6.3,4.329,38.7,38.1,220.2,245,9.5,0,,,,,,,,,966,,,,,,,,,,,,,,,,0,,1,11556.7,,,,,,,,,,,,,,,,5775110,,,,,,,,,,,,,,,,,,,,,,,,,,,,,
3210645737,"Mar 23, 2020, 5:19:47 PM",Nice easy run,Run,,2119,8.1,,,FALSE,,HOKA Arahi 4,activities/3210645737.gpx,68,,2119,2062,8100.6,6,3.929,44.9,50.9,234.7,253.5,10.1,-0.1,,,,,,,,,681,,,,,,,,,,,,,,,,0,,1,8142.5,,,,,,,,,,,,,,,,5775110,,,,,,,,,,,,,,,,,,,,,,,,,,,,,
3217402874,"Mar 25, 2020, 5:15:38 PM",Lunch Run,Run,,2621,9.31,,,FALSE,,HOKA Arahi 4,activities/3217402874.gpx,68,,2621,2479,9309.5,5.9,3.755,39.1,38.7,220,231.2,11,0,,,,,,,,,782,,,,,,,,,,,,,,,,0,,1,9355.6,,,,,,,,,,,,,,,,5775110,,,,,,,,,,,,,,,,,,,,,,,,,,,,,
3221997496,"Mar 26, 2020, 10:22:34 PM",Afternoon Run,Run,,2258,9.44,,,FALSE,,HOKA Arahi 4,activities/3221997496.gpx,68,,2258,2255,9443,6.4,4.188,73.2,73.2,236,268.6,8.9,0,,,,,,,,,797,,,,,,,,,,,,,,,,0,,1,9536.3,,,,,,,,,,,,,,,,5775110,,,,,,,,,,,,,,,,,,,,,,,,,,,,,
3224070304,"Mar 27, 2020, 3:38:07 PM",Morning Run,Run,,2321,8.17,,,FALSE,,HOKA Arahi 4,activities/3224070304.gpx,68,,2321,2119,8172.6,5.4,3.857,38.1,41.9,239.1,261.9,43.8,0,,,,,,,,,696,,,,,,,,,,,,,,,,0,,1,8326.1,,,,,,,,,,,,,,,,5775110,,,,,,,,,,,,,,,,,,,,,,,,,,,,,
3229617442,"Mar 28, 2020, 11:13:12 PM",Kayaking in the rain üå®,Kayaking,,4388,4.96,,,FALSE,,,activities/3229617442.gpx,68,,4388,3499,4962.6,3.1,1.418,4.1,3.7,216.9,221,17.9,0,,,,,,,,,,,,,,,,,,,,,,,0,,0,,1,,,,,,,,,,,,,,,,,,,,,,,,,,,,,,,,,,,,,,,,,,,,,,media/4A8414C3-0A50-4F8A-BD00-99FA5FB1B712.jpg|media/D008CCDE-F23A-4B74-B0CF-42A3BD9C4E48.jpg
3232073591,"Mar 29, 2020, 3:28:19 PM",Morning Run,Run,,3430,14.5,,,FALSE,,HOKA Arahi 4,activities/3232073591.gpx,68,,3430,3404,14506.7,5.9,4.262,37.2,37.2,254.5,267,6.1,0,,,,,,,,,1216,,,,,,,,,,,,,,0,,0,,1,14541.3,,,,,,,,,,,,,,,,5775110,,,,,,,,,,,,,,,,,,,,,,,,,,,,,
3235418303,"Mar 30, 2020, 4:39:25 PM",Lunch Run,Run,,2046,7.74,,,FALSE,,HOKA Arahi 4,activities/3235418303.gpx,68,,2046,2046,7741.9,5.2,3.784,38.7,37.9,236,255.6,8.8,0,,,,,,,,,652,,,,,,,,,,,,,,0,,0,,1,7793.3,,,,,,,,,,,,,,,,5775110,,,,,,,,,,,,,,,,,,,,,,,,,,,,,
3239364227,"Mar 31, 2020, 5:40:57 PM",Warm up ,Run,,508,1.77,,,FALSE,,HOKA Arahi 4,activities/3239364227.gpx,68,,508,508,1772.8,5,3.49,,0.1,219.3,220.7,2.9,0,,,,,,,,,149,,,,,,,,,,,,,,,,0,,1,1777.2,,,,,,,,,,,,,,,,5775110,,,,,,,,,,,,,,,,,,,,,,,,,,,,,
3239438868,"Mar 31, 2020, 5:53:40 PM",Segment Hunting,Run,,575,2.82,,,FALSE,,HOKA Arahi 4,activities/3239438868.gpx,68,,575,561,2820.5,6.5,5.028,2.4,3.3,219.3,222.2,4.2,0,,,,,,,,,236,,,,,,,,,,,,,,,,0,,1,2824.7,,,,,,,,,,,,,,,,5775110,,,,,,,,,,,,,,,,,,,,,,,,,,,,,
3239647420,"Mar 31, 2020, 6:08:55 PM","5x5min, 2x3min, 45sec sprint. 1min rest between all.",Run,,2469,8.81,,,FALSE,,HOKA Arahi 4,activities/3239647420.gpx,68,,2469,1906,8817.1,7.2,4.626,28.6,29.9,219.3,230.3,12.7,0,,,,,,,,,742,,,,,,,,,,,,,,,,0,,1,8879.1,,,,,,,,,,,,,,,,5775110,,,,,,,,,,,,,,,,,,,,,,,,,,,,,
3242872129,"Apr 1, 2020, 3:50:55 PM",Easy easy,Run,,3263,11.77,,,FALSE,,HOKA Arahi 4,activities/3242872129.gpx,68,,3263,3260,11775.5,5.8,3.612,22.7,22.6,219.3,226.5,5.1,0,,,,,,,,,986,,,,,,,,,1,,,,,0,7,0,,1,11798.8,,,,,,,,,,,,,,,,5775110,,,,,,,,,,,,,,,,,,,,,,,,,,,,,
3243869291,"Apr 1, 2020, 6:42:51 PM",Gravel Travel,Ride,Tony and I did some exploring around the farmlands and up to the coralville reservoir.,7833,35.26,,,FALSE,,,activities/3243869291.gpx,68,,7833,6721,35268.3,12.9,5.247,426.3,404.5,210.5,264.9,17.2,0.1,,,,,,,,97,724,,,,,,,,,,,,,,,,0,,1,,,,,,,,,,,,,,,,,,,,,,,,,,,,,,,,,,,,,,,,,,,,,,
3247372154,"Apr 2, 2020, 6:08:06 PM",Afternoon Run,Run,,2927,6.22,,,FALSE,,HOKA Arahi 4,activities/3247372154.gpx,68,,2927,1731,6220.6,9.4,3.594,26.6,26.8,215,221.6,40,0,,,,,,,,,527,,,,,,,,,,,,,,,,0,,1,6303.8,,,,,,,,,,,,,,,,5775110,,,,,,,,,,,,,,,,,,,,,,,,,,,,,
3250926595,"Apr 3, 2020, 5:37:24 PM",Easy Ely,Run,We found Bryson halfway into our run,2737,9.11,,,FALSE,,HOKA Arahi 4,activities/3250926595.gpx,68,,2737,2647,9111.1,7.3,3.442,104.7,104.8,220.7,257.8,12.7,0,,,,,,,,,778,,,,,,,,,,,,,,,,0,,1,9305.9,,,,,,,,,,,,,,,,5775110,,,,,,,,,,,,,,,,,,,,,,,,,,,,,
3255683090,"Apr 4, 2020, 8:04:28 PM",Long run w/ Bryson and Bryan,Run,First time going out that far on this part of the trail. Nice long straight away. Kinda windy coming back. ,3777,16.17,,,FALSE,,HOKA Arahi 4,activities/3255683090.gpx,68,,3777,3670,16173.2,6.2,4.407,62.7,62.4,217.4,241.5,10.9,0,,,,,,,,,1358,,,,,,,,,,,,,,,,0,,1,16238.6,,,,,,,,,,,,,,,,5775110,,,,,,,,,,,,,,,,,,,,,,,,,,,,,
3260704616,"Apr 5, 2020, 10:44:18 PM",Kayaking,Kayaking,,2249,2.85,,,FALSE,,,activities/3260704616.gpx,,,2249,2093,2854.5,4.7,1.364,2.6,1.3,216.9,219.6,8.2,0,,,,,,,,,,,,,,,,,,,,,,,,,0,,1,,,,,,,,,,,,,,,,,,,,,,,,,,,,,,,,,,,,,,,,,,,,,,
3263732802,"Apr 6, 2020, 6:25:44 PM",Afternoon Run,Run,,2571,9.56,,,FALSE,,HOKA Arahi 4,activities/3263732802.gpx,68,,2571,2556,9564.7,5.5,3.742,71,71,241.1,268.7,8.9,0,,,,,,,,,808,,,,,,,,,,,,,,,,0,,1,9664,,,,,,,,,,,,,,,,5775110,,,,,,,,,,,,,,,,,,,,,,,,,,,,,
3268192049,"Apr 7, 2020, 7:00:16 PM",Warmup,Run,,617,1.99,,,FALSE,,HOKA Arahi 4,activities/3268192049.gpx,68,,617,617,1992.9,4.6,3.23,8.3,9.1,242.5,249.8,3.2,0,,,,,,,,,167,,,,,,,,,,,,,,0,,0,,1,1996.4,,,,,,,,,,,,,,,,5775110,,,,,,,,,,,,,,,,,,,,,,,,,,,,,
3268256645,"Apr 7, 2020, 7:15:32 PM",3200,Run,I don‚Äôt know why but that felt awful. Not as fast as I would like.,645,3.29,,,FALSE,,HOKA Arahi 4,activities/3268256645.gpx,68,,645,645,3297.7,7.9,5.113,16.3,16.8,239.6,249.8,2.9,0,,,,,,,,,276,,,,,,,,,,,,,,0,,0,,1,3306.9,,,,,,,,,,,,,,,,5775110,,,,,,,,,,,,,,,,,,,,,,,,,,,,,
3268348046,"Apr 7, 2020, 7:32:37 PM",Cool down ,Run,,1375,4.54,,,FALSE,,HOKA Arahi 4,activities/3268348046.gpx,68,,1375,1362,4543.8,5.6,3.336,21.8,23,233.5,249.8,3.8,0,,,,,,,,,381,,,,,,,,,,,,,,,,0,,1,4556.4,,,,,,,,,,,,,,,,5775110,,,,,,,,,,,,,,,,,,,,,,,,,,,,,
3271812562,"Apr 8, 2020, 4:05:58 PM",Lunch Run,Run,,2198,8.09,,,FALSE,,HOKA Arahi 4,activities/3271812562.gpx,68,,2198,2072,8093.8,6,3.906,51.9,51.9,229.2,256.1,8.3,0,,,,,,,,,682,,,,,,,,,,,,,,,,0,,1,8160.5,,,,,,,,,,,,,,,,5775110,,,,,,,,,,,,,,,,,,,,,,,,,,,,,
3276688248,"Apr 9, 2020, 6:10:56 PM",Warm up,Run,,435,1.68,,,FALSE,,HOKA Arahi 4,activities/3276688248.gpx,68,,435,435,1681.4,4.9,3.865,11.5,11.9,230.7,234.7,6.8,0,,,,,,,,,142,,,,,,,,,,,,,,,,0,,1,1699.8,,,,,,,,,,,,,,,,5775110,,,,,,,,,,,,,,,,,,,,,,,,,,,,,
3276922843,"Apr 9, 2020, 6:44:14 PM",Afternoon Run,Run,,1894,6.54,,,FALSE,,HOKA Arahi 4,activities/3276922843.gpx,68,,1894,1815,6548.4,5,3.608,48.6,48.9,217.8,235.4,25,0,,,,,,,,,553,,,,,,,,,,,,,,,,0,,1,6611.8,,,,,,,,,,,,,,,,5775110,,,,,,,,,,,,,,,,,,,,,,,,,,,,,
3281389845,"Apr 10, 2020, 6:32:45 PM",Exploring Solon,Run,,3605,10.04,,,FALSE,,HOKA Arahi 4,activities/3281389845.gpx,68,,3605,2593,10044.8,5.7,3.874,85,83,223.2,252.8,22.3,0,,,,,,,,,850,,,,,,,,,,,,,,,,0,,1,10168.7,,,,,,,,,,,,,,,,5775110,,,,,,,,,,,,,,,,,,,,,,,,,,,,,
3294360051,"Apr 13, 2020, 4:09:09 PM",I ate too much junk on Easter,Run,And the wind sucked ,2213,8.22,,,FALSE,,HOKA Arahi 4,activities/3294360051.gpx,68,,2213,2189,8228.1,5.5,3.759,34.7,34.7,221.6,249.4,3.1,0,,,,,,,,,690,,,,,,,,,,,,,,,,0,,1,8249.9,,,,,,,,,,,,,,,,5775110,,,,,,,,,,,,,,,,,,,,,,,,,,,,,
3299416614,"Apr 14, 2020, 6:53:58 PM",Gotta love Pahas,Run,It was super windy and cold. Not fun at all.,3239,8.05,,,FALSE,,HOKA Arahi 4,activities/3299416614.gpx,68,,3239,2339,8054.8,10.3,3.444,78.6,82.8,239.5,268.7,40.9,-0.1,,,,,,,,,686,,,,,,,,,,,,,,,,0,,1,8207.9,,,,,,,,,,,,,,,,5775110,,,,,,,,,,,,,,,,,,,,,,,,,,,,,
3302943317,"Apr 15, 2020, 3:25:48 PM",Trail running at Big Grove Reserve,Run,Aka the middle of nowhere,2910,8.95,,,FALSE,,HOKA Arahi 4,activities/3302943317.gpx,68,,2910,2899,8950.5,5.2,3.087,96.4,95.7,225,253,19.5,0,,,,,,,,,774,,,,,,,,,,,,,,,,0,,1,9259.6,,,,,,,,,,,,,,,,5775110,,,,,,,,,,,,,,,,,,,,,,,,,,,,,media/9846E1D0-34F7-426F-9505-19F137139CC8.jpg
3309509407,"Apr 16, 2020, 10:45:54 PM",Warm up,Run,,549,1.94,,,FALSE,,HOKA Arahi 4,activities/3309509407.gpx,68,,549,536,1947.5,4.8,3.633,3.7,8.3,244.5,252.2,2.2,-0.2,,,,,,,,,162,,,,,,,,,,,,,,,,0,,1,1941.6,,,,,,,,,,,,,,,,5775110,,,,,,,,,,,,,,,,,,,,,,,,,,,,,
3309529995,"Apr 16, 2020, 10:59:47 PM",800,Run,,138,0.85,,,FALSE,,HOKA Arahi 4,activities/3309529995.gpx,68,,138,138,850.1,9.4,6.16,,3.2,244.4,248.2,1.1,-0.4,,,,,,,,,71,,,,,,,,,,,,,,,,0,,1,846.4,,,,,,,,,,,,,,,,5775110,,,,,,,,,,,,,,,,,,,,,,,,,,,,,
3312856891,"Apr 17, 2020, 5:19:00 PM",Leading up to the big day...,Run,,2182,8.08,,,FALSE,,HOKA Arahi 4,activities/3312856891.gpx,68,,2182,2148,8084.9,5.3,3.764,38.9,37.2,227,248.2,4.1,0,,,,,,,,,679,,,,,,,,,,,,,,,,0,,1,8120.4,,,,,,,,,,,,,,,,5775110,,,,,,,,,,,,,,,,,,,,,,,,,,,,,
3313601816,"Apr 17, 2020, 9:26:26 PM",Double,Run,,1651,5.8,,,FALSE,,HOKA Arahi 4,activities/3313601816.gpx,68,,1651,1638,5808.9,5.2,3.546,30.7,31,226.2,249.9,3.8,0,,,,,,,,,487,,,,,,,,,,,,,,,,0,,1,5827.9,,,,,,,,,,,,,,,,5775110,,,,,,,,,,,,,,,,,,,,,,,,,,,,,
3323490942,"Apr 19, 2020, 3:24:21 PM",First marathon in the books ‚úÖ ,Run,"I‚Äôve never felt more pain in my life. The last 6 miles were easily the hardest running I‚Äôve ever experienced. Before this, the longest I had ever ran was a half marathon. I was not prepared, but with quarantine it felt to good to push myself to the edge. Overall I‚Äôm very happy. Time to relax. (I can‚Äôt walk)",12968,42.18,,,FALSE,,HOKA Arahi 4,activities/3323490942.gpx,68,,12968,12009,42183.8,6.5,3.513,128.6,128.5,217,261.9,10.9,0,,,,,,,,,3539,,,,,,,,,10,,,,,0,733,0,,1,42329,,,,,,,,,,,,,,,,5775110,,,,,,,,,,,,,,,,,,,,,,,,,,,,,
3351869749,"Apr 25, 2020, 4:23:04 PM",First day back since the marathon,Run,Hamstrings are still pretty tight but I would rather feel sore than lazy. Good to be back.,1462,5.39,,,FALSE,,HOKA Arahi 4,activities/3351869749.gpx,68,,1462,1462,5393.5,5.3,3.689,26.1,25.3,234.7,252.2,5.5,0,,,,,,,,,454,,,,,,,,,,,,,,,,0,,1,5425.2,,,,,,,,,,,,,,,,5775110,,,,,,,,,,,,,,,,,,,,,,,,,,,,,
3357154949,"Apr 26, 2020, 11:19:21 AM",Andy‚Äôs marathon,Ride,I rode my bike alongside Andy while he ran his first marathon. ,16209,42.53,,,FALSE,,,activities/3357154949.gpx,68,,16209,12831,42537.3,6.8,3.315,143,143.1,217,249.9,14,0,,,,,,,,33,473,,,,,,,,,,,,,,0,,0,,1,,,,,,,,,,,,,,,,,,,,,,,,,,,,,,,,,,,,,,,,,,,,,,media/44074044-851F-40FC-BC6A-B2E8B7E718B0.jpg|media/E00EB69E-3F1F-4362-B582-7D1755AD1B48.jpg|media/EDCB55F1-8030-4018-87C3-2FD614E62A7F.jpg
3368502265,"Apr 28, 2020, 11:04:43 PM",The Red Wing Black birds are returning... üò∞,Run,,2857,11.21,,,FALSE,,HOKA Arahi 4,activities/3368502265.gpx,68,,2857,2846,11210.2,5.4,3.939,68.3,67.8,244.5,268.7,7.1,0,,,,,,,,,944,,,,,,,,,,,,,,,,0,,1,11296.9,,,,,,,,,,,,,,,,5775110,,,,,,,,,,,,,,,,,,,,,,,,,,,,,
3373195020,"Apr 29, 2020, 11:13:02 PM",Evening Run,Run,,1852,6.53,,,FALSE,,HOKA Arahi 4,activities/3373195020.gpx,68,,1852,1852,6537.8,5.3,3.53,14.8,14.8,219.8,225.3,2.8,0,,,,,,,,,547,,,,,,,,,,,,,,,,0,,1,6547.4,,,,,,,,,,,,,,,,5775110,,,,,,,,,,,,,,,,,,,,,,,,,,,,,
3380472941,"May 1, 2020, 3:09:01 PM",Up to Ellis,Run,,2503,8.3,,,FALSE,,HOKA Arahi 4,activities/3380472941.gpx,68,,2503,2344,8308,5.2,3.544,4.6,4.7,220.4,223.1,12.5,0,,,,,,,,,695,,,,,,,,,,,,,,,,0,,1,8316.9,,,,,,,,,,,,,,,,5775110,,,,,,,,,,,,,,,,,,,,,,,,,,,,,
3386476097,"May 2, 2020, 3:13:02 PM",Thorsday and hopefully this time I got the segment üò∂,Run,Beautiful day for a run. Macbride was BUSY! Might have to come back and kayak later though...,6356,20.97,,,FALSE,,HOKA Arahi 4,activities/3386476097.gpx,68,,6356,6130,20971.9,5,3.421,186.9,186.9,214.9,244.7,31.6,0,,,,,,,,,1807,,,,,,,,,,,,,,,,0,,1,21610.6,,,,,,,,,,,,,,,,5775110,,,,,,,,,,,,,,,,,,,,,,,,,,,,,media/64CFA56E-911C-4603-85EA-1922D3FAB577.jpg
3399120623,"May 4, 2020, 10:27:24 PM",Mountain Biking at Beverly but I forgot to actually track when we were on the trails so this was just some exploring afterwards ,Ride,"Also I forgot to turn it off after I finished, so it also tracked me playing catch with a frisbee. ",1447,5.07,,,FALSE,,,activities/3399120623.gpx,68,,1447,1303,5078,12.7,3.897,30.9,34.7,226.8,255.9,9.9,-0.1,,,,,,,,84,122,,,,,,,,,,,,,,0,,0,,1,,,,,,,,,,,,,,,,,,,,,,,,,,,,,,,,,,,,,,,,,,,,,,
3408845857,"May 6, 2020, 4:44:06 PM",Lunch Run,Run,,1965,7.9,,,FALSE,,HOKA Arahi 4,activities/3408845857.gpx,68,,1965,1965,7904.2,6.3,4.022,53.7,53.9,246.1,268.6,7.6,0,,,,,,,,,666,,,,,,,,,,,,,,,,0,,1,7972.4,,,,,,,,,,,,,,,,5775110,,,,,,,,,,,,,,,,,,,,,,,,,,,,,
3425559255,"May 9, 2020, 4:19:31 PM",Lunch Run,Run,,2080,7.99,,,FALSE,,HOKA Arahi 4,activities/3425559255.gpx,68,,2080,2077,7991.4,5.2,3.848,50.7,50.7,244.5,268.7,10,0,,,,,,,,,674,,,,,,,,,,,,,,,,0,,1,8063.2,,,,,,,,,,,,,,,,5775110,,,,,,,,,,,,,,,,,,,,,,,,,,,,,
3432124133,"May 10, 2020, 8:50:09 PM",Afternoon Run,Run,,2114,7.94,,,FALSE,,HOKA Arahi 4,activities/3432124133.gpx,68,,2114,2099,7947.4,4.9,3.786,34,34,236,255.1,3.9,0,,,,,,,,,667,,,,,,,,,,,,,,,,0,,1,7975.3,,,,,,,,,,,,,,,,5775110,,,,,,,,,,,,,,,,,,,,,,,,,,,,,
3436119365,"May 11, 2020, 7:18:22 PM",Running with Jay rollerblading ,Run,We passed Tony going the other direction.,2267,8.1,,,FALSE,,HOKA Arahi 4,activities/3436119365.gpx,68,,2267,2213,8100.8,6.3,3.661,37.8,37.8,226,249.9,3.3,0,,,,,,,,,679,,,,,,,,,,,,,,,,0,,1,8124.5,,,,,,,,,,,,,,,,5775110,,,,,,,,,,,,,,,,,,,,,,,,,,,,,
3445053082,"May 13, 2020, 3:30:52 PM",Morning Run,Run,,1452,5.4,,,FALSE,,HOKA Arahi 4,activities/3445053082.gpx,68,,1452,1446,5406.3,5.2,3.739,26.2,25.9,234.6,252.1,5.9,0,,,,,,,,,455,,,,,,,,,,,,,,,,0,,1,5437.7,,,,,,,,,,,,,,,,5775110,,,,,,,,,,,,,,,,,,,,,,,,,,,,,
3455666487,"May 15, 2020, 4:10:17 PM",Lunch Run,Run,,2405,9.2,,,FALSE,,HOKA Arahi 4,activities/3455666487.gpx,68,,2405,2405,9200.2,5.3,3.825,73.5,73.6,244.8,268.5,13,0,,,,,,,,,778,,,,,,,,,,,,,,,,0,,1,9308.6,,,,,,,,,,,,,,,,5775110,,,,,,,,,,,,,,,,,,,,,,,,,,,,,
3469849240,"May 17, 2020, 7:45:32 PM",Afternoon Run,Run,,34399,8.15,,,FALSE,,HOKA Arahi 4,activities/3469849240.gpx,68,,34399,2245,8151.3,4.7,3.631,32.7,32.4,227.6,240.1,18.9,0,,,,,,,,,686,,,,,,,,,,,,,,,,0,,1,8202.6,,,,,,,,,,,,,,,,5775110,,,,,,,,,,,,,,,,,,,,,,,,,,,,,
3474168678,"May 18, 2020, 10:28:06 PM",Afternoon Run,Run,,1859,6.57,,,FALSE,,HOKA Arahi 4,activities/3474168678.gpx,68,,1859,1779,6577.7,5.2,3.697,62.7,65.2,227.2,263,8.2,0,,,,,,,,,556,,,,,,,,,,,,,,,,0,,1,6648.3,,,,,,,,,,,,,,,,5775110,,,,,,,,,,,,,,,,,,,,,,,,,,,,,
3479290821,"May 19, 2020, 1:45:05 PM",Too much construction.,Ride,And my first 100+km ride.,25855,105.13,,,FALSE,,,activities/3479290821.gpx,68,,25855,20696,105136.5,10.3,5.08,386.2,385,217,271.2,14.1,0,,,,,,,,70,1609,,,,,,,,,,,,,,,,0,,1,,,,,,,,,,,,,,,,,,,,,,,,,,,,,,,,,,,,,,,,,,,,,,
3489821269,"May 21, 2020, 5:52:47 PM",Helping pace jack‚Äôs 3200 & warmups,Run,,2592,4.62,,,FALSE,,HOKA Arahi 4,activities/3489821269.gpx,68,,2592,1179,4628.2,7.8,3.926,18.3,22.4,217.6,223.5,42,-0.1,,,,,,,,,390,,,,,,,,,,,,,,,,0,,1,4661.6,,,,,,,,,,,,,,,,5775110,,,,,,,,,,,,,,,,,,,,,,,,,,,,,
3499451761,"May 23, 2020, 4:13:01 PM",Lunch Run,Run,,2355,7.75,,,FALSE,,HOKA Arahi 4,activities/3499451761.gpx,,,2355,1981,7755.3,5.2,3.915,41.4,37.9,218.7,252.3,9.6,0,,,,,,,,,653,,,,,,,,,,,,,,,,0,,1,7805.6,,,,,,,,,,,,,,,,5775110,,,,,,,,,,,,,,,,,,,,,,,,,,,,,
3506636550,"May 24, 2020, 9:17:39 PM",Afternoon Run,Run,,2805,9.7,,,FALSE,,HOKA Arahi 4,activities/3506636550.gpx,,,2805,2484,9707.7,5.9,3.908,22.4,21.7,217.5,239.1,12.3,0,,,,,,,,,817,,,,,,,,,,,,,,,,0,,1,9778.2,,,,,,,,,,,,,,,,5775110,,,,,,,,,,,,,,,,,,,,,,,,,,,,,
3522536861,"May 27, 2020, 8:40:45 PM",Forgot to resume my run again :(,Run,,1928,5.09,,,FALSE,,HOKA Arahi 4,activities/3522536861.gpx,,,1928,1357,5089.3,5.6,3.75,0,20.6,217.9,238.8,23.3,-0.4,,,,,,,,,423,,,,,,,,,,,,,,0,,0,,1,5063.5,,,,,,,,,,,,,,,,5775110,,,,,,,,,,,,,,,,,,,,,,,,,,,,,
3525278806,"May 28, 2020, 12:41:20 PM",Morning Run,Run,,1800,6.44,,,FALSE,,HOKA Arahi 4,activities/3525278806.gpx,,,1800,1675,6447.9,5,3.849,19.5,19.4,217.9,238.7,11.8,0,,,,,,,,,544,,,,,,,,,,,,,,,,0,,1,6508,,,,,,,,,,,,,,,,5775110,,,,,,,,,,,,,,,,,,,,,,,,,,,,,
3528316294,"May 26, 2020, 5:24:08 PM",Caught in the rain,Ride,,10219,34.39,,,FALSE,,,activities/3528316294.gpx,,,10219,7110,34392.8,10.5,4.837,138.6,138.6,217,249.9,14.7,0,,,,,,,,64,511,,,,,,,,,,,,,,,,0,,1,,,,,,,,,,,,,,,,,,,,,,,,,,,,,,,,,,,,,,,,,,,,,,
3543677915,"May 31, 2020, 6:03:18 PM",It is hawt ü•µ,Run,,2865,10.79,,,FALSE,,HOKA Arahi 4,activities/3543677915.gpx,,,2865,2850,10791.7,5.7,3.787,72.4,72.4,241.4,268.7,10.8,0,,,,,,,,,910,,,,,,,,,,,,,,,,0,,1,10879.7,,,,,,,,,,,,,,,,5775110,,,,,,,,,,,,,,,,,,,,,,,,,,,,,
3543741409,"May 30, 2020, 9:48:57 PM",Afternoon Walk,Walk,,4742,4.74,,,FALSE,,HOKA Arahi 4,#error#,,,4742,4711,4740.9,14.6,1.006,92.5,79.5,224.3,248.4,30.8,0.3,,,,,,,,,396,,,,,,,,,,,,,,,,0,,1,,,,,,,,,,,,,,,,,5775110,,,,,,,,,,,,,,,,,,,,,,,,,,,,,
3553068336,"Jun 2, 2020, 3:13:33 PM",Morning Run,Run,,1730,6.64,,,FALSE,,HOKA Arahi 4,activities/3553068336.gpx,,,1730,1727,6639.2,5.2,3.844,24.4,24.4,244.5,255,6.7,0,,,,,,,,,556,,,,,,,,,,,,,,,,0,,1,6655.3,,,,,,,,,,,,,,,,5775110,,,,,,,,,,,,,,,,,,,,,,,,,,,,,
3558283137,"Jun 3, 2020, 2:47:26 PM",Morning Run,Run,,2544,9.77,,,FALSE,,HOKA Arahi 4,activities/3558283137.gpx,,,2544,2510,9769.7,5.9,3.892,45.9,45.8,224.8,252.2,6.2,0,,,,,,,,,820,,,,,,,,,,,,,,,,0,,1,9814.8,,,,,,,,,,,,,,,,5775110,,,,,,,,,,,,,,,,,,,,,,,,,,,,,
3560870604,"Jun 3, 2020, 11:00:25 PM",Open water swimming with Tony. 2.5 miles,Swim,We started at the north end boat ramp and went to the beach and back. ,7200,"4,023",,,FALSE,,,,,,7200,7200,4023.4,,0.559,,,,,,0,,,,,,,,,,,,,,,,,,,,,,,0,,0,,0,,,,,,,,,,,,,,,,,,,,,,,,,,,,,,,,,,,,,,,,,,,,,,media/0EE3CB51-7637-4DC8-8203-280487F01CE3.jpg|media/C072FDAA-0FFD-4B9A-B261-CCB2348507D4.jpg
3563459842,"Jun 4, 2020, 2:48:33 PM",I stepped on a thumb tack. ü§ï ,Run,The thumb tack went through the bottom of my shoe and into my foot. It was not pleasant.,4904,9.9,,,FALSE,,HOKA Arahi 4,activities/3563459842.gpx,,,4904,2895,9899.8,6.9,3.42,122.1,122,215,248.6,47.8,0,,,,,,,,,875,,,,,,,,,,,,,,0,,0,,1,10470.2,,,,,,,,,,,,,,,,5775110,,,,,,,,,,,,,,,,,,,,,,,,,,,,,media/DAFC5E39-A65D-4C8B-958E-3236A890C92B.jpg
3569425478,"Jun 5, 2020, 7:20:35 PM",Swim with the boys.,Swim,We got 10 people from the swim team. We went from the Macbride beach to the spillway and back.,3338,"4,536",,,FALSE,,,#error#,,,3338,2924,4536.1,8.9,1.551,0,-0.1,216,218,9.5,0,,,,,,,,,380,,,,,,,,,,,,,,0,,0,,1,4540.2,,,,,,,,,,,,,,,,5775110,,,,,,,,,,,,,,,,,,,,,,,,,,,,,
3580795945,"Jun 8, 2020, 12:23:38 AM",Watching the boats. ,Walk,,2186,2.98,,,FALSE,,HOKA Arahi 4,activities/3580795945.gpx,,,2186,1999,2988.1,12.8,1.495,75.8,78,211.5,244,49,-0.1,,,,,,,,,250,,,,,,,,,,,,,,,,0,,1,,,,,,,,,,,,,,,,,5775110,,,,,,,,,,,,,,,,,,,,,,,,,,,,,
3583015098,"Jun 8, 2020, 2:42:10 PM",Morning Run,Run,,2378,9.29,,,FALSE,,HOKA Arahi 4,activities/3583015098.gpx,,,2378,2374,9289.7,5.5,3.913,50.3,50.3,229.8,252.4,5.1,0,,,,,,,,,780,,,,,,,,,,,,,,,,0,,1,9329.7,,,,,,,,,,,,,,,,5775110,,,,,,,,,,,,,,,,,,,,,,,,,,,,,
3588318888,"Jun 9, 2020, 3:08:23 PM",Morning Run,Run,,2482,8.06,,,FALSE,,HOKA Arahi 4,activities/3588318888.gpx,,,2482,2165,8064.6,5.8,3.725,41,41.1,219.3,252.6,6.1,0,,,,,,,,,678,,,,,,,,,,,,,,,,0,,1,8105.4,,,,,,,,,,,,,,,,5775110,,,,,,,,,,,,,,,,,,,,,,,,,,,,,
3593769925,"Jun 10, 2020, 4:10:44 PM",Lunch Run,Run,,2389,9.78,,,FALSE,,HOKA Arahi 4,activities/3593769925.gpx,,,2389,2332,9781.7,6.7,4.195,90.6,90.6,223.3,263,12.3,0,,,,,,,,,827,,,,,,,,,,,,,,,,0,,1,9898.5,,,,,,,,,,,,,,,,5775110,,,,,,,,,,,,,,,,,,,,,,,,,,,,,
3598433495,"Jun 11, 2020, 3:17:29 PM",Morgan Creek,Run,,2471,8.4,,,FALSE,,HOKA Arahi 4,activities/3598433495.gpx,,,2471,2384,8404.9,6.3,3.526,78.4,82,224.6,242,20.7,0,,,,,,,,,716,,,,,,,,,,,,,,,,0,,1,8565.5,,,,,,,,,,,,,,,,5775110,,,,,,,,,,,,,,,,,,,,,,,,,,,,,
3603079284,"Jun 12, 2020, 2:19:29 PM",Morning Run,Run,,2312,9.02,,,FALSE,,HOKA Arahi 4,activities/3603079284.gpx,,,2312,2312,9028.9,5.7,3.905,44.6,44.6,224.5,249.6,4.8,0,,,,,,,,,758,,,,,,,,,,,,,,,,0,,1,9064.1,,,,,,,,,,,,,,,,5775110,,,,,,,,,,,,,,,,,,,,,,,,,,,,,
3629581553,"Jun 17, 2020, 3:49:21 PM",I should‚Äôve ran earlier. It‚Äôs too hottt,Run,,2760,10.83,,,FALSE,,HOKA Arahi 4,activities/3629581553.gpx,,,2760,2757,10834.7,5.5,3.93,54.1,54.2,239.6,255.3,10.2,0,,,,,,,,,911,,,,,,,,,,,,,,,,0,,1,10895.7,,,,,,,,,,,,,,,,5775110,,,,,,,,,,,,,,,,,,,,,,,,,,,,,
3631428809,"Jun 17, 2020, 9:59:11 PM",Exploring Squire Point,Walk,,4933,5.36,,,FALSE,,HOKA Arahi 4,activities/3631428809.gpx,,,4933,4175,5363.3,3.7,1.285,112.6,110.4,212.1,246.9,48.7,0,,,,,,,,,448,,,,,,,,,,,,,,,,0,,1,,,,,,,,,,,,,,,,,5775110,,,,,,,,,,,,,,,,,,,,,,,,,,,,,
3634131931,"Jun 18, 2020, 2:17:54 PM",Chill day üßä ,Walk,,2556,9.09,,,FALSE,,HOKA Arahi 4,activities/3634131931.gpx,,,2556,2556,9097.3,6.4,3.559,108,108,219.6,267,13.5,0,,,,,,,,,761,,,,,,,,,,,,,,,,0,,1,,,,,,,,,,,,,,,,,5775110,,,,,,,,,,,,,,,,,,,,,,,,,,,,,
3639988443,"Jun 19, 2020, 7:16:48 PM",Fishery + Sac and Fox Trail,Run,,3033,8.36,,,FALSE,,HOKA Arahi 4,activities/3639988443.gpx,,,3033,2301,8363.7,10.5,3.635,5.1,5.1,214.3,219.5,4,0,,,,,,,,,700,,,,,,,,,,,,,,,,0,,1,8378.4,,,,,,,,,,,,,,,,5775110,,,,,,,,,,,,,,,,,,,,,,,,,,,,,
3645751361,"Jun 20, 2020, 8:41:21 PM",Morgan Creek and üçí Hill,Run,,3471,11.79,,,FALSE,,HOKA Arahi 4,activities/3645751361.gpx,,,3471,3221,11789.7,8,3.66,99.8,99.7,224.6,262.1,11.3,0,,,,,,,,,998,,,,,,,,,,,,,,,,0,,1,11932.5,,,,,,,,,,,,,,,,5775110,,,,,,,,,,,,,,,,,,,,,,,,,,,,,
3655042452,"Jun 22, 2020, 6:01:44 PM",Rain is basically engine coolant for runners,Run,Didn‚Äôt bring my phone on this one. Too wet.,2540,9.65,,,FALSE,,HOKA Arahi 4,,,,2540,2540,9656.1,,3.802,,,,,,0,,,,,,,,,807,,,,,,,,,,,,,,,,0,,0,,,,,,,,,,,,,,,,,5775110,,,,,,,,,,,,,,,,,,,,,,,,,,,,,media/F0834838-F2F1-4F16-AFAE-906E57331890.jpg
3662059779,"Jun 24, 2020, 1:51:07 AM",Night run with Carlo and Jack,Run,,3730,13.08,,,FALSE,,HOKA Arahi 4,activities/3662059779.gpx,,,3730,3696,13085.7,6.6,3.541,77.6,79,239.6,267.2,15.9,0,,,,,,,,,1106,,,,,,,,,,,,,,,,0,,1,13231,,,,,,,,,,,,,,,,5775110,,,,,,,,,,,,,,,,,,,,,,,,,,,,,
3670249045,"Jun 24, 2020, 3:36:30 PM",Morning Run,Run,,95688,8.75,,,FALSE,,HOKA Arahi 4,activities/3670249045.gpx,,,95688,2053,8758.9,6.1,4.266,47,46.7,218.3,252.4,6.7,0,,,,,,,,,736,,,,,,,,,,,,,,,,0,,1,8807.3,,,,,,,,,,,,,,,,5775110,,,,,,,,,,,,,,,,,,,,,,,,,,,,,
3670481321,"Jun 25, 2020, 6:12:42 PM",Afternoon Run,Run,,2457,8.98,,,FALSE,,HOKA Arahi 4,activities/3670481321.gpx,,,2457,2401,8984.7,6.1,3.742,26.5,26,217.6,239.3,12.7,0,,,,,,,,,757,,,,,,,,,,,,,,,,0,,1,9052,,,,,,,,,,,,,,,,5775110,,,,,,,,,,,,,,,,,,,,,,,,,,,,,
3675671117,"Jun 26, 2020, 9:05:59 PM",I forgot to stop the run after I finished.,Run,so the pace is inaccurate.,3530,10.87,,,FALSE,,HOKA Arahi 4,activities/3675671117.gpx,,,3530,3371,10870.9,7.5,3.225,97.8,97.6,219.3,263,9.3,0,,,,,,,,,919,,,,,,,,,,,,,,,,0,,1,10997.8,,,,,,,,,,,,,,,,5775110,,,,,,,,,,,,,,,,,,,,,,,,,,,,,
3689061613,"Jun 29, 2020, 3:16:27 PM",Heat index of 97 degrees ,Run,,8285,12.89,,,FALSE,,HOKA Arahi 4,activities/3689061613.gpx,,,8285,3712,12893.2,11.1,3.473,55.4,55.8,217.5,239.5,13.4,0,,,,,,,,,1087,,,,,,,,,,,,,,,,0,,1,13004.9,,,,,,,,,,,,,,,,5775110,,,,,,,,,,,,,,,,,,,,,,,,,,,,,
3692727646,"Jun 30, 2020, 12:39:04 PM",Morning Run,Run,,3571,9.83,,,FALSE,,HOKA Arahi 4,activities/3692727646.gpx,,,3571,2801,9834,8.1,3.511,61.3,60.5,242.1,255.3,11.2,0,,,,,,,,,828,,,,,,,,,,,,,,,,0,,1,9902.5,,,,,,,,,,,,,,,,5775110,,,,,,,,,,,,,,,,,,,,,,,,,,,,,
3700861489,"Jul 2, 2020, 1:06:32 AM",Track workout,Run,,6893,11.62,,,FALSE,,HOKA Arahi 4,activities/3700861489.gpx,,,6893,4082,11624.4,9.1,2.848,34.2,34.1,240.1,255.1,28.9,0,,,,,,,,,978,,,,,,,,,,,,,,,,0,,1,11703.5,,,,,,,,,,,,,,,,5775110,,,,,,,,,,,,,,,,,,,,,,,,,,,,,
3708087793,"Jul 3, 2020, 4:01:17 PM",Had to cut it short. It‚Äôs too hot.,Run,Running the rest later tonight .,1933,5.96,,,FALSE,,HOKA Arahi 4,activities/3708087793.gpx,,,1933,1612,5963.4,5,3.699,35.5,34.3,240.1,268.5,10.4,0,,,,,,,,,504,,,,,,,,,,,,,,,,0,,1,6028,,,,,,,,,,,,,,,,5775110,,,,,,,,,,,,,,,,,,,,,,,,,,,,,
3713206798,"Jul 4, 2020, 3:54:56 PM",With jack,Run,,3013,11.4,,,FALSE,,HOKA Arahi 4,activities/3713206798.gpx,,,3013,3013,11406.8,5.4,3.786,74.7,47,224.5,252.3,10.4,0.2,,,,,,,,,964,,,,,,,,,,,,,,,,0,,1,11530.5,,,,,,,,,,,,,,,,5775110,,,,,,,,,,,,,,,,,,,,,,,,,,,,,
3713554491,"Jul 4, 2020, 4:55:06 PM",Finishing up Jack‚Äôs mileage,Ride,,4104,9.96,,,FALSE,,,activities/3713554491.gpx,,,4104,2591,9968,6.6,3.847,33.4,59.8,221.2,252.1,16,-0.3,,,,,,,,35,101,,,,,,,,,,,,,,,,0,,1,,,,,,,,,,,,,,,,,,,,,,,,,,,,,,,,,,,,,,,,,,,,,,
3724791888,"Jul 7, 2020, 1:38:28 AM",Evening Run,Run,,2935,8.52,,,FALSE,,HOKA Arahi 4,activities/3724791888.gpx,,,2935,2396,8519.3,9.2,3.556,41.7,40.1,240.1,268.5,14.7,0,,,,,,,,,720,,,,,,,,,,,,,,,,0,,1,8612.5,,,,,,,,,,,,,,,,5775110,,,,,,,,,,,,,,,,,,,,,,,,,,,,,
3727064920,"Jul 7, 2020, 1:42:40 PM",Morning Run,Run,,4369,13.14,,,FALSE,,HOKA Arahi 4,activities/3727064920.gpx,,,4369,3674,13143.6,5.8,3.577,13.8,13.6,213,221.2,18.3,0,,,,,,,,,1102,,,,,,,,,,,,,,,,0,,1,13178.5,,,,,,,,,,,,,,,,5775110,,,,,,,,,,,,,,,,,,,,,,,,,,,,,
3734711886,"Jul 9, 2020, 2:08:17 AM",Pitch black,Run,,4247,14.74,,,FALSE,,HOKA Arahi 4,activities/3734711886.gpx,,,4247,3733,14743.6,7.1,3.95,77.3,77.1,221.2,249.6,5.2,0,,,,,,,,,1238,,,,,,,,,,,,,,0,,0,,1,14812.8,,,,,,,,,,,,,,,,5775110,,,,,,,,,,,,,,,,,,,,,,,,,,,,,
3742413788,"Jul 10, 2020, 5:57:49 PM",Felt a bit weird today and yesterday ,Run,,3163,11.27,,,FALSE,,HOKA Arahi 4,activities/3742413788.gpx,,,3163,3085,11277.7,5.8,3.656,78,78,231.5,268,9.8,0,,,,,,,,,953,,,,,,,,,,,,,,,,0,,1,11397.8,,,,,,,,,,,,,,,,5775110,,,,,,,,,,,,,,,,,,,,,,,,,,,,,
3752256544,"Jul 12, 2020, 3:16:08 PM",Paha hill workout,Run,,3830,10.29,,,FALSE,,HOKA Arahi 4,activities/3752256544.gpx,,,3830,2701,10293.8,6.5,3.811,96.5,96.1,240.9,268.7,18.5,0,,,,,,,,,874,,,,,,,,,,,,,,,,0,,1,10449.7,,,,,,,,,,,,,,,,5775110,,,,,,,,,,,,,,,,,,,,,,,,,,,,,
3756517901,"Jul 13, 2020, 3:34:52 PM",1st half,Run,,1468,5.77,,,FALSE,,HOKA Arahi 4,activities/3756517901.gpx,,,1468,1468,5770.8,5.8,3.931,31.7,31.8,224.4,252.5,4.9,0,,,,,,,,,485,,,,,,,,,,,,,,,,0,,1,5799.5,,,,,,,,,,,,,,,,5775110,,,,,,,,,,,,,,,,,,,,,,,,,,,,,
3761640476,"Jul 14, 2020, 2:11:14 AM",Gateway to the Sketch,Run,Probably almost got attacked by some spooky creature. Jack and I both got weird vibes and turned back early.,51189,6.45,,,FALSE,,HOKA Arahi 4,activities/3761640476.gpx,,,51189,1836,6457.3,6.6,3.517,35.2,34.4,235.3,250.6,8.6,0,,,,,,,,,543,,,,,,,,,,,,,,0,,0,,1,6493.3,,,,,,,,,,,,,,,,5775110,,,,,,,,,,,,,,,,,,,,,,,,,,,,,
3761843922,"Jul 14, 2020, 4:27:31 PM",Lunch Run,Run,,1968,7.34,,,FALSE,,HOKA Arahi 4,activities/3761843922.gpx,,,1968,1928,7348.8,5.5,3.812,24.4,24.4,240.1,254.4,8.1,0,,,,,,,,,618,,,,,,,,,,,,,,,,0,,1,7393,,,,,,,,,,,,,,,,5775110,,,,,,,,,,,,,,,,,,,,,,,,,,,,,
3768966628,"Jul 16, 2020, 1:18:40 AM",Long Run,Run,Beautiful view of the countryside. Gravels.,3397,14.49,186,135,FALSE,,HOKA Arahi 4,activities/4027276282.fit.gz,,,3397,3394,14495.5,5.6,4.271,124.4,136,223.9,254.7,27.3,-0.1,,,89,81,,164,,,871,,,135,,,,,,,,,,,0,,0,,1,14656.9,,,,,,,,,,,,,,,,5775110,,,,,,,,,,,,,,,,,,,,,,,,,,,,,
3772991794,"Jul 16, 2020, 9:11:45 PM",Afternoon Run,Run,,2965,11.28,179,91,FALSE,,HOKA Arahi 4,activities/4031751750.fit.gz,,,2965,2925,11279.1,5.3,3.856,68.5,68.7,218.3,252.4,7.9,0,,,83,79,,158,,,730,,,91,,,,,,,,,,,,,0,,1,11363.7,,,,,,,,,,,,,,,,5775110,,,,,,,,,,,,,,,,,,,,,,,,,,,,,
3782079253,"Jul 18, 2020, 2:35:57 PM",Morning Run,Run,,2844,6.37,178,35,FALSE,,HOKA Arahi 4,activities/4042000015.fit.gz,,,2844,1774,6374.8,5.9,3.593,65.4,68.4,247.3,265,16,0,,,119,79,,148,,,400,,,35,,,,,,,,,,,,,0,,1,6484.4,,,,,,,,,,,,,,,,5775110,,,,,,,,,,,,,,,,,,,,,,,,,,,,,
3787083503,"Jul 19, 2020, 12:10:06 PM",Riding alongside Carlo and Ryan for their long run ,Ride,,7076,24.52,145,17,FALSE,,,activities/4047558755.fit.gz,,,7076,6198,24525.4,9.1,3.957,228.9,229.2,218.7,263,31.6,0,,,,,,103,,49,556,,,17,,,,,,,,,,,0,,0,,1,,,,,,,,,,,,,,,,,,,,,,,,,,,,,,,,,,,,,,,,,,,,,,
3790617223,"Jul 20, 2020, 1:20:00 PM",Summer Practice #1 ,Run,Felt awesome to see all of my teammates. One big family.,3296,11.45,167,71,FALSE,,HOKA Arahi 4,activities/4051562400.fit.gz,,,3296,3293,11458,4.9,3.48,109,109.2,227.4,268,10.5,0,,,82,79,,149,,,707,,,71,,,,,,,,,,,0,,0,,1,11606.9,,,,,,,,,,,,,,,,5775110,,,,,,,,,,,,,,,,,,,,,,,,,,,,,
3798678014,"Jul 22, 2020, 12:14:02 AM",Ultimate Frisbee with the Jeff kids ,Run,The map looks like something I would draw in preschool.,4100,5.64,181,73,FALSE,,HOKA Arahi 4,activities/4060508779.fit.gz,,,4100,2671,5641.6,7,2.112,0,-0.2,252.3,253.5,3.9,0,,,118,71,,160,,,671,,,73,,,,,,,,,,,0,,0,,1,5655.2,,,,,,,,,,,,,,,,5775110,,,,,,,,,,,,,,,,,,,,,,,,,,,,,
3798679014,"Jul 22, 2020, 1:37:07 AM",Finishing up mileage,Run,,2077,6.72,171,36,FALSE,,HOKA Arahi 4,activities/4060509966.fit.gz,,,2077,2075,6723.3,4,3.24,52,51.6,253.3,270.1,7.9,0,,,82,78,,147,,,434,,,36,,,,,,,,,,,0,,0,,1,6794.1,,,,,,,,,,,,,,,,5775110,,,,,,,,,,,,,,,,,,,,,,,,,,,,,
3800961340,"Jul 22, 2020, 1:08:39 PM",Morning Run,Run,,3685,14.97,189,193,FALSE,,HOKA Arahi 4,activities/4063083912.fit.gz,,,3685,3684,14971.5,5.7,4.064,84.8,84.1,235.3,255.7,9.1,0,,,86,81,,172,,,996,,,193,,,,,,,,,,,,,0,,1,15050.5,,,,,,,,,,,,,,,,5775110,,,,,,,,,,,,,,,,,,,,,,,,,,,,,
3818084484,"Jul 23, 2020, 1:09:19 PM",Morning Run,Run,,3181,11.27,186,59,FALSE,,HOKA Arahi 4,activities/4082838659.fit.gz,,,3181,3163,11271.4,4.7,3.564,84.1,84.6,223.8,263,7.2,0,,,84,79,,148,,,685,,,59,,,,,,,,,,,,,0,,1,11383.1,,,,,,,,,,,,,,,,5775110,,,,,,,,,,,,,,,,,,,,,,,,,,,,,
3821278236,"Jul 27, 2020, 1:09:28 PM",Morning Run,Run,,3547,12.87,,,FALSE,,HOKA Arahi 4,#error#,,,3547,3538,12877.7,4.6,3.64,99,96,232.4,266.8,34,0,,,,,,,,,1093,,,,,,,,,,,,,,,,0,,1,13075,,,,,,,,,,,,,,,,5775110,,,,,,,,,,,,,,,,,,,,,,,,,,,,,
3821314828,"Jul 24, 2020, 1:13:58 PM",Morning Run,Run,,4737,12.35,168,83,FALSE,,HOKA Arahi 4,activities/4086663144.fit.gz,,,4737,3660,12356.6,7.3,3.376,139.9,139.2,244,268.4,12.6,0,,,100,79,,150,,,798,,,83,,,,,,,,,,,,,0,,1,12554.8,,,,,,,,,,,,,,,,5775110,,,,,,,,,,,,,,,,,,,,,,,,,,,,,
3821317744,"Jul 26, 2020, 2:31:30 PM",Morning Run,Run,,1426,5.36,172,29,FALSE,,HOKA Arahi 4,activities/4086666997.fit.gz,,,1426,1426,5363.5,6,3.761,33.2,33.2,233,252.3,9.1,0,,,84,79,,148,,,320,,,29,,,,,,,,,,,,,0,,1,5404,,,,,,,,,,,,,,,,5775110,,,,,,,,,,,,,,,,,,,,,,,,,,,,,
3827193968,"Jul 28, 2020, 1:17:46 PM",Morning Run,Run,,3807,13.74,175,98,FALSE,,HOKA Arahi 4,activities/4093470942.fit.gz,,,3807,3762,13742.3,5.3,3.653,84.2,83.3,223.8,263,7.5,0,,,83,79,,153,,,871,,,98,,,,,,,,,,,,,0,,1,13858,,,,,,,,,,,,,,,,5775110,,,,,,,,,,,,,,,,,,,,,,,,,,,,,
3834492869,"Jul 29, 2020, 1:12:21 PM",Morning Run,Run,,3813,14.56,182,163,FALSE,,HOKA Arahi 4,activities/4101745722.fit.gz,,,3813,3678,14568.6,5.2,3.961,97.4,97.1,235.3,255.7,6.1,0,,,85,80,,166,,,962,,,163,,,,,,,,,,,,,0,,1,14650,,,,,,,,,,,,,,,,5775110,,,,,,,,,,,,,,,,,,,,,,,,,,,,,
3838807254,"Jul 30, 2020, 1:14:10 PM",Introducing a new route: The Snake,Run,It‚Äôs just a zig zag pattern through the 66th Ave Neighborhood.,3970,13.49,171,79,FALSE,,HOKA Arahi 4,activities/4106609540.fit.gz,,,3970,3799,13489.4,4.6,3.551,110.2,109.6,223.8,263,11.3,0,,,84,79,,150,,,824,,,79,,,,,,,,,,,0,,0,,1,13639.4,,,,,,,,,,,,,,,,5775110,,,,,,,,,,,,,,,,,,,,,,,,,,,,,
3843498483,"Jul 31, 2020, 1:15:14 PM",Morning Run,Run,,3794,13.71,187,91,FALSE,,HOKA Arahi 4,activities/4111948860.fit.gz,,,3794,3648,13709.6,7.7,3.758,65.4,66.2,240.4,260.7,10.9,0,,,107,81,,152,,,812,,,91,,,,,,,,,,,,,0,,1,13783.5,,,,,,,,,,,,,,,,5775110,,,,,,,,,,,,,,,,,,,,,,,,,,,,,
3850852769,"Aug 1, 2020, 11:22:30 PM",Evening Run,Run,,851,3.48,169,21,FALSE,,HOKA Arahi 4,activities/4120178072.fit.gz,,,851,851,3481.1,6.9,4.091,19,17.3,240.9,256.4,7.1,0,,,96,81,,154,,,205,,,21,,,,,,,,,,,,,0,,1,3504.5,,,,,,,,,,,,,,,,5775110,,,,,,,,,,,,,,,,,,,,,,,,,,,,,
3850853551,"Aug 1, 2020, 11:55:59 PM",Evening Run,Run,,1816,3.22,174,23,FALSE,,HOKA Arahi 4,activities/4120178893.fit.gz,,,1816,1399,3227.2,7.3,2.307,0,-0.1,248.8,250.1,6.7,0,,,118,70,,143,,,360,,,23,,,,,,,,,,,,,0,,1,3235.7,,,,,,,,,,,,,,,,5775110,,,,,,,,,,,,,,,,,,,,,,,,,,,,,
3853500566,"Aug 2, 2020, 1:04:35 PM",Morning Run,Run,,1617,6.53,166,29,FALSE,,HOKA Arahi 4,activities/4123073332.fit.gz,,,1617,1615,6535.8,5.6,4.047,32.1,32,243.6,255.1,5.8,0,,,83,81,,145,,,353,,,29,,,,,,,,,,,,,0,,1,6566.3,,,,,,,,,,,,,,,,5775110,,,,,,,,,,,,,,,,,,,,,,,,,,,,,
3859591436,"Aug 3, 2020, 1:45:55 PM",Morning Run,Run,,4264,15.02,168,65,FALSE,,HOKA Arahi 4,activities/4129811192.fit.gz,,,4264,3922,15027.3,7.1,3.832,130.1,124.5,227.4,268,20.2,0,,,109,81,,146,,,810,,,65,,,,,,,,,,,,,0,,1,15227.9,,,,,,,,,,,,,,,,5775110,,,,,,,,,,,,,,,,,,,,,,,,,,,,,
3863226983,"Aug 4, 2020, 1:28:39 PM",Morning Run,Run,,3727,13.18,149,16,FALSE,,HOKA Arahi 4,activities/4133840552.fit.gz,,,3727,3714,13181.7,4.5,3.549,88.5,88.1,231.5,268,9.9,0,,,83,79,,129,,,563,,,16,,,,,,,,,,,,,0,,1,13313.9,,,,,,,,,,,,,,,,5775110,,,,,,,,,,,,,,,,,,,,,,,,,,,,,
3868317805,"Aug 5, 2020, 1:19:57 PM",Morning Run,Run,,3932,16.9,192,153,FALSE,,HOKA Arahi 4,activities/4139421481.fit.gz,,,3932,3932,16906.9,6.4,4.3,121.8,122.7,219.3,263,9.5,0,,,96,83,,164,,,1036,,,153,,,,,,,,,,,,,0,,1,17050.9,,,,,,,,,,,,,,,,5775110,,,,,,,,,,,,,,,,,,,,,,,,,,,,,
3873278044,"Aug 6, 2020, 1:11:02 PM",Morning Ride,Ride,,2977,12.31,135,6,FALSE,,,activities/4144839333.fit.gz,,,2977,2609,12317,9.9,4.721,61.5,81.3,224.5,264.1,11.9,-0.2,,,,,,100,,48,243,,,6,,,,,,,,,,,,,0,,1,,,,,,,,,,,,,,,,,,,,,,,,,,,,,,,,,,,,,,,,,,,,,,
3873632612,"Aug 6, 2020, 2:06:57 PM",Morning Run,Run,,1300,4.86,155,4,FALSE,,HOKA Arahi 4,activities/4145227471.fit.gz,,,1300,1293,4863.4,6,3.761,55.2,51.4,222.9,240.8,14.4,0.1,,,86,80,,111,,,163,,,4,,,,,,,,,,,,,0,,1,4965.7,,,,,,,,,,,,,,,,5775110,,,,,,,,,,,,,,,,,,,,,,,,,,,,,
3873634430,"Aug 6, 2020, 2:47:29 PM",Morning Ride,Ride,,1961,12.65,142,7,FALSE,,,activities/4145229578.fit.gz,,,1961,1961,12657.7,11.7,6.455,80.2,59.9,224.4,264.1,7,0.2,,,,,,118,,89,277,,,7,,,,,,,,,,,,,0,,1,,,,,,,,,,,,,,,,,,,,,,,,,,,,,,,,,,,,,,,,,,,,,,
3878304448,"Aug 7, 2020, 1:22:18 PM",Warm up,Run,,554,1.91,134,2,FALSE,,HOKA Arahi 4,activities/4150343137.fit.gz,,,554,554,1914.8,4.5,3.456,8.9,13.3,241.9,254.4,3.8,-0.2,,,83,78,,125,,,96,,,2,,,,,,,,,,,0,,0,,1,1917.2,,,,,,,,,,,,,,,,5775110,,,,,,,,,,,,,,,,,,,,,,,,,,,,,
3878305297,"Aug 7, 2020, 1:40:06 PM",Smooth 2 mile tempo,Run,,648,3.22,129,2,FALSE,,HOKA Arahi 4,activities/4150344037.fit.gz,,,648,648,3224.9,5.9,4.977,0,0,241.6,241.8,0.5,0,,,94,86,,116,,,94,,,2,,,,,,,,,,,0,,0,,1,3225.9,,,,,,,,,,,,,,,,5775110,,,,,,,,,,,,,,,,,,,,,,,,,,,,,
3878306717,"Aug 7, 2020, 1:59:19 PM",Speed work,Run,,1289,3.89,169,14,FALSE,,HOKA Arahi 4,activities/4150345594.fit.gz,,,1289,982,3895.5,8.1,3.967,0,0,241.6,241.8,0.9,0,,,112,81,,140,,,214,,,14,,,,,,,,,,,0,,0,,1,3896.7,,,,,,,,,,,,,,,,5775110,,,,,,,,,,,,,,,,,,,,,,,,,,,,,
3878307934,"Aug 7, 2020, 2:26:25 PM",Cooldown,Run,,1115,3.74,177,36,FALSE,,HOKA Arahi 4,activities/4150346979.fit.gz,,,1115,1115,3743,3.8,3.357,21.4,16.3,241.9,256.4,9,0.1,,,112,79,,159,,,291,,,36,,,,,,,,,,,0,,0,,1,3771.8,,,,,,,,,,,,,,,,5775110,,,,,,,,,,,,,,,,,,,,,,,,,,,,,
3883468746,"Aug 8, 2020, 3:45:17 PM",Testing my watch for swimming ,Swim,,381,412,90,0,FALSE,,,activities/4155992734.fit.gz,,,381,381,411.5,6.5,1.08,0,0,243,246.3,16.8,0,,,97,62,,80,,,25,,,0,,,,,,,,,,,0,,0,,1,435.6,,,,,,,,,,,,,,,,,,,,,,,,,,,,,,,,,,,,,,,,,,,,,
3889277633,"Aug 9, 2020, 5:25:16 PM",Lunch Run,Run,,2120,8.06,175,56,FALSE,,HOKA Arahi 4,activities/4162385643.fit.gz,,,2120,2092,8062.3,5.7,3.854,32.6,33.8,247.1,255.1,4.7,0,,,83,80,,154,,,499,,,56,,,,,,,,,,,,,0,,1,8099.9,,,,,,,,,,,,,,,,5775110,,,,,,,,,,,,,,,,,,,,,,,,,,,,,
3892822164,"Aug 10, 2020, 1:33:18 PM",Morning Run,Run,,5235,14.48,185,94,FALSE,,HOKA Arahi 4,activities/4166322391.fit.gz,,,5235,3777,14487.1,7.2,3.836,101.4,101.5,245.4,260.7,9.2,0,,,99,81,,154,,,873,,,94,,,,,,,,,,,,,0,,1,14627.8,,,,,,,,,,,,,,,,5775110,,,,,,,,,,,,,,,,,,,,,,,,,,,,,
3905260538,"Aug 12, 2020, 11:20:34 PM",Evening Run,Run,,4212,16.17,167,108,FALSE,,HOKA Arahi 4,activities/4179827069.fit.gz,,,4212,4185,16170,6.2,3.864,98.5,98.6,235.3,255.7,5.3,0,,,82,80,,152,,,912,,,108,,,,,,,,,,,,,0,,1,16260.6,,,,,,,,,,,,,,,,5775110,,,,,,,,,,,,,,,,,,,,,,,,,,,,,
3907211122,"Aug 13, 2020, 1:12:21 PM",Morning Run,Run,,2944,10.13,164,36,FALSE,,HOKA Arahi 4,activities/4181936272.fit.gz,,,2944,2940,10136.5,4.3,3.448,87.7,90.1,223.8,268,10.3,0,,,83,79,,142,,,590,,,36,,,,,,,,,,,,,0,,1,10269.9,,,,,,,,,,,,,,,,5775110,,,,,,,,,,,,,,,,,,,,,,,,,,,,,
3914219470,"Aug 15, 2020, 1:11:05 AM",Evening Run,Run,,3836,13.36,170,45,FALSE,,HOKA Arahi 4,activities/4189600340.fit.gz,,,3836,3829,13368.1,4.3,3.491,87.8,88.2,240.1,268.1,12.3,0,,,87,79,,142,,,693,,,45,,,,,,,,,,,,,0,,1,13493.3,,,,,,,,,,,,,,,,5775110,,,,,,,,,,,,,,,,,,,,,,,,,,,,,
3922083123,"Aug 16, 2020, 1:54:03 PM",Not super happy with this one. ,Run,"Everything felt good until mile 8, where my legs turned to bricks and I rolled my ankle. I decided to take it back easier.",4369,17.71,186,162,FALSE,,HOKA Arahi 4,activities/4198127888.fit.gz,,,4369,4141,17710.8,5.6,4.277,119.2,117.9,236.1,255.7,12.9,0,,,88,82,,164,,,1044,,,162,,,,,,,,,,,0,,0,,1,17836,,,,,,,,,,,,,,,,5775110,,,,,,,,,,,,,,,,,,,,,,,,,,,,,
3926537521,"Aug 17, 2020, 1:46:14 PM",Morning Run,Run,,4494,13.35,,,FALSE,,HOKA Arahi 4,#error#,,,4494,3505,13358.8,6.9,3.811,28,30,222.6,246.2,28.3,0,,,,,,,,,1124,,,,,,,,,,,,,,,,0,,1,13450.3,,,,,,,,,,,,,,,,5775110,,,,,,,,,,,,,,,,,,,,,,,,,,,,,
3932570902,"Aug 18, 2020, 1:30:03 PM",Morning Run,Run,,3579,12.88,165,40,FALSE,,HOKA Arahi 4,activities/4209605871.fit.gz,,,3579,3579,12886.2,4.4,3.601,44.6,44.5,240.1,256.4,11.2,0,,,88,80,,140,,,687,,,40,,,,,,,,,,,,,0,,1,12963,,,,,,,,,,,,,,,,5775110,,,,,,,,,,,,,,,,,,,,,,,,,,,,,
3937716846,"Aug 19, 2020, 1:30:34 PM",Morning Run,Run,,4160,12.34,160,70,FALSE,,HOKA Arahi 4,activities/4215115536.fit.gz,,,4160,3466,12343.5,7.1,3.561,139.4,138.9,241.2,268.4,12.5,0,,,103,80,,147,,,743,,,70,,,,,,,,,,,,,0,,1,12579.9,,,,,,,,,,,,,,,,5775110,,,,,,,,,,,,,,,,,,,,,,,,,,,,,
3940842749,"Aug 20, 2020, 1:33:57 PM",Morning Run,Run,,3529,12.87,166,63,FALSE,,HOKA Arahi 4,activities/4218463508.fit.gz,,,3529,3479,12875.3,5.5,3.701,37.6,37.4,240.1,254.4,9.4,0,,,87,80,,147,,,727,,,63,,,,,,,,,,,,,0,,1,12940.5,,,,,,,,,,,,,,,,5775110,,,,,,,,,,,,,,,,,,,,,,,,,,,,,
3945509769,"Aug 21, 2020, 1:41:43 PM",Morning Run,Run,,3992,13.09,,,FALSE,,HOKA Arahi 4,#error#,,,3992,3853,13089.6,7.7,3.397,51,51,240.4,259.4,28.1,0,,,,,,,,,1101,,,,,,,,,,,,,,,,0,,1,13169.8,,,,,,,,,,,,,,,,5775110,,,,,,,,,,,,,,,,,,,,,,,,,,,,,
3946566274,"Aug 21, 2020, 2:30:16 AM",Night Run,Run,,1768,6.44,159,14,FALSE,,HOKA Arahi 4,activities/4224602832.fit.gz,,,1768,1768,6442.1,4.4,3.644,29.2,29,247.1,255.3,5.9,0,,,81,78,,137,,,347,,,14,,,,,,,,,,,,,0,,1,6471.9,,,,,,,,,,,,,,,,5775110,,,,,,,,,,,,,,,,,,,,,,,,,,,,,
3950084046,"Aug 22, 2020, 2:30:44 PM",Morning Run,Run,,3201,8.89,174,34,FALSE,,HOKA Arahi 4,activities/4228377514.fit.gz,,,3201,2600,8889.6,4.5,3.419,46.5,49.1,237.9,254.7,12.8,0,,,99,80,,142,,,532,,,34,,,,,,,,,,,,,0,,1,8959.5,,,,,,,,,,,,,,,,5775110,,,,,,,,,,,,,,,,,,,,,,,,,,,,,
3950084375,"Aug 22, 2020, 1:29:30 PM",Morning Run,Run,,244,0.83,160,2,FALSE,,HOKA Arahi 4,activities/4228378051.fit.gz,,,244,244,834.4,4,3.42,0,5.1,241.9,247.2,3.8,-0.6,,,80,79,,136,,,50,,,2,,,,,,,,,,,,,0,,1,826.4,,,,,,,,,,,,,,,,5775110,,,,,,,,,,,,,,,,,,,,,,,,,,,,,
3950085608,"Aug 22, 2020, 1:37:26 PM",Morning Run,Run,,1119,3.21,162,7,FALSE,,HOKA Arahi 4,activities/4228379341.fit.gz,,,1119,1001,3209.3,4.2,3.206,20,14.3,241.9,254.4,14.3,0.2,,,82,79,,136,,,201,,,7,,,,,,,,,,,,,0,,1,3251.6,,,,,,,,,,,,,,,,5775110,,,,,,,,,,,,,,,,,,,,,,,,,,,,,
3950086342,"Aug 22, 2020, 2:04:52 PM",Morning Run,Run,,627,3.2,188,15,FALSE,,HOKA Arahi 4,activities/4228380235.fit.gz,,,627,627,3207,7.3,5.115,19.9,18.6,244.9,254.4,8.8,0,,,99,86,,151,,,152,,,15,,,,,,,,,,,,,0,,1,3250.8,,,,,,,,,,,,,,,,5775110,,,,,,,,,,,,,,,,,,,,,,,,,,,,,
3958933959,"Aug 24, 2020, 11:53:27 AM",Morning Run,Run,,5077,14.47,197,95,FALSE,,HOKA Arahi 4,activities/4237865371.fit.gz,,,5077,3732,14476.2,7.1,3.879,31.8,32.9,240.3,255.1,12.1,0,,,99,82,,154,,,872,,,95,,,,,,,,,,,,,0,,1,14544.3,,,,,,,,,,,,,,,,5775110,,,,,,,,,,,,,,,,,,,,,,,,,,,,,
3961707072,"Aug 24, 2020, 9:24:08 PM",Afternoon Run,Run,,1882,6.59,164,42,FALSE,,HOKA Arahi 4,activities/4240801993.fit.gz,,,1882,1878,6597.1,4.7,3.513,26.3,26.4,240.4,255,13.4,0,,,83,79,,150,,,447,,,42,,,,,,,,,,,,,0,,1,6638.5,,,,,,,,,,,,,,,,5775110,,,,,,,,,,,,,,,,,,,,,,,,,,,,,
3963785168,"Aug 25, 2020, 11:43:40 AM",Morning Run,Run,,3722,12.88,168,73,FALSE,,HOKA Arahi 4,activities/4243027512.fit.gz,,,3722,3683,12880.8,4.4,3.497,107.2,106.9,227.3,268,10.7,0,,,84,79,,149,,,743,,,73,,,,,,,,,,,,,0,,1,13035.4,,,,,,,,,,,,,,,,5775110,,,,,,,,,,,,,,,,,,,,,,,,,,,,,
3965744539,"Aug 25, 2020, 9:21:48 PM",Afternoon Run,Run,,1917,6.67,169,34,FALSE,,HOKA Arahi 4,activities/4245103403.fit.gz,,,1917,1891,6678,4.3,3.531,43.4,42.2,240.9,260.7,13.4,0,,,82,79,,146,,,415,,,34,,,,,,,,,,,,,0,,1,6738.8,,,,,,,,,,,,,,,,5775110,,,,,,,,,,,,,,,,,,,,,,,,,,,,,
3968192408,"Aug 26, 2020, 11:30:52 AM",Morning Run,Run,,4843,18.02,188,148,FALSE,,HOKA Arahi 4,activities/4247715070.fit.gz,,,4843,4436,18021.7,5.7,4.063,100.8,103.9,240.9,256.4,12,0,,,88,81,,160,,,1075,,,148,,,,,,,,,,,,,0,,1,18202.6,,,,,,,,,,,,,,,,5775110,,,,,,,,,,,,,,,,,,,,,,,,,,,,,
3973145584,"Aug 27, 2020, 11:43:35 AM",Morning Run,Run,,3666,12.88,,,FALSE,,HOKA Arahi 4,#error#,,,3666,3633,12880.8,4.6,3.545,233,233,238,298.2,43.2,0.4,,,,,,,,,1170,,,,,,,,,,,,,,,,0,,1,13993,,,,,,,,,,,,,,,,5775110,,,,,,,,,,,,,,,,,,,,,,,,,,,,,
3975318474,"Aug 27, 2020, 10:53:41 PM",Afternoon Ride,Ride,,512,2.66,105,1,FALSE,,,activities/4255310859.fit.gz,,,512,512,2660.1,8.3,5.196,13.6,11.8,243.6,255.3,5.9,0.1,,,,,,97,,68,48,,,1,,,,,,,,,,,,,0,,1,,,,,,,,,,,,,,,,,,,,,,,,,,,,,,,,,,,,,,,,,,,,,,
3978308525,"Aug 28, 2020, 11:59:48 AM",Morning Run,Run,,3618,11.38,147,15,FALSE,,HOKA Arahi 4,activities/4258499744.fit.gz,,,3618,3347,11381.8,6.7,3.401,78.9,79.6,234,255.3,9.9,0,,,99,80,,129,,,524,,,15,,,,,,,,,,,,,0,,1,11462.6,,,,,,,,,,,,,,,,5775110,,,,,,,,,,,,,,,,,,,,,,,,,,,,,
3983634683,"Aug 29, 2020, 2:13:09 PM",Morning Run,Run,,1255,3.19,133,3,FALSE,,HOKA Arahi 4,activities/4264224540.fit.gz,,,1255,1011,3196.5,4.5,3.162,12,11,245.4,254.4,11.2,0,,,98,78,,116,,,141,,,3,,,,,,,,,,,,,0,,1,3221.1,,,,,,,,,,,,,,,,5775110,,,,,,,,,,,,,,,,,,,,,,,,,,,,,
3983635206,"Aug 29, 2020, 3:58:41 PM",Morning Run,Run,,1067,3.22,161,10,FALSE,,HOKA Arahi 4,activities/4264225124.fit.gz,,,1067,1067,3221.1,3.9,3.019,16.6,17.5,240.9,255.3,14.2,0,,,82,79,,138,,,220,,,10,,,,,,,,,,,,,0,,1,3245.4,,,,,,,,,,,,,,,,5775110,,,,,,,,,,,,,,,,,,,,,,,,,,,,,
3991968646,"Aug 31, 2020, 11:51:42 AM",Morning Run,Run,,2185,7.13,176,21,FALSE,,HOKA Arahi 4,activities/4273169629.fit.gz,,,2185,2182,7132.3,4.5,3.269,43.3,42.9,240.9,265,15.6,0,,,83,79,,138,,,430,,,21,,,,,,,,,,,,,0,,1,7214.3,,,,,,,,,,,,,,,,5775110,,,,,,,,,,,,,,,,,,,,,,,,,,,,,
3993580560,"Aug 31, 2020, 9:49:09 PM",Afternoon Run,Run,,5154,14.06,185,72,FALSE,,HOKA Arahi 4,activities/4274887385.fit.gz,,,5154,3807,14059.2,8,3.693,15.1,14.9,240,251.8,11.8,0,,,107,82,,148,,,765,,,72,,,,,,,,,,,,,0,,1,14102.8,,,,,,,,,,,,,,,,5775110,,,,,,,,,,,,,,,,,,,,,,,,,,,,,
3998439738,"Sep 1, 2020, 9:43:43 PM",Afternoon Run,Run,,4245,12.72,162,29,FALSE,,HOKA Arahi 4,activities/4280071608.fit.gz,,,4245,3739,12721.4,7,3.402,103.8,103.3,231.5,268,10.7,0,,,103,79,,136,,,607,,,29,,,,,,,,,,,,,0,,1,12876,,,,,,,,,,,,,,,,5775110,,,,,,,,,,,,,,,,,,,,,,,,,,,,,
4001537545,"Sep 2, 2020, 11:52:06 AM",Morning Run,Run,,2330,8.12,159,30,FALSE,,HOKA Arahi 4,activities/4283374236.fit.gz,,,2330,2303,8125.2,4.3,3.528,34.5,34.8,240.4,260.7,9,0,,,84,81,,141,,,465,,,30,,,,,,,,,,,,,0,,1,8174.8,,,,,,,,,,,,,,,,5775110,,,,,,,,,,,,,,,,,,,,,,,,,,,,,
4003978032,"Sep 2, 2020, 9:50:04 PM",Afternoon Run,Run,,3995,12.34,170,73,FALSE,,HOKA Arahi 4,activities/4285946995.fit.gz,,,3995,3462,12345.1,7.2,3.566,168.2,166.1,247,268.7,17.2,0,,,103,80,,149,,,751,,,73,,,,,,,,,,,,,0,,1,12609.5,,,,,,,,,,,,,,,,5775110,,,,,,,,,,,,,,,,,,,,,,,,,,,,,
4007825701,"Sep 3, 2020, 9:45:10 PM",Afternoon Run,Run,,3309,11.31,174,36,FALSE,,HOKA Arahi 4,activities/4290033551.fit.gz,,,3309,3258,11310.9,4.4,3.472,74.8,73.4,231.5,268,14.8,0,,,84,79,,141,,,594,,,36,,,,,,,,,,,,,0,,1,11444.1,,,,,,,,,,,,,,,,5775110,,,,,,,,,,,,,,,,,,,,,,,,,,,,,
4010377417,"Sep 4, 2020, 11:49:00 AM",Morning Run,Run,,3417,11.26,177,85,FALSE,,HOKA Arahi 4,activities/4292745627.fit.gz,,,3417,3365,11260,3.9,3.346,79.2,80,234,255.3,12,0,,,84,80,,154,,,796,,,85,,,,,,,,,,,,,0,,1,11341.1,,,,,,,,,,,,,,,,5775110,,,,,,,,,,,,,,,,,,,,,,,,,,,,,
4010377722,"Sep 4, 2020, 12:50:10 PM",Morning Run,Run,,392,1.18,168,12,FALSE,,HOKA Arahi 4,activities/4292746212.fit.gz,,,392,386,1188.4,8.1,3.079,0,0.2,248.8,249.6,3,0,,,97,82,,161,,,98,,,12,,,,,,,,,,,,,0,,1,1190.8,,,,,,,,,,,,,,,,5775110,,,,,,,,,,,,,,,,,,,,,,,,,,,,,
4016413597,"Sep 5, 2020, 1:16:22 PM",Morning Run,Run,,1416,2.83,150,4,FALSE,,HOKA Arahi 4,activities/4298838819.fit.gz,,,1416,918,2833.3,4.6,3.086,27.3,25.1,192.5,212.4,19.6,0.1,,,82,79,,129,,,157,,,4,,,,,,,,,,,,,0,,1,2863,,,,,,,,,,,,,,,,5775110,,,,,,,,,,,,,,,,,,,,,,,,,,,,,
4016415363,"Sep 5, 2020, 2:58:23 PM",Morning Run,Run,,1295,3.26,164,8,FALSE,,HOKA Arahi 4,activities/4298840711.fit.gz,,,1295,1078,3260.7,4.3,3.025,32.1,34.6,188.6,209.6,10.3,-0.1,,,82,78,,134,,,199,,,8,,,,,,,,,,,,,0,,1,3320.4,,,,,,,,,,,,,,,,5775110,,,,,,,,,,,,,,,,,,,,,,,,,,,,,
4016416729,"Sep 5, 2020, 4:07:07 PM",Lunch Run,Run,,2206,2.35,151,7,FALSE,,HOKA Arahi 4,activities/4298842092.fit.gz,,,2206,753,2353.8,4.5,3.126,14.2,15.1,204.8,211.2,11,0,,,86,78,,136,,,147,,,7,,,,,,,,,,,,,0,,1,2378.9,,,,,,,,,,,,,,,,5775110,,,,,,,,,,,,,,,,,,,,,,,,,,,,,
4025294629,"Sep 7, 2020, 1:22:08 PM",Long run ,Run,"Nice easy pace for the first half, really got after it the second half. Nice negative split. Felt smooth until the end.",4407,18.48,184,114,FALSE,,HOKA Arahi 4,activities/4308343868.fit.gz,,,4407,4407,18481.4,5.4,4.194,116.8,117.4,218.3,255.3,10.8,0,,,88,83,,154,,,1004,,,114,,,,,,,,,,,0,,0,,1,18600.1,,,,,,,,,,,,,,,,5775110,,,,,,,,,,,,,,,,,,,,,,,,,,,,,
4029431052,"Sep 8, 2020, 11:58:38 AM",Morning mileage ,Run,,893,3.3,141,4,FALSE,,HOKA Arahi 4,activities/4312715800.fit.gz,,,893,893,3305.1,4.5,3.701,17.6,18.1,243.7,255.1,12,0,,,84,81,,132,,,166,,,4,,,,,,,,,,,0,,0,,1,3327.9,,,,,,,,,,,,,,,,5775110,,,,,,,,,,,,,,,,,,,,,,,,,,,,,
4029606159,"Sep 8, 2020, 12:43:57 PM",Morning Mileage and I forgot to stop the watch,Run,Also on the treadmill,594,1.72,162,7,FALSE,,HOKA Arahi 4,activities/4312902514.fit.gz,,,594,594,1722.5,4.1,2.9,0,,,,0,0,,,81,76,,137,,,119,,,7,,,,,,,,,,,0,,0,,1,,,,,,,,,,,,,,,,,5775110,,,,,,,,,,,,,,,,,,,,,,,,,,,,,
4032854142,"Sep 8, 2020, 9:42:26 PM",Afternoon Run,Run,,3894,12.07,170,40,FALSE,,HOKA Arahi 4,activities/4316305898.fit.gz,,,3894,3397,12073.3,7.7,3.554,89.7,86.7,231.5,268.1,21.6,0,,,103,80,,141,,,624,,,40,,,,,,,,,,,,,0,,1,12223.9,,,,,,,,,,,,,,,,5775110,,,,,,,,,,,,,,,,,,,,,,,,,,,,,
4035346006,"Sep 9, 2020, 11:54:06 AM",Morning Run,Run,,2261,7.15,169,31,FALSE,,HOKA Arahi 4,activities/4318940702.fit.gz,,,2261,2075,7158.2,5,3.45,39.3,39.3,240.1,265,16.9,0,,,86,81,,144,,,448,,,31,,,,,,,,,,,,,0,,1,7226.1,,,,,,,,,,,,,,,,5775110,,,,,,,,,,,,,,,,,,,,,,,,,,,,,
4037594688,"Sep 9, 2020, 9:42:32 PM",Afternoon Run,Run,,3925,11.12,171,50,FALSE,,HOKA Arahi 4,activities/4321291066.fit.gz,,,3925,2932,11126.7,8.5,3.795,50.8,50.6,240.4,256.4,14.5,0,,,104,81,,147,,,642,,,50,,,,,,,,,,,,,0,,1,11198.1,,,,,,,,,,,,,,,,5775110,,,,,,,,,,,,,,,,,,,,,,,,,,,,,
4038961558,"Sep 10, 2020, 11:36:28 AM",Morning Run,Run,,1350,4.29,141,6,FALSE,,HOKA Arahi 4,activities/4322758450.fit.gz,,,1350,1350,4289.7,3.8,3.178,18.1,17.9,240.4,256.4,10.9,0,,,85,80,,130,,,242,,,6,,,,,,,,,,,,,0,,1,4314.6,,,,,,,,,,,,,,,,5775110,,,,,,,,,,,,,,,,,,,,,,,,,,,,,
4039323374,"Sep 10, 2020, 12:09:42 PM",Morning Run,Run,,456,1.46,137,1,FALSE,,HOKA Arahi 4,activities/4323141252.fit.gz,,,456,456,1459.3,4,3.2,0,,,,0,0,,,80,77,,126,,,82,,,1,,,,,,,,,,,,,0,,1,,,,,,,,,,,,,,,,,5775110,,,,,,,,,,,,,,,,,,,,,,,,,,,,,
4039324626,"Sep 10, 2020, 12:52:00 PM",Morning Run,Run,,1217,3.95,147,10,FALSE,,HOKA Arahi 4,activities/4323142528.fit.gz,,,1217,1193,3950.5,4.3,3.311,19,17.1,240.9,256.4,8.3,0,,,85,80,,138,,,246,,,10,,,,,,,,,,,,,0,,1,3975.9,,,,,,,,,,,,,,,,5775110,,,,,,,,,,,,,,,,,,,,,,,,,,,,,
4044666850,"Sep 11, 2020, 11:43:35 AM",Morning Run,Run,,3982,13,157,28,FALSE,,HOKA Arahi 4,activities/4328796835.fit.gz,,,3982,3943,13004.3,7.8,3.298,66.6,66.8,240.8,255.3,18.1,0,,,101,81,,136,,,678,,,28,,,,,,,,,,,,,0,,1,13078.2,,,,,,,,,,,,,,,,5775110,,,,,,,,,,,,,,,,,,,,,,,,,,,,,
4048965629,"Sep 12, 2020, 1:29:22 PM",Morning Run,Run,,5054,13.34,173,62,FALSE,,HOKA Arahi 4,activities/4333325241.fit.gz,,,5054,3782,13344.9,7.8,3.529,74.4,75.5,240.9,268,10.4,0,,,103,81,,146,,,810,,,62,,,,,,,,,,,,,0,,1,13453.1,,,,,,,,,,,,,,,,5775110,,,,,,,,,,,,,,,,,,,,,,,,,,,,,
4058163720,"Sep 14, 2020, 11:50:24 AM",Morning Run,Run,,2031,6.58,175,27,FALSE,,HOKA Arahi 4,activities/4343090769.fit.gz,,,2031,2031,6586.3,4.2,3.243,67.4,66.2,227.5,263,18.8,0,,,87,80,,143,,,432,,,27,,,,,,,,,,,,,0,,1,6675.3,,,,,,,,,,,,,,,,5775110,,,,,,,,,,,,,,,,,,,,,,,,,,,,,
4061283076,"Sep 14, 2020, 9:41:42 PM",Afternoon Run,Run,,4763,14.48,185,78,FALSE,,HOKA Arahi 4,activities/4346359989.fit.gz,,,4763,3789,14483.7,7.7,3.823,15.8,16.9,240.1,254.2,9.5,0,,,103,81,,148,,,767,,,78,,,,,,,,,,,,,0,,1,14523,,,,,,,,,,,,,,,,5775110,,,,,,,,,,,,,,,,,,,,,,,,,,,,,
4065836768,"Sep 15, 2020, 9:35:13 PM",Afternoon Run,Run,,3866,12.87,,,FALSE,,HOKA Arahi 4,#error#,,,3866,3744,12877.8,7.7,3.44,79,75,231.8,265.8,13.7,0,,,,,,,,,1088,,,,,,,,,,,,,,,,0,,1,13012.2,,,,,,,,,,,,,,,,5775110,,,,,,,,,,,,,,,,,,,,,,,,,,,,,
4067975949,"Sep 16, 2020, 11:49:47 AM",Morning Run,Run,,2018,6.51,166,17,FALSE,,HOKA Arahi 4,activities/4353419723.fit.gz,,,2018,1997,6516.7,4.2,3.263,36.8,36.9,240.8,265.1,13.8,0,,,83,80,,136,,,373,,,17,,,,,,,,,,,,,0,,1,6579.2,,,,,,,,,,,,,,,,5775110,,,,,,,,,,,,,,,,,,,,,,,,,,,,,
4071272890,"Sep 16, 2020, 9:47:21 PM",Afternoon Run,Run,,3021,12.62,189,113,FALSE,,HOKA Arahi 4,activities/4356873517.fit.gz,,,3021,3021,12621.3,5.9,4.178,92.8,93,223.8,268,10.6,0,,,90,82,,163,,,771,,,113,,,,,,,,,,,,,0,,1,12777.3,,,,,,,,,,,,,,,,5775110,,,,,,,,,,,,,,,,,,,,,,,,,,,,,
4073053561,"Sep 17, 2020, 12:53:12 PM",Morning Run,Run,,3195,12.07,175,93,FALSE,,HOKA Arahi 4,activities/4358767564.fit.gz,,,3195,3195,12072.8,4.7,3.779,80.3,80.3,240.1,268,10.9,0,,,84,81,,157,,,788,,,93,,,,,,,,,,,,,0,,1,12194.1,,,,,,,,,,,,,,,,5775110,,,,,,,,,,,,,,,,,,,,,,,,,,,,,
4078092878,"Sep 18, 2020, 11:37:14 AM",Morning Run,Run,,4169,13.03,171,91,FALSE,,HOKA Arahi 4,activities/4364093407.fit.gz,,,4169,3890,13033.7,8.6,3.351,69.9,71.6,242.1,255.3,18.4,0,,,106,81,,153,,,881,,,91,,,,,,,,,,,,,0,,1,13106.5,,,,,,,,,,,,,,,,5775110,,,,,,,,,,,,,,,,,,,,,,,,,,,,,
4083564988,"Sep 19, 2020, 3:56:19 PM",Morning Run,Run,,1251,4.16,153,16,FALSE,,HOKA Arahi 4,activities/4369863043.fit.gz,,,1251,1250,4161.3,4.3,3.329,61.2,59.3,244.2,264.5,19.5,0,,,85,80,,141,,,255,,,16,,,,,,,,,,,,,0,,1,4340.3,,,,,,,,,,,,,,,,5775110,,,,,,,,,,,,,,,,,,,,,,,,,,,,,
4083565961,"Sep 19, 2020, 5:18:13 PM",Lunch Run,Run,,698,2.15,162,14,FALSE,,HOKA Arahi 4,activities/4369864075.fit.gz,,,698,698,2153.6,6.1,3.085,29.7,29.9,244.1,264.3,11.3,0,,,94,78,,148,,,157,,,14,,,,,,,,,,,,,0,,1,2230,,,,,,,,,,,,,,,,5775110,,,,,,,,,,,,,,,,,,,,,,,,,,,,,
4091955112,"Sep 21, 2020, 11:39:26 AM",Morning Run,Run,,5238,15.27,175,117,FALSE,,HOKA Arahi 4,activities/4378818939.fit.gz,,,5238,4067,15277.1,6.6,3.756,41.4,42.3,240.1,256.4,10.6,0,,,99,82,,157,,,914,,,117,,,,,,,,,,,,,0,,1,15341.3,,,,,,,,,,,,,,,,5775110,,,,,,,,,,,,,,,,,,,,,,,,,,,,,
4096471356,"Sep 22, 2020, 11:49:44 AM",Morning Run,Run,,2144,7.26,173,20,FALSE,,HOKA Arahi 4,activities/4383568720.fit.gz,,,2144,2131,7260.7,4.2,3.407,40.9,41.1,240.1,268.5,10.5,0,,,83,80,,135,,,385,,,20,,,,,,,,,,,,,0,,1,7333.2,,,,,,,,,,,,,,,,5775110,,,,,,,,,,,,,,,,,,,,,,,,,,,,,
4099849368,"Sep 22, 2020, 9:55:42 PM",Afternoon Run,Run,,3683,12.38,185,105,FALSE,,HOKA Arahi 4,activities/4387095843.fit.gz,,,3683,3107,12381.5,8.8,3.985,99.8,99.6,223.8,268,10.4,0,,,107,81,,159,,,737,,,105,,,,,,,,,,,,,0,,1,12531.8,,,,,,,,,,,,,,,,5775110,,,,,,,,,,,,,,,,,,,,,,,,,,,,,
4101203830,"Sep 23, 2020, 11:50:02 AM",Morning Run,Run,,1975,6.44,162,14,FALSE,,HOKA Arahi 4,activities/4388537225.fit.gz,,,1975,1957,6441.1,4.3,3.291,21.9,22.3,240.4,256.4,11,0,,,84,79,,136,,,360,,,14,,,,,,,,,,,,,0,,1,6472.3,,,,,,,,,,,,,,,,5775110,,,,,,,,,,,,,,,,,,,,,,,,,,,,,
4104354070,"Sep 23, 2020, 9:48:44 PM",Afternoon Run,Run,,3244,11.26,164,17,FALSE,,HOKA Arahi 4,activities/4391841318.fit.gz,,,3244,3239,11262.2,4.3,3.477,75.9,74.8,231.5,268.1,14.3,0,,,83,79,,131,,,509,,,17,,,,,,,,,,,,,0,,1,11395,,,,,,,,,,,,,,,,5775110,,,,,,,,,,,,,,,,,,,,,,,,,,,,,
4106336982,"Sep 24, 2020, 2:54:39 PM",Morning Ride,Ride,,853,4.52,124,2,FALSE,,,activities/4393948900.fit.gz,,,853,810,4528.9,10.1,5.591,38.6,30,233.3,255.3,8.1,0.2,,,,,,113,,82,102,,,2,,,,,,,,,,,,,0,,1,,,,,,,,,,,,,,,,,,,,,,,,,,,,,,,,,,,,,,,,,,,,,,
4108763586,"Sep 24, 2020, 9:43:03 PM",Afternoon Run,Run,,4712,14.68,171,42,FALSE,,HOKA Arahi 4,activities/4396502131.fit.gz,,,4712,3924,14680.1,8.6,3.741,39.7,39.6,240.8,256.4,12.1,0,,,107,81,,140,,,699,,,42,,,,,,,,,,,,,0,,1,14754,,,,,,,,,,,,,,,,7005373,,,,,,,,,,,,,,,,,,,,,,,,,,,,,
4110056814,"Sep 25, 2020, 11:42:23 AM",Morning Run,Run,,4493,14.43,160,24,FALSE,,HOKA Arahi 4,activities/4397905923.fit.gz,,,4493,4262,14436,7.1,3.387,74.2,76.1,242.1,255.3,7.6,0,,,105,80,,135,,,669,,,24,,,,,,,,,,,,,0,,1,14509,,,,,,,,,,,,,,,,7005373,,,,,,,,,,,,,,,,,,,,,,,,,,,,,
4115301178,"Sep 26, 2020, 2:34:08 PM",Morning Run,Run,,1315,4.38,163,21,FALSE,,HOKA Arahi 4,activities/4403474658.fit.gz,,,1315,1315,4382.2,4.4,3.332,22.5,23.5,252.8,264.9,15.9,0,,,82,79,,145,,,288,,,21,,,,,,,,,,,,,0,,1,4421.1,,,,,,,,,,,,,,,,7005373,,,,,,,,,,,,,,,,,,,,,,,,,,,,,
4115301706,"Sep 26, 2020, 4:06:25 PM",Lunch Run,Run,,420,1.23,142,1,FALSE,,HOKA Arahi 4,activities/4403475285.fit.gz,,,420,382,1234.5,4.5,3.232,5.8,5.5,259.1,265.2,6.7,0,,,82,79,,131,,,71,,,1,,,,,,,,,,,,,0,,1,1244.8,,,,,,,,,,,,,,,,7005373,,,,,,,,,,,,,,,,,,,,,,,,,,,,,
4123607484,"Sep 28, 2020, 11:49:46 AM",Morning Run,Run,,2082,6.68,169,17,FALSE,,HOKA Arahi 4,activities/4412330438.fit.gz,,,2082,2082,6685.2,4,3.211,31.4,31.4,240.9,260.7,8.4,0,,,84,80,,135,,,381,,,17,,,,,,,,,,,,,0,,1,6730.2,,,,,,,,,,,,,,,,7005373,,,,,,,,,,,,,,,,,,,,,,,,,,,,,
4126258347,"Sep 28, 2020, 9:41:13 PM",Afternoon Run,Run,,3799,12.28,166,21,FALSE,,HOKA Arahi 4,activities/4415130015.fit.gz,,,3799,3614,12288.6,7.8,3.4,92.1,92.2,231.5,268,11.8,0,,,100,80,,129,,,551,,,21,,,,,,,,,,,,,0,,1,12433.3,,,,,,,,,,,,,,,,7005373,,,,,,,,,,,,,,,,,,,,,,,,,,,,,
4133063321,"Sep 29, 2020, 10:02:49 PM",Afternoon Run,Run,,943,3.06,151,11,FALSE,,HOKA Arahi 4,activities/4422394393.fit.gz,,,943,939,3062.8,4.3,3.262,13.6,13.6,195.9,207.1,5.3,0,,,86,80,,141,,,195,,,11,,,,,,,,,,,,,0,,1,3079.4,,,,,,,,,,,,,,,,7005373,,,,,,,,,,,,,,,,,,,,,,,,,,,,,
4133063916,"Sep 29, 2020, 11:37:50 PM",Evening Run,Run,,890,1.76,142,3,FALSE,,HOKA Arahi 4,activities/4422395039.fit.gz,,,890,625,1762.9,5.1,2.821,0,0.1,194.8,196.5,1.8,0,,,87,77,,131,,,137,,,3,,,,,,,,,,,,,0,,1,1764.5,,,,,,,,,,,,,,,,7005373,,,,,,,,,,,,,,,,,,,,,,,,,,,,,
4135466692,"Sep 30, 2020, 9:46:27 PM",Afternoon Run,Run,,3380,12.01,179,88,FALSE,,HOKA Arahi 4,activities/4424913234.fit.gz,,,3380,3045,12010.4,8.6,3.944,70.2,70.4,231.5,268,12,0,,,105,81,,156,,,716,,,88,,,,,,,,,,,,,0,,1,12126.9,,,,,,,,,,,,,,,,7005373,,,,,,,,,,,,,,,,,,,,,,,,,,,,,
4137029371,"Oct 1, 2020, 12:27:52 PM",Morning Run,Run,,1865,5.21,169,14,FALSE,,HOKA Arahi 4,activities/4426597438.fit.gz,,,1865,1361,5217.7,14.2,3.834,21,19.9,240.9,256.4,10.8,0,,,87,81,,139,,,273,,,14,,,,,,,,,,,,,0,,1,5246.2,,,,,,,,,,,,,,,,7005373,,,,,,,,,,,,,,,,,,,,,,,,,,,,,
4139473026,"Oct 1, 2020, 9:30:51 PM",Afternoon Run,Run,,3920,12.88,163,39,FALSE,,HOKA Arahi 4,activities/4429169398.fit.gz,,,3920,3242,12888.2,7.6,3.975,30.1,30.7,243.7,256.4,12.9,0,,,101,83,,140,,,629,,,39,,,,,,,,,,,,,0,,1,12933.5,,,,,,,,,,,,,,,,7005373,,,,,,,,,,,,,,,,,,,,,,,,,,,,,
4141986217,"Oct 2, 2020, 11:35:55 AM",Morning Run,Run,,3899,12.87,168,62,FALSE,,HOKA Arahi 4,activities/4431876085.fit.gz,,,3899,3786,12872.9,4.6,3.4,90.8,90.5,226.6,255.3,12.3,0,,,85,81,,145,,,771,,,62,,,,,,,,,,,,,0,,1,12965,,,,,,,,,,,,,,,,7005373,,,,,,,,,,,,,,,,,,,,,,,,,,,,,
4142792434,"Oct 2, 2020, 9:16:47 PM",Afternoon Run,Run,,2032,6.99,153,10,FALSE,,HOKA Arahi 4,activities/4432731888.fit.gz,,,2032,2024,6995,5.3,3.456,21.8,20,240.6,260.7,10.2,0,,,85,80,,133,,,355,,,10,,,,,,,,,,,,,0,,1,7037.7,,,,,,,,,,,,,,,,7005373,,,,,,,,,,,,,,,,,,,,,,,,,,,,,
4146107746,"Oct 3, 2020, 1:44:10 PM",Drop off Day üöå ,Run,Almost had a negative split every mile. Last 2 miles were crazy. Felt awesome.,4574,20.11,179,132,FALSE,,HOKA Arahi 4,activities/4436250671.fit.gz,,,4574,4538,20118.9,6.7,4.433,146.5,145.8,234.3,259.5,19.3,0,,,95,85,,157,,,1087,,,132,,,,,,,,,,,0,,0,,1,20310.8,,,,,,,,,,,,,,,,7005373,,,,,,,,,,,,,,,,,,,,,,,,,,,,,
4154237425,"Oct 5, 2020, 12:39:06 PM",Morning Run,Run,,2218,8.05,143,10,FALSE,,HOKA Arahi 4,activities/4444880019.fit.gz,,,2218,2208,8052.7,7.2,3.647,38.1,37.3,243.6,255.4,6.6,0,,,95,81,,133,,,396,,,10,,,,,,,,,,,,,0,,1,8106.3,,,,,,,,,,,,,,,,7005373,,,,,,,,,,,,,,,,,,,,,,,,,,,,,
4156938181,"Oct 5, 2020, 9:40:08 PM",Afternoon Run,Run,,3632,12.87,181,78,FALSE,,HOKA Arahi 4,activities/4447721061.fit.gz,,,3632,3332,12877,8.6,3.865,107.5,108.6,227.4,268.1,11.2,0,,,105,82,,153,,,803,,,78,,,,,,,,,,,,,0,,1,13031.4,,,,,,,,,,,,,,,,7005373,,,,,,,,,,,,,,,,,,,,,,,,,,,,,
4158553138,"Oct 6, 2020, 12:52:10 PM",Perfectly balanced. As all things should be. -Thanos,Run,,1799,6.44,155,18,FALSE,,HOKA Arahi 4,activities/4449437435.fit.gz,,,1799,1799,6439.9,4.4,3.58,39,39.3,240.4,265,15.4,0,,,86,80,,139,,,374,,,18,,,,,,,,,,,0,,0,,1,6503.3,,,,,,,,,,,,,,,,7005373,,,,,,,,,,,,,,,,,,,,,,,,,,,,,media/AF81B17D-582F-4929-B402-196D45E628E9.jpg
4161600148,"Oct 6, 2020, 9:36:46 PM",Afternoon Run,Run,,3918,12.41,160,44,FALSE,,HOKA Arahi 4,activities/4452642329.fit.gz,,,3918,3487,12411.8,7.2,3.559,142.2,141.5,240.4,268.7,20.8,0,,,104,81,,142,,,680,,,44,,,,,,,,,,,,,0,,1,12645.2,,,,,,,,,,,,,,,,7005373,,,,,,,,,,,,,,,,,,,,,,,,,,,,,
4165873963,"Oct 7, 2020, 9:43:07 PM",Afternoon Run,Run,,3914,12.87,166,37,FALSE,,HOKA Arahi 4,activities/4457171263.fit.gz,,,3914,3701,12876.2,8.5,3.479,69.7,70.5,231.5,268,11.1,0,,,101,80,,139,,,679,,,37,,,,,,,,,,,,,0,,1,12995.2,,,,,,,,,,,,,,,,7005373,,,,,,,,,,,,,,,,,,,,,,,,,,,,,
4169486653,"Oct 8, 2020, 9:40:44 PM",Afternoon Run,Run,,712,1.64,163,5,FALSE,,HOKA Arahi 4,activities/4461001367.fit.gz,,,712,485,1646.8,4,3.395,2.5,3.1,220.8,223.6,2.9,0,,,83,81,,139,,,103,,,5,,,,,,,,,,,,,0,,1,1648.9,,,,,,,,,,,,,,,,7005373,,,,,,,,,,,,,,,,,,,,,,,,,,,,,
4169692813,"Oct 8, 2020, 10:48:43 PM",Afternoon Run,Run,,547,1.66,151,7,FALSE,,HOKA Arahi 4,activities/4461217305.fit.gz,,,547,544,1659.1,4.1,3.05,0,1.3,221.6,223.3,3.4,-0.1,,,83,79,,142,,,121,,,7,,,,,,,,,,,,,0,,1,1660.2,,,,,,,,,,,,,,,,7005373,,,,,,,,,,,,,,,,,,,,,,,,,,,,,
4170226798,"Oct 8, 2020, 7:51:31 PM",Afternoon Walk,Walk,,2049,3.1,123,4,FALSE,,HOKA Arahi 4,activities/4461777452.fit.gz,,,2049,2049,3105.9,4.8,1.516,7,7,220.1,227.7,7.2,0,,,105,53,,90,,,200,,,4,,,,,,,,,,,,,0,,1,,,,,,,,,,,,,,,,,7005373,,,,,,,,,,,,,,,,,,,,,,,,,,,,,
4172507235,"Oct 9, 2020, 11:36:31 AM",Morning Run,Run,,4082,13.82,172,87,FALSE,,HOKA Arahi 4,activities/4464207983.fit.gz,,,4082,4082,13827.4,4.4,3.387,77.3,79.1,235.3,255.3,7.6,0,,,86,81,,149,,,911,,,87,,,,,,,,,,,,,0,,1,13899,,,,,,,,,,,,,,,,7005373,,,,,,,,,,,,,,,,,,,,,,,,,,,,,
4173465442,"Oct 9, 2020, 9:15:46 PM",Afternoon Run,Run,,2360,8.18,160,32,FALSE,,HOKA Arahi 4,activities/4465225633.fit.gz,,,2360,2352,8187.3,6,3.481,44.2,45,240.9,260.7,12.4,0,,,95,81,,143,,,475,,,32,,,,,,,,,,,,,0,,1,8233.8,,,,,,,,,,,,,,,,7005373,,,,,,,,,,,,,,,,,,,,,,,,,,,,,
4176560603,"Oct 10, 2020, 1:18:33 PM",Morning Run,Run,,4029,16.08,177,104,FALSE,,HOKA Arahi 4,activities/4468502129.fit.gz,,,4029,4008,16084.4,6.1,4.013,113.9,113.6,219.3,263,17.7,0,,,94,83,,154,,,938,,,104,,,,,,,,,,,,,0,,1,16240.5,,,,,,,,,,,,,,,,7005373,,,,,,,,,,,,,,,,,,,,,,,,,,,,,
4181579348,"Oct 11, 2020, 2:42:30 PM",Especially For You Walk,Walk,Forgot to start the watch the first half.,1298,1.92,102,2,FALSE,,HOKA Arahi 4,activities/4473831007.fit.gz,,,1298,1298,1928.7,4,1.486,0,-0.3,248.7,249.6,3.6,0,,,79,53,,80,,,133,,,2,,,,,,,,,,,0,,0,,1,,,,,,,,,,,,,,,,,7005373,,,,,,,,,,,,,,,,,,,,,,,,,,,,,
4183325913,"Oct 11, 2020, 6:33:26 PM",Afternoon Walk,Walk,,1002,1.05,129,2,FALSE,,HOKA Arahi 4,activities/4475697991.fit.gz,,,1002,940,1053,2.8,1.12,7.5,13.4,285.8,292,12,-0.6,,,70,49,,93,,,81,,,2,,,,,,,,,,,,,0,,1,,,,,,,,,,,,,,,,,7005373,,,,,,,,,,,,,,,,,,,,,,,,,,,,,
4184983382,"Oct 12, 2020, 11:49:40 AM",Morning Run,Run,,2127,6.51,145,8,FALSE,,HOKA Arahi 4,activities/4477486001.fit.gz,,,2127,2123,6511.7,3.7,3.067,25.2,25,240.8,254.8,8.9,0,,,86,81,,125,,,328,,,8,,,,,,,,,,,,,0,,1,6549.3,,,,,,,,,,,,,,,,7005373,,,,,,,,,,,,,,,,,,,,,,,,,,,,,
4187347242,"Oct 12, 2020, 9:40:55 PM",Afternoon Run,Run,,3576,12.4,167,60,FALSE,,HOKA Arahi 4,activities/4479983748.fit.gz,,,3576,3246,12401.8,7.4,3.821,17,18.3,240.9,256.4,10.8,0,,,103,83,,147,,,716,,,60,,,,,,,,,,,,,0,,1,12432.2,,,,,,,,,,,,,,,,7005373,,,,,,,,,,,,,,,,,,,,,,,,,,,,,
4191925893,"Oct 13, 2020, 9:41:56 PM",Afternoon Run,Run,,4017,12.86,186,151,FALSE,,HOKA Arahi 4,activities/4484879262.fit.gz,,,4017,3677,12868.3,7.6,3.5,102.1,102.2,231.5,268.1,18.4,0,,,105,81,,165,,,946,,,151,,,,,,,,,,,,,0,,1,13045.9,,,,,,,,,,,,,,,,7005373,,,,,,,,,,,,,,,,,,,,,,,,,,,,,
4196654837,"Oct 14, 2020, 10:04:11 PM",Afternoon Run,Run,,3443,11.4,159,21,FALSE,,HOKA Arahi 4,activities/4489956360.fit.gz,,,3443,3378,11399.2,8.2,3.375,29.9,30.4,240.1,255.3,13.6,0,,,107,80,,132,,,544,,,21,,,,,,,,,,,,,0,,1,11463.6,,,,,,,,,,,,,,,,7005373,,,,,,,,,,,,,,,,,,,,,,,,,,,,,
4200902698,"Oct 15, 2020, 8:58:43 PM",Afternoon Run,Run,,885,2.87,159,6,FALSE,,HOKA Arahi 4,activities/4494461756.fit.gz,,,885,875,2878.1,5.4,3.289,26.9,28.2,282.3,293.4,7.9,0,,,88,81,,137,,,174,,,6,,,,,,,,,,,,,0,,1,2916.3,,,,,,,,,,,,,,,,7005373,,,,,,,,,,,,,,,,,,,,,,,,,,,,,
4200902901,"Oct 15, 2020, 10:27:29 PM",Afternoon Run,Run,,1375,1.92,149,4,FALSE,,HOKA Arahi 4,activities/4494461977.fit.gz,,,1375,698,1920.8,5.1,2.752,15,21.4,285.3,293.6,15.9,-0.3,,,88,78,,130,,,122,,,4,,,,,,,,,,,,,0,,1,1953.4,,,,,,,,,,,,,,,,7005373,,,,,,,,,,,,,,,,,,,,,,,,,,,,,
4202407060,"Oct 16, 2020, 11:43:29 AM",Morning Run,Run,,4067,12.89,148,18,FALSE,,HOKA Arahi 4,activities/4496076153.fit.gz,,,4067,4032,12893.5,4.6,3.198,102.7,103.6,223.8,263,12.2,0,,,87,81,,129,,,571,,,18,,,,,,,,,,,,,0,,1,13032.3,,,,,,,,,,,,,,,,7005373,,,,,,,,,,,,,,,,,,,,,,,,,,,,,
4203828103,"Oct 16, 2020, 9:22:03 PM",Afternoon Run,Run,,1811,5.64,152,10,FALSE,,HOKA Arahi 4,activities/4497584775.fit.gz,,,1811,1640,5643.2,4.6,3.441,27.5,27.1,241.2,256.2,13.6,0,,,86,82,,135,,,297,,,10,,,,,,,,,,,,,0,,1,5687.7,,,,,,,,,,,,,,,,7005373,,,,,,,,,,,,,,,,,,,,,,,,,,,,,
4203856224,"Oct 16, 2020, 9:58:34 PM",This one is for you MATT,Run,"When the mileage goes ‚¨áÔ∏è, the goofy goes üÜô.",492,1.41,,,FALSE,,HOKA Arahi 4,activities/4203856224.gpx,,,492,455,1416.8,4.8,3.114,5.3,8,252.3,256.4,6.5,-0.2,,,,,,,,,119,,,,,,,,,,,,,,,,0,,1,1422.5,,,,,,,,,,,,,,,,7005373,,,,,,,,,,,,,,,,,,,,,,,,,,,,,
4206991207,"Oct 17, 2020, 1:22:10 PM",Windy hills üå¨ ‚õ∞ ,Run,We decided to run every hill that faced into the wind. Crazy stuff. ,4830,16.1,184,126,FALSE,,HOKA Arahi 4,activities/4500923881.fit.gz,,,4830,4725,16105,7.1,3.408,184.3,184.2,223.8,264.1,17.8,0,,,105,81,,156,,,1077,,,126,,,,,,,,,,,0,,0,,1,16418,,,,,,,,,,,,,,,,7005373,,,,,,,,,,,,,,,,,,,,,,,,,,,,,
4216481964,"Oct 19, 2020, 11:39:56 AM",Morning Run,Run,,3615,12.9,158,15,FALSE,,HOKA Arahi 4,activities/4511028223.fit.gz,,,3615,3615,12901.4,7,3.569,99.8,99.6,227.4,268,10.7,0,,,101,82,,130,,,539,,,15,,,,,,,,,,,,,0,,1,13049.4,,,,,,,,,,,,,,,,7005373,,,,,,,,,,,,,,,,,,,,,,,,,,,,,
4222183907,"Oct 20, 2020, 9:47:14 PM",Afternoon Run,Run,,3012,9.66,172,30,FALSE,,HOKA Arahi 4,activities/4517052711.fit.gz,,,3012,2888,9659.3,8,3.345,40,39,240.9,260.7,9.9,0,,,99,81,,139,,,540,,,30,,,,,,,,,,,,,0,,1,9715.3,,,,,,,,,,,,,,,,7005373,,,,,,,,,,,,,,,,,,,,,,,,,,,,,
4232525859,"Oct 21, 2020, 8:53:55 PM",Afternoon Run,Run,,1337,2.91,166,14,FALSE,,HOKA Arahi 4,activities/4528005754.fit.gz,,,1337,1141,2914.8,4.1,2.555,26.7,24.3,192.4,212.4,11.4,0.1,,,84,79,,144,,,229,,,14,,,,,,,,,,,,,0,,1,2972.3,,,,,,,,,,,,,,,,7005373,,,,,,,,,,,,,,,,,,,,,,,,,,,,,
4232527883,"Oct 22, 2020, 9:24:18 PM",Afternoon Run,Run,,3509,11.34,180,75,FALSE,,HOKA Arahi 4,activities/4528007799.fit.gz,,,3509,3131,11343.5,4.9,3.623,103.9,104.8,224.1,263,17.4,0,,,85,81,,153,,,696,,,75,,,,,,,,,,,,,0,,1,11480.9,,,,,,,,,,,,,,,,7005373,,,,,,,,,,,,,,,,,,,,,,,,,,,,,
4232549691,"Oct 23, 2020, 11:47:56 AM",Morning Run,Run,,3014,10.48,,,FALSE,,HOKA Arahi 4,#error#,,,3014,2734,10486.6,6.5,3.836,13,9,236.4,247.2,13.4,-0.1,,,,,,,,,885,,,,,,,,,,,,,,,,0,,1,10585.7,,,,,,,,,,,,,,,,7005373,,,,,,,,,,,,,,,,,,,,,,,,,,,,,
4232557893,"Oct 23, 2020, 11:27:51 AM",Morning Run,Run,,1138,3.1,,,FALSE,,HOKA Arahi 4,#error#,,,1138,1010,3108.8,4,3.078,9,18,215.8,257,5.7,0.6,,,,,,,,,260,,,,,,,,,,,,,,,,0,,1,3108.7,,,,,,,,,,,,,,,,7005373,,,,,,,,,,,,,,,,,,,,,,,,,,,,,
4234273011,"Oct 23, 2020, 9:12:32 PM",Afternoon Run,Run,,1394,4.84,158,15,FALSE,,HOKA Arahi 4,activities/4529850478.fit.gz,,,1394,1394,4841.8,4.1,3.473,20.8,18.2,241.1,259.7,11.6,0.1,,,85,81,,140,,,279,,,15,,,,,,,,,,,,,0,,1,4882,,,,,,,,,,,,,,,,7005373,,,,,,,,,,,,,,,,,,,,,,,,,,,,,
4241958641,"Oct 25, 2020, 12:56:50 PM",Morning Run,Run,,3199,10.26,181,71,FALSE,,HOKA Arahi 4,activities/4537958422.fit.gz,,,3199,2509,10259.8,6.4,4.089,27,18,239.8,254.8,10.4,0.1,,,97,83,,157,,,597,,,71,,,,,,,,,,,,,0,,1,10324.1,,,,,,,,,,,,,,,,7005373,,,,,,,,,,,,,,,,,,,,,,,,,,,,,
4241959106,"Oct 25, 2020, 1:56:52 PM",Morning Run,Run,,179,0.62,174,6,FALSE,,HOKA Arahi 4,activities/4537959166.fit.gz,,,179,179,627.2,4,3.504,3,6.3,248,254.4,9.7,-0.5,,,84,82,,163,,,45,,,6,,,,,,,,,,,,,0,,1,630.5,,,,,,,,,,,,,,,,7005373,,,,,,,,,,,,,,,,,,,,,,,,,,,,,
4246416665,"Oct 26, 2020, 11:20:52 AM",Morning Run,Run,,271,0.81,134,1,FALSE,,HOKA Arahi 4,activities/4542730029.fit.gz,,,271,271,811.4,3.3,2.994,0,,,,0,0,,,82,79,,122,,,43,,,1,,,,,,,,,,,,,0,,1,,,,,,,,,,,,,,,,,7005373,,,,,,,,,,,,,,,,,,,,,,,,,,,,,
4246419449,"Oct 26, 2020, 11:33:13 AM",Morning Run,Run,,3385,10.61,166,27,FALSE,,HOKA Arahi 4,activities/4542732754.fit.gz,,,3385,3379,10612.5,4.5,3.141,54.3,54.6,241.4,259.8,13.8,0,,,86,79,,136,,,586,,,27,,,,,,,,,,,,,0,,1,10672.4,,,,,,,,,,,,,,,,7005373,,,,,,,,,,,,,,,,,,,,,,,,,,,,,
4252111189,"Oct 27, 2020, 9:41:46 PM",Afternoon Run,Run,,2844,9.65,177,68,FALSE,,HOKA Arahi 4,activities/4548733380.fit.gz,,,2844,2619,9656,7.2,3.687,74.4,74.7,231.3,265,6.6,0,,,102,81,,154,,,597,,,68,,,,,,,,,,,,,0,,1,9751.8,,,,,,,,,,,,,,,,7005373,,,,,,,,,,,,,,,,,,,,,,,,,,,,,
4256290413,"Oct 28, 2020, 9:36:49 PM",Afternoon Run,Run,,2615,9,161,47,FALSE,,HOKA Arahi 4,activities/4553135605.fit.gz,,,2615,2615,9001.9,4.3,3.442,28.9,29.6,239.8,256.1,6.5,0,,,83,79,,147,,,556,,,47,,,,,,,,,,,,,0,,1,9035.2,,,,,,,,,,,,,,,,7005373,,,,,,,,,,,,,,,,,,,,,,,,,,,,,
4258589721,"Oct 29, 2020, 1:24:49 PM",Morning Run,Run,,1796,5.63,171,27,FALSE,,HOKA Arahi 4,activities/4555583324.fit.gz,,,1796,1796,5637.3,4.3,3.139,38,38.5,247.7,267.2,17.4,0,,,88,80,,145,,,381,,,27,,,,,,,,,,,,,0,,1,5696.7,,,,,,,,,,,,,,,,7005373,,,,,,,,,,,,,,,,,,,,,,,,,,,,,
4262561736,"Oct 30, 2020, 3:11:01 PM",State warm up,Run,,905,2.61,146,5,FALSE,,HOKA Arahi 4,activities/4559800252.fit.gz,,,905,823,2615,4.7,3.177,20.7,21.8,333.9,340.3,17.1,0,,,83,79,,135,,,155,,,5,,,,,,,,,,,0,,0,,1,2661.2,,,,,,,,,,,,,,,,7005373,,,,,,,,,,,,,,,,,,,,,,,,,,,,,
4278186152,"Nov 2, 2020, 10:45:26 PM",1 mile PR! 4:28,Run,Cut off a whole 12 seconds!,274,1.64,134,1,FALSE,,HOKA Arahi 4,activities/4576415657.fit.gz,,,274,274,1647.1,7.6,6.011,0,-0.1,248.8,249.9,1.8,0,,,104,91,,125,,,46,,,1,,,,,,,,,,,0,,0,,1,1648.3,,,,,,,,,,,,,,,,7005373,,,,,,,,,,,,,,,,,,,,,,,,,,,,,
4278187272,"Nov 2, 2020, 10:55:34 PM",Afternoon Run,Run,,1921,4.18,154,11,FALSE,,HOKA Arahi 4,activities/4576416804.fit.gz,,,1921,1245,4185.1,4.9,3.362,16.9,16.3,241.4,256.1,12.7,0,,,96,79,,138,,,243,,,11,,,,,,,,,,,,,0,,1,4208.4,,,,,,,,,,,,,,,,7005373,,,,,,,,,,,,,,,,,,,,,,,,,,,,,
4283312645,"Nov 3, 2020, 10:09:16 PM",Afternoon Run,Run,,2916,8.37,162,29,FALSE,,HOKA Arahi 4,activities/4581820716.fit.gz,,,2916,2480,8376.3,7.2,3.378,31.3,30.4,241.4,259.8,9.6,0,,,97,79,,141,,,469,,,29,,,,,,,,,,,,,0,,1,8421.9,,,,,,,,,,,,,,,,7005373,,,,,,,,,,,,,,,,,,,,,,,,,,,,,
4287220896,"Nov 4, 2020, 10:01:00 PM",Great route today. Really just messing around. ,Run,"Ran something like 10 laps at the top of paha hill, did laps around the water tower, mapped out a heart and a spiral in the grass field, and then decided to sprint the last half mile. Fun day",2166,8.48,169,54,FALSE,,HOKA Arahi 4,activities/4585963741.fit.gz,,,2166,2166,8481,5.9,3.916,69.7,69.2,241.4,270.4,21.8,0,,,92,80,,153,,,496,,,54,,,,,,,,,,,0,,0,,1,8633.1,,,,,,,,,,,,,,,,7005373,,,,,,,,,,,,,,,,,,,,,,,,,,,,,
4295206992,"Nov 5, 2020, 10:20:16 PM",Afternoon Run,Run,,2565,8.86,165,38,FALSE,,HOKA Arahi 4,activities/4591617735.fit.gz,,,2565,2555,8868.7,5.8,3.471,98,96.7,243,272.5,20.9,0,,,84,78,,144,,,532,,,38,,,,,,,,,,,,,0,,1,9089.9,,,,,,,,,,,,,,,,7005373,,,,,,,,,,,,,,,,,,,,,,,,,,,,,
4308832111,"Nov 7, 2020, 6:49:33 PM",Lunch Run,Run,,3004,11.26,182,107,FALSE,,HOKA Arahi 4,activities/4606099088.fit.gz,,,3004,2901,11265.6,8,3.883,81.5,79.9,196.7,243.6,11.9,0,,,86,81,,162,,,730,,,107,,,,,,,,,,,,,0,,1,11439.2,,,,,,,,,,,,,,,,7005373,,,,,,,,,,,,,,,,,,,,,,,,,,,,,
4320284964,"Nov 11, 2020, 12:40:51 AM",Swim seasonnn,Swim,I don‚Äôt think this is accurate...,2921,"2,153",160,23,FALSE,,,activities/4618292188.fit.gz,,,2921,1961,2153.2,5,1.098,0,,,,0,0,,,120,41,,119,,,304,,,23,,,,,,,,,,,0,,0,,1,,,,,,,,,,,,,,,,,,,,,,,,,,,,,,,,,,,,,,,,,,,,,,
4325536861,"Nov 12, 2020, 12:32:55 AM",Evening Activity,Workout,,3377,2.06,179,16,FALSE,,,activities/4623871735.fit.gz,,,3377,3377,2062.5,5.4,0.611,0,,,,0,0,,,116,55,,122,,,277,,,16,,,,,,,,,,,,,0,,1,,,,,,,,,,,,,,,,,,,,,,,,,,,,,,,,,,,,,,,,,,,,,,
4329028662,"Nov 12, 2020, 7:29:00 PM",Afternoon Ride,Ride,,6601,32.28,150,46,FALSE,,,activities/4627621298.fit.gz,,,6601,5874,32288.7,15.3,5.497,399.9,399.9,205.4,257.8,16.8,0,,,,,,132,,86,856,,,46,,,,,,,,,,,,,0,,1,,,,,,,,,,,,,,,,,,,,,,,,,,,,,,,,,,,,,,,,,,,,,,
4343170494,"Nov 15, 2020, 5:09:14 PM",Lunch Run,Run,,1927,7.32,170,33,FALSE,,HOKA Arahi 4,activities/4642588986.fit.gz,,,1927,1927,7326.5,4.6,3.802,32.5,33.5,239.2,255.4,6.1,0,,,85,81,,148,,,432,,,33,,,,,,,,,,,,,0,,1,7356.9,,,,,,,,,,,,,,,,7005373,,,,,,,,,,,,,,,,,,,,,,,,,,,,,
4348218028,"Nov 16, 2020, 10:23:59 PM",Afternoon Run,Run,,2105,8.07,175,56,FALSE,,HOKA Arahi 4,activities/4647973489.fit.gz,,,2105,2105,8069.8,5,3.834,27.6,28.5,239.6,255,8.5,0,,,87,81,,155,,,506,,,56,,,,,,,,,,,,,0,,1,8100,,,,,,,,,,,,,,,,7005373,,,,,,,,,,,,,,,,,,,,,,,,,,,,,
4353159820,"Nov 17, 2020, 10:26:53 PM",Afternoon Run,Run,,1786,7.05,177,38,FALSE,,HOKA Arahi 4,activities/4653030792.fit.gz,,,1786,1711,7050.4,5.8,4.121,22.9,23.8,246.8,255.4,5.7,0,,,85,82,,151,,,404,,,38,,,,,,,,,,,,,0,,1,7077.2,,,,,,,,,,,,,,,,7005373,,,,,,,,,,,,,,,,,,,,,,,,,,,,,
4393433542,"Nov 18, 2020, 10:16:07 PM",Afternoon Run,Run,,2311,8.62,166,55,FALSE,,HOKA Arahi 4,activities/4695802684.fit.gz,,,2311,2311,8625.8,5,3.732,42.5,42.5,224.4,251.9,7.2,0,,,85,80,,151,,,552,,,55,,,,,,,,,,,,,0,,1,8676.9,,,,,,,,,,,,,,,,7005373,,,,,,,,,,,,,,,,,,,,,,,,,,,,,
4393435922,"Nov 21, 2020, 9:15:58 PM",Afternoon Run,Run,,2750,10.53,163,65,FALSE,,HOKA Arahi 4,activities/4695805096.fit.gz,,,2750,2750,10532.1,5,3.83,63.2,63.2,241.4,256.1,8.1,0,,,84,81,,151,,,639,,,65,,,,,,,,,,,,,0,,1,10591.3,,,,,,,,,,,,,,,,7005373,,,,,,,,,,,,,,,,,,,,,,,,,,,,,
4393437637,"Nov 24, 2020, 9:45:27 PM",Afternoon Run,Run,,2181,7.29,174,53,FALSE,,HOKA Arahi 4,activities/4695807101.fit.gz,,,2181,2164,7292.1,4.1,3.37,46.5,45.6,241.1,267.6,10.5,0,,,85,79,,154,,,541,,,53,,,,,,,,,,,,,0,,1,7354.9,,,,,,,,,,,,,,,,7005373,,,,,,,,,,,,,,,,,,,,,,,,,,,,,
4393439483,"Nov 25, 2020, 9:53:42 PM",Afternoon Run,Run,,2287,8.65,166,42,FALSE,,HOKA Arahi 4,activities/4695809056.fit.gz,,,2287,2284,8657.4,4.8,3.79,50.5,50.5,234.2,251.9,5.4,0,,,83,80,,147,,,502,,,42,,,,,,,,,,,,,0,,1,8696.1,,,,,,,,,,,,,,,,7005373,,,,,,,,,,,,,,,,,,,,,,,,,,,,,
4403436039,"Nov 28, 2020, 5:16:48 PM",Lunch Run,Run,,2031,7.38,173,42,FALSE,,HOKA Arahi 4,activities/4706367541.fit.gz,,,2031,1882,7388.1,5.1,3.926,33.4,32.6,224.4,252.9,6,0,,,86,81,,149,,,436,,,42,,,,,,,,,,,,,0,,1,7425.5,,,,,,,,,,,,,,,,7005373,,,,,,,,,,,,,,,,,,,,,,,,,,,,,
4413515463,"Nov 30, 2020, 8:56:57 PM",Afternoon Run,Run,,2028,7.76,174,32,FALSE,,HOKA Arahi 4,activities/4717022535.fit.gz,,,2028,2028,7760.7,4.8,3.827,37.1,37,244,255.6,6,0,,,85,81,,145,,,450,,,32,,,,,,,,,,,,,0,,1,7795.2,,,,,,,,,,,,,,,,7005373,,,,,,,,,,,,,,,,,,,,,,,,,,,,,
4418440331,"Dec 1, 2020, 7:35:38 PM",Afternoon Run,Run,,1558,5.62,150,12,FALSE,,HOKA Arahi 4,activities/4722187583.fit.gz,,,1558,1512,5628.5,5.5,3.723,49.2,49.8,220.8,255.9,12.2,0,,,86,81,,135,,,293,,,12,,,,,,,,,,,,,0,,1,5727.3,,,,,,,,,,,,,,,,7005373,,,,,,,,,,,,,,,,,,,,,,,,,,,,,
4422576074,"Dec 2, 2020, 10:38:32 PM",Afternoon Run,Run,,1669,7.33,174,51,FALSE,,HOKA Arahi 4,activities/4726563259.fit.gz,,,1669,1669,7330.7,6.2,4.392,34.1,35,239.2,255.4,4.4,0,,,92,82,,157,,,425,,,51,,,,,,,,,,,,,0,,1,7359.2,,,,,,,,,,,,,,,,7005373,,,,,,,,,,,,,,,,,,,,,,,,,,,,,
4426871573,"Dec 3, 2020, 8:10:47 PM",Afternoon Run,Run,,2357,8.06,176,51,FALSE,,HOKA Arahi 4,activities/4731084789.fit.gz,,,2357,2094,8064.2,4.8,3.851,70.9,70.8,211.6,264.6,13.9,0,,,85,81,,151,,,509,,,51,,,,,,,,,,,,,0,,1,8190.6,,,,,,,,,,,,,,,,7005373,,,,,,,,,,,,,,,,,,,,,,,,,,,,,
4430610726,"Dec 4, 2020, 8:42:44 PM",Afternoon Run,Run,,2713,10.52,160,57,FALSE,,HOKA Arahi 4,activities/4735057586.fit.gz,,,2713,2713,10526.6,4.9,3.88,109.7,113.7,223.9,264.6,16.5,0,,,85,81,,148,,,626,,,57,,,,,,,,,,,,,0,,1,10740.8,,,,,,,,,,,,,,,,7005373,,,,,,,,,,,,,,,,,,,,,,,,,,,,,
4434568106,"Dec 5, 2020, 9:07:16 PM",Quick loop to get the blood flowing,Ride,,413,2.77,113,1,FALSE,,,activities/4739253734.fit.gz,,,413,413,2774.8,9.3,6.719,10.8,11.9,244,254.8,5.7,0,,,,,,105,,91,65,,,1,,,,,,,,,,,0,,0,,1,,,,,,,,,,,,,,,,,,,,,,,,,,,,,,,,,,,,,,,,,,,,,,
4443972405,"Dec 7, 2020, 7:06:27 PM",Afternoon Run,Run,,3456,12.87,153,14,FALSE,,HOKA Arahi 4,activities/4749175000.fit.gz,,,3456,3363,12875.1,4.6,3.828,70.4,70.4,211.3,264.6,9.6,0,,,84,81,,127,,,510,,,14,,,,,,,,,,,,,0,,1,12967.1,,,,,,,,,,,,,,,,7005373,,,,,,,,,,,,,,,,,,,,,,,,,,,,,
4446746902,"Dec 8, 2020, 2:29:55 PM",Morning Activity,Workout,,839,0.5,114,1,FALSE,,,activities/4752108293.fit.gz,,,839,839,506.1,2.1,0.603,0,,,,0,0,,,64,60,,86,,,28,,,1,,,,,,,,,,,,,0,,1,,,,,,,,,,,,,,,,,,,,,,,,,,,,,,,,,,,,,,,,,,,,,,
4448297036,"Dec 8, 2020, 7:09:07 PM",Hills for the first time in a while,Run,,2955,9.65,181,50,FALSE,,HOKA Arahi 4,activities/4753718066.fit.gz,,,2955,2627,9655.1,5.4,3.675,159.7,159.5,223.9,264.6,16.5,0,,,96,81,,148,,,619,,,50,,,,,,,,,,,0,,0,,1,10278,,,,,,,,,,,,,,,,7005373,,,,,,,,,,,,,,,,,,,,,,,,,,,,,
4451537302,"Dec 9, 2020, 7:04:46 PM",Afternoon Run,Run,,2330,8.75,162,21,FALSE,,HOKA Arahi 4,activities/4757125637.fit.gz,,,2330,2330,8752.3,4.6,3.756,98.8,97.3,227.4,260,13,0,,,84,81,,138,,,463,,,21,,,,,,,,,,,,,0,,1,8911,,,,,,,,,,,,,,,,7005373,,,,,,,,,,,,,,,,,,,,,,,,,,,,,
4452038099,"Dec 9, 2020, 10:00:44 PM",Strapped my watch onto the racing drone,Ride,Had to measure the speed using the watch‚Äôs GPS. Got up to 69.1 mph. And apparently the drone has a heart rate.,99,0.69,145,0,FALSE,,,activities/4757651997.fit.gz,,,99,71,689.8,19.1,9.715,0,-0.1,255.2,257.4,7.1,0,,,,,,115,,179,15,,,0,,,,,,,,,,,0,,0,,1,,,,,,,,,,,,,,,,,,,,,,,,,,,,,,,,,,,,,,,,,,,,,,media/5A8106DD-F167-4CB5-89D5-AC146D894BC8.jpg|media/62A14980-6F60-4B98-8736-7A207B3C3764.jpg|media/F3A099FA-CBD5-4805-A78A-281346DA4DEA.jpg
4456635134,"Dec 11, 2020, 12:45:36 AM",Wasn‚Äôt going to run today but I couldn‚Äôt help myself.,Run,,846,3.64,182,26,FALSE,,HOKA Arahi 4,activities/4762460097.fit.gz,,,846,836,3646.4,5.4,4.362,14,14.9,248,255.5,4.1,0,,,88,83,,159,,,217,,,26,,,,,,,,,,,0,,0,,1,3659.1,,,,,,,,,,,,,,,,7005373,,,,,,,,,,,,,,,,,,,,,,,,,,,,,
4458580991,"Dec 11, 2020, 2:36:42 PM",Morning Run,Run,,3109,8.57,165,35,FALSE,,HOKA Arahi 4,activities/4764517908.fit.gz,,,3109,2168,8572.1,5.9,3.954,24,24.1,244,255.2,5.9,0,,,94,83,,142,,,454,,,35,,,,,,,,,,,,,0,,1,8602,,,,,,,,,,,,,,,,7005373,,,,,,,,,,,,,,,,,,,,,,,,,,,,,
4485523067,"Dec 17, 2020, 10:53:22 PM",Afternoon Swim,Swim,,6328,"2,921",163,49,FALSE,,,activities/4792910013.fit.gz,,,6328,4076,2921.3,4.1,0.717,0,,,,0,0,,,88,50,,118,,,590,,,49,,,,,,,,,,,0,,0,,1,,,,,,,,,,,,,,,,,7005373,,,,,,,,,,,,,,,,,,,,,,,,,,,,,
4488934579,"Dec 18, 2020, 10:52:19 PM",Afternoon Run,Swim,,5845,"3,185",178,46,FALSE,,,activities/4796527855.fit.gz,,,5845,4094,3184.8,6,0.778,0,,,,0,0,,,100,52,,116,,,581,,,46,,,,,,,,,,,0,,0,,1,,,,,,,,,,,,,,,,,7005373,,,,,,,,,,,,,,,,,,,,,,,,,,,,,
4502110948,"Dec 21, 2020, 10:53:54 PM",Afternoon swim,Swim,,5406,"3,747",194,78,FALSE,,,activities/4810462668.fit.gz,,,5406,3860,3747.2,3.8,0.971,0,,,,0,0,,,93,43,,130,,,630,,,78,,,,,,,,,,,0,,0,,1,,,,,,,,,,,,,,,,,,,,,,,,,,,,,,,,,,,,,,,,,,,,,,
4517448869,"Dec 25, 2020, 10:37:28 PM",Christmas run,Run,Tried out a new loop and got to see some of my friends. Hope everybody has had a merry Christmas!,4103,14.09,175,93,FALSE,,HOKA Arahi 4,activities/4826702505.fit.gz,,,4103,3822,14097.6,5.7,3.689,162.6,162.5,221.6,264.2,22.6,0,,,88,81,,153,,,891,,,93,,,,,,,,,,,0,,0,,1,14448.4,,,,,,,,,,,,,,,,7005373,,,,,,,,,,,,,,,,,,,,,,,,,,,,,media/84F32A9E-23F1-4374-AB38-306CDE77D74E.jpg
4566216653,"Dec 29, 2020, 2:21:46 PM",Morning Swim,Swim,,3391,"5,500",183,49,FALSE,,,activities/4878333390.fit.gz,,,3391,3285,5500.3,5.3,1.674,0,,,,0,0,,,121,55,,130,,,541,,,49,,,,,,,,,,,,,0,,1,,,,,,,,,,,,,,,,,,,,,,,,,,,,,,,,,,,,,,,,,,,,,,
4566220928,"Dec 30, 2020, 7:23:00 PM",Afternoon Swim,Swim,,6034,"4,832",173,54,FALSE,,,activities/4878338007.fit.gz,,,6034,4313,4831.7,4.7,1.12,0,,,,0,0,,,104,52,,120,,,625,,,54,,,,,,,,,,,,,0,,1,,,,,,,,,,,,,,,,,7005373,,,,,,,,,,,,,,,,,,,,,,,,,,,,,
4566224867,"Dec 31, 2020, 1:50:32 PM",Morning Swim,Swim,,5257,"3,884",174,50,FALSE,,,activities/4878341896.fit.gz,,,5257,3905,3883.6,5.1,0.995,0,,,,0,0,,,120,55,,119,,,547,,,50,,,,,,,,,,,,,0,,1,,,,,,,,,,,,,,,,,7005373,,,,,,,,,,,,,,,,,,,,,,,,,,,,,
4566229473,"Jan 2, 2021, 1:51:40 PM",Morning Swim,Swim,,6154,"5,349",147,15,FALSE,,,activities/4878346749.fit.gz,,,6154,5109,5349.4,5.2,1.047,0,,,,0,0,,,122,52,,86,,,377,,,15,,,,,,,,,,,,,0,,1,,,,,,,,,,,,,,,,,,,,,,,,,,,,,,,,,,,,,,,,,,,,,,
4566232608,"Jan 4, 2021, 11:49:13 AM",Morning Swim,Swim,,4510,"2,735",154,21,FALSE,,,activities/4878350088.fit.gz,,,4510,3218,2735.3,3.5,0.85,0,,,,0,0,,,80,52,,103,,,347,,,21,,,,,,,,,,,,,0,,1,,,,,,,,,,,,,,,,,,,,,,,,,,,,,,,,,,,,,,,,,,,,,,
4568651874,"Jan 4, 2021, 10:52:09 PM",Afternoon Swim,Swim,,5841,"3,102",153,17,FALSE,,,activities/4880871966.fit.gz,,,5841,3448,3101.6,6.3,0.9,0,,,,0,0,,,108,50,,95,,,326,,,17,,,,,,,,,,,,,0,,1,,,,,,,,,,,,,,,,,7005373,,,,,,,,,,,,,,,,,,,,,,,,,,,,,
4579816769,"Jan 6, 2021, 11:13:08 PM",Making up PE classes Pt. 1,Workout,,1202,0.81,116,2,FALSE,,,activities/4892563091.fit.gz,,,1202,1202,816.6,2.5,0.679,0,,,,0,0,,,78,61,,98,,,92,,,2,,,,,,,,,,,,,0,,1,,,,,,,,,,,,,,,,,,,,,,,,,,,,,,,,,,,,,,,,,,,,,,
4579817293,"Jan 6, 2021, 11:47:31 PM",Making up PE classes Pt. 2,Workout,,1200,1.03,113,2,FALSE,,,activities/4892563688.fit.gz,,,1200,1200,1037.4,5.3,0.864,0,,,,0,0,,,121,69,,94,,,83,,,2,,,,,,,,,,,,,0,,1,,,,,,,,,,,,,,,,,,,,,,,,,,,,,,,,,,,,,,,,,,,,,,
4579817804,"Jan 7, 2021, 12:26:34 AM",Making up PE classes Pt. 3,Workout,,1199,0.61,125,3,FALSE,,,activities/4892564200.fit.gz,,,1199,1199,614.1,2.3,0.512,0,,,,0,0,,,75,53,,101,,,101,,,3,,,,,,,,,,,,,0,,1,,,,,,,,,,,,,,,,,,,,,,,,,,,,,,,,,,,,,,,,,,,,,,
4579817994,"Jan 7, 2021, 1:24:26 AM",Making up PE classes Pt. 4,Workout,,401,0.26,109,0,FALSE,,,activities/4892564391.fit.gz,,,401,401,266.6,2.3,0.665,0,,,,0,0,,,77,53,,96,,,35,,,0,,,,,,,,,,,,,0,,1,,,,,,,,,,,,,,,,,,,,,,,,,,,,,,,,,,,,,,,,,,,,,,
4585062521,"Jan 7, 2021, 10:49:44 PM",Afternoon Swim,Swim,,4587,"3,598",181,66,FALSE,,,activities/4898057387.fit.gz,,,4587,3442,3597.5,3.7,1.045,0,,,,0,0,,,88,44,,128,,,634,,,66,,,,,,,,,,,0,,0,,1,,,,,,,,,,,,,,,,,,,,,,,,,,,,,,,,,,,,,,,,,,,,,,
4586539713,"Jan 8, 2021, 11:50:35 AM",Morning Run,Run,,4787,3.41,175,31,FALSE,,HOKA Arahi 4,activities/4899623960.fit.gz,,,4787,4220,3411.5,3.9,0.808,0,,,,0,0,,,100,52,,123,,,625,,,31,,,,,,,,,,,,,0,,1,,,,,,,,,,,,,,,,,7005373,,,,,,,,,,,,,,,,,,,,,,,,,,,,,
4593294336,"Jan 8, 2021, 10:49:13 PM",Afternoon Run,Run,,4288,3.26,171,13,FALSE,,HOKA Arahi 4,activities/4906679739.fit.gz,,,4288,3580,3260.5,4.7,0.911,0,,,,0,0,,,115,52,,102,,,403,,,13,,,,,,,,,,,,,0,,1,,,,,,,,,,,,,,,,,7005373,,,,,,,,,,,,,,,,,,,,,,,,,,,,,
4627422277,"Jan 11, 2021, 10:26:47 PM",Afternoon Run,Run,,2693,10.1,177,94,FALSE,,HOKA Arahi 4,activities/4942381406.fit.gz,,,2693,2690,10103.8,4.7,3.756,66.4,67.2,245.3,267.4,10.9,0,,,87,81,,162,,,716,,,94,,,,,,,,,,,,,0,,1,10201.5,,,,,,,,,,,,,,,,7005373,,,,,,,,,,,,,,,,,,,,,,,,,,,,,
4627423251,"Jan 13, 2021, 10:47:32 PM",Afternoon swim,Swim,,5703,"3,590",166,49,FALSE,,,activities/4942382492.fit.gz,,,5703,4300,3589.9,4.4,0.835,0,,,,0,0,,,93,49,,119,,,550,,,49,,,,,,,,,,,0,,0,,1,,,,,,,,,,,,,,,,,7005373,,,,,,,,,,,,,,,,,,,,,,,,,,,,,
4627424161,"Jan 15, 2021, 10:47:59 PM",Afternoon swim,Swim,,4736,"5,431",169,45,FALSE,,,activities/4942383460.fit.gz,,,4736,4269,5430.9,4.7,1.272,0,,,,0,0,,,116,52,,121,,,596,,,45,,,,,,,,,,,0,,0,,1,,,,,,,,,,,,,,,,,,,,,,,,,,,,,,,,,,,,,,,,,,,,,,
4654361410,"Jan 20, 2021, 10:06:43 PM",Afternoon Run,Run,,2429,8.78,177,58,FALSE,,HOKA Arahi 4,activities/4970408552.fit.gz,,,2429,2373,8787.4,4.7,3.703,35.4,35.5,238.3,255.8,6.7,0,,,85,80,,153,,,573,,,58,,,,,,,,,,,,,0,,1,8826.3,,,,,,,,,,,,,,,,7005373,,,,,,,,,,,,,,,,,,,,,,,,,,,,,
4659567994,"Jan 21, 2021, 10:09:20 PM",My route today: yes,Run,,2523,9.76,181,64,FALSE,,HOKA Arahi 4,activities/4975822121.fit.gz,,,2523,2523,9764.1,5.2,3.87,43.8,43.9,243.5,255,5.9,0,,,85,81,,153,,,602,,,64,,,,,,,,,,,0,,0,,1,9830.1,,,,,,,,,,,,,,,,7005373,,,,,,,,,,,,,,,,,,,,,,,,,,,,,
4664780576,"Jan 22, 2021, 11:28:24 PM",Beautiful night from the top of Paha,Run,,2091,6.77,169,37,FALSE,,HOKA Arahi 4,activities/4981247928.fit.gz,,,2091,1818,6772.6,4.6,3.725,43.5,43.4,249.7,273.9,24.3,0,,,85,81,,147,,,404,,,37,,,,,,,,,,,0,,0,,1,6872.1,,,,,,,,,,,,,,,,7005373,,,,,,,,,,,,,,,,,,,,,,,,,,,,,media/E3A0F46D-0B4A-434C-8CF6-FE857D0DA80A.jpg|media/857FB173-9168-4F2F-903C-6128C4DCC6D9.jpg
4678757971,"Jan 25, 2021, 11:48:02 AM",Morning Run,Run,,6145,4.54,175,38,FALSE,,HOKA Arahi 4,activities/4995854607.fit.gz,,,6145,5020,4541,3.7,0.905,0,,,,0,0,,,90,54,,122,,,621,,,38,,,,,,,,,,,,,0,,1,,,,,,,,,,,,,,,,,7005373,,,,,,,,,,,,,,,,,,,,,,,,,,,,,
4687132516,"Jan 26, 2021, 10:46:52 PM",Afternoon Run,Run,,5064,4.28,178,38,FALSE,,HOKA Arahi 4,activities/5004518438.fit.gz,,,5064,3614,4279.5,4.8,1.184,0,,,,0,0,,,115,55,,127,,,596,,,38,,,,,,,,,,,,,0,,1,,,,,,,,,,,,,,,,,7005373,,,,,,,,,,,,,,,,,,,,,,,,,,,,,
4702284734,"Jan 29, 2021, 10:53:11 PM",Afternoon Run,Run,,4378,3.17,169,14,FALSE,,HOKA Arahi 4,activities/5020281375.fit.gz,,,4378,2559,3174.1,4,1.24,0,,,,0,0,,,90,57,,108,,,317,,,14,,,,,,,,,,,,,0,,1,,,,,,,,,,,,,,,,,7005373,,,,,,,,,,,,,,,,,,,,,,,,,,,,,
4714529353,"Jan 31, 2021, 11:01:57 PM",Afternoon Walk,Walk,,2469,2.53,123,5,FALSE,,HOKA Arahi 4,activities/5033038783.fit.gz,,,2469,2469,2531.3,3.4,1.025,0,,,,0,0,,,78,50,,94,,,196,,,5,,,,,,,,,,,,,0,,1,,,,,,,,,,,,,,,,,7005373,,,,,,,,,,,,,,,,,,,,,,,,,,,,,
4811979201,"Feb 10, 2021, 10:26:32 PM",Afternoon Run,Run,,3359,9.44,177,67,FALSE,,HOKA Arahi 4,activities/5134095509.fit.gz,,,3359,2610,9445.8,6.5,3.619,0,,,,0,0,,,97,79,,144,,,647,,,67,,,,,,,,,,,,,0,,1,,,,,,,,,,,,,,,,,7005373,,,,,,,,,,,,,,,,,,,,,,,,,,,,,
4811981269,"Feb 15, 2021, 10:20:37 PM",The great ankle sprain,Run,Rolled the ankle on the first run back...it made a weird popping sound...not good,2582,8.13,173,58,FALSE,,HOKA Arahi 4,activities/5134097526.fit.gz,,,2582,2404,8135.7,7.4,3.384,41.8,41.8,241.6,256.1,11.9,0,,,104,80,,152,,,569,,,58,,,,,,,,,,,0,,0,,1,8181.8,,,,,,,,,,,,,,,,7005373,,,,,,,,,,,,,,,,,,,,,,,,,,,,,
4811983139,"Feb 16, 2021, 10:24:47 PM",Elliptical ,Workout,,2400,1.38,179,54,FALSE,,,activities/5134099666.fit.gz,,,2400,2400,1382.2,2.8,0.576,0,,,,0,0,,,98,67,,150,,,549,,,54,,,,,,,,,,,0,,0,,1,,,,,,,,,,,,,,,,,,,,,,,,,,,,,,,,,,,,,,,,,,,,,,
4811984534,"Feb 17, 2021, 10:39:37 PM",Elliptical all out,Workout,,1809,0.27,180,84,FALSE,,,activities/5134101107.fit.gz,,,1809,1809,274.1,2.3,0.152,0,,,,0,0,,,94,61,,169,,,481,,,84,,,,,,,,,,,0,,0,,1,,,,,,,,,,,,,,,,,,,,,,,,,,,,,,,,,,,,,,,,,,,,,,
4811987168,"Feb 18, 2021, 10:30:05 PM",I forgot to stop the watch. Soiled the average pace :(,Run,,3517,8.21,170,42,FALSE,,HOKA Arahi 4,activities/5134103625.fit.gz,,,3517,2925,8209.8,7.6,2.807,20.1,20.3,241.1,253.5,14,0,,,116,80,,146,,,530,,,42,,,,,,,,,,,0,,0,,1,8252.2,,,,,,,,,,,,,,,,7005373,,,,,,,,,,,,,,,,,,,,,,,,,,,,,
4814914234,"Feb 19, 2021, 10:21:54 PM",Afternoon Run,Run,,2687,8.84,161,25,FALSE,,HOKA Arahi 4,activities/5137128979.fit.gz,,,2687,2621,8846.1,5.2,3.375,60.7,60.4,241.4,267.4,25.6,0,,,87,80,,140,,,496,,,25,,,,,,,,,,,,,0,,1,8953.9,,,,,,,,,,,,,,,,7005373,,,,,,,,,,,,,,,,,,,,,,,,,,,,,
4821311276,"Feb 20, 2021, 11:57:26 PM",Skiing at Sundown,Alpine Ski,,10942,17.89,,,FALSE,,,activities/4821311276.gpx,,,10942,7078,17896.5,18.7,2.528,1684.8,1617.2,219,352.1,50,0.4,,,,,,,,,,,,,,14,,,,,,,,,,,0,,1,,,,,,,,,,,,,,,,,,,,,,,,,,,,,,,,,,,,,,,,,,,,,,
4874810279,"Feb 22, 2021, 10:31:38 PM",Afternoon Run,Run,,3036,9.64,168,34,FALSE,,HOKA Arahi 4,activities/5200539550.fit.gz,,,3036,2855,9648.9,8.6,3.38,79.2,79.6,223.9,265,9,0,,,100,81,,142,,,572,,,34,,,,,,,,,,,,,0,,1,9749.8,,,,,,,,,,,,,,,,7005373,,,,,,,,,,,,,,,,,,,,,,,,,,,,,
4874811017,"Feb 23, 2021, 10:24:35 PM",Afternoon Run,Run,,2327,8.38,157,16,FALSE,,HOKA Arahi 4,activities/5200540363.fit.gz,,,2327,2028,8379.2,8.1,4.132,34.9,35.5,241.4,256.1,13.1,0,,,106,82,,137,,,385,,,16,,,,,,,,,,,,,0,,1,8417.1,,,,,,,,,,,,,,,,7005373,,,,,,,,,,,,,,,,,,,,,,,,,,,,,
4874811784,"Feb 24, 2021, 10:24:06 PM",Afternoon Run,Run,,2322,8.23,168,36,FALSE,,HOKA Arahi 4,activities/5200541148.fit.gz,,,2322,2287,8230.4,4.9,3.599,48.5,48.4,241.5,263.6,10.9,0,,,86,80,,145,,,492,,,36,,,,,,,,,,,,,0,,1,8304.6,,,,,,,,,,,,,,,,7005373,,,,,,,,,,,,,,,,,,,,,,,,,,,,,
4874812756,"Feb 25, 2021, 10:30:36 PM",Afternoon Run,Run,,2658,8.69,178,58,FALSE,,HOKA Arahi 4,activities/5200542110.fit.gz,,,2658,2340,8694.4,7.9,3.716,65.2,66.2,241.4,266.5,10,0,,,108,81,,154,,,570,,,58,,,,,,,,,,,,,0,,1,8797.9,,,,,,,,,,,,,,,,7005373,,,,,,,,,,,,,,,,,,,,,,,,,,,,,
4874813642,"Feb 26, 2021, 10:28:47 PM",Afternoon Run,Run,,2401,8.88,184,85,FALSE,,HOKA Arahi 4,activities/5200542989.fit.gz,,,2401,2401,8887.2,10.2,3.701,64.9,66.6,239.2,267.4,12.8,0,,,89,81,,162,,,610,,,85,,,,,,,,,,,,,0,,1,8974.8,,,,,,,,,,,,,,,,7005373,,,,,,,,,,,,,,,,,,,,,,,,,,,,,
4874814105,"Feb 27, 2021, 10:44:26 PM",Afternoon Run,Run,,1506,5.93,181,32,FALSE,,HOKA Arahi 4,activities/5200543568.fit.gz,,,1506,1501,5933.1,5.6,3.953,21.7,20.9,245.3,253.6,6.7,0,,,89,81,,149,,,340,,,32,,,,,,,,,,,,,0,,1,5958.3,,,,,,,,,,,,,,,,7005373,,,,,,,,,,,,,,,,,,,,,,,,,,,,,
4874814878,"Feb 28, 2021, 9:41:17 PM",Afternoon Run,Run,,1797,6.73,176,41,FALSE,,HOKA Arahi 4,activities/5200544287.fit.gz,,,1797,1797,6735.9,4.8,3.748,41.8,41,233.9,252.9,8,0,,,87,82,,150,,,416,,,41,,,,,,,,,,,,,0,,1,6788.8,,,,,,,,,,,,,,,,7005373,,,,,,,,,,,,,,,,,,,,,,,,,,,,,
4874815682,"Mar 1, 2021, 11:07:02 PM",Afternoon Run,Run,,2295,8.24,178,66,FALSE,,HOKA Arahi 4,activities/5200545158.fit.gz,,,2295,2202,8243.3,6.2,3.744,72.8,63.2,232,267.4,10.3,0.1,,,95,82,,159,,,545,,,66,,,,,,,,,,,,,0,,1,8361.9,,,,,,,,,,,,,,,,7005373,,,,,,,,,,,,,,,,,,,,,,,,,,,,,
4881022515,"Mar 2, 2021, 11:01:52 PM",Afternoon Run,Run,,1280,4.22,181,31,FALSE,,HOKA Arahi 4,activities/5206974653.fit.gz,,,1280,1153,4224.3,6.4,3.664,16.5,16.6,241.1,256.1,12.2,0,,,96,82,,154,,,278,,,31,,,,,,,,,,,,,0,,1,4242.4,,,,,,,,,,,,,,,,7005373,,,,,,,,,,,,,,,,,,,,,,,,,,,,,
4886887947,"Mar 3, 2021, 11:00:46 PM",Afternoon Run,Run,,2950,10.35,174,30,FALSE,,HOKA Arahi 4,activities/5213109525.fit.gz,,,2950,2838,10356.7,8.1,3.649,87.8,88.2,223.9,265,14.7,0,,,108,82,,139,,,541,,,30,,,,,,,,,,,,,0,,1,10480.6,,,,,,,,,,,,,,,,7005373,,,,,,,,,,,,,,,,,,,,,,,,,,,,,
4893744026,"Mar 4, 2021, 10:53:35 PM",Afternoon Run,Run,,2978,7.96,161,32,FALSE,,HOKA Arahi 4,activities/5220309768.fit.gz,,,2978,2056,7963.5,8.3,3.873,23.1,23.5,241.4,256.1,10.6,0,,,115,82,,144,,,428,,,32,,,,,,,,,,,,,0,,1,7991.8,,,,,,,,,,,,,,,,7005373,,,,,,,,,,,,,,,,,,,,,,,,,,,,,
4894698690,"Mar 5, 2021, 12:55:42 PM",Morning Run,Run,,1438,4.86,180,41,FALSE,,HOKA Arahi 4,activities/5221313547.fit.gz,,,1438,1405,4868.2,4.1,3.465,20.8,20.8,241.1,259.8,15.2,0,,,84,81,,156,,,340,,,41,,,,,,,,,,,,,0,,1,4901.3,,,,,,,,,,,,,,,,7005373,,,,,,,,,,,,,,,,,,,,,,,,,,,,,
4897044784,"Mar 5, 2021, 10:51:56 PM",Afternoon Run,Run,,3025,10.06,168,55,FALSE,,HOKA Arahi 4,activities/5223779970.fit.gz,,,3025,2937,10063.3,4.2,3.426,80.7,80.8,232,267.4,10.8,0,,,83,79,,148,,,625,,,55,,,,,,,,,,,,,0,,1,10169.4,,,,,,,,,,,,,,,,7005373,,,,,,,,,,,,,,,,,,,,,,,,,,,,,
4902212930,"Mar 6, 2021, 2:18:00 PM",Morning Run,Run,,3187,12.87,175,92,FALSE,,HOKA Arahi 4,activities/5229242119.fit.gz,,,3187,3187,12874.2,5.6,4.04,87.5,86.5,226.8,255.6,12,0,,,86,82,,157,,,749,,,92,,,,,,,,,,,,,0,,1,12965.4,,,,,,,,,,,,,,,,7005373,,,,,,,,,,,,,,,,,,,,,,,,,,,,,
4921099513,"Mar 8, 2021, 10:44:35 PM",Afternoon Run,Run,,3130,10.43,177,46,FALSE,,HOKA Arahi 4,activities/5249212350.fit.gz,,,3130,2882,10430.8,7.7,3.619,72.9,71.8,232,267.4,10.9,0,,,120,80,,147,,,618,,,46,,,,,,,,,,,,,0,,1,10540.5,,,,,,,,,,,,,,,,7005373,,,,,,,,,,,,,,,,,,,,,,,,,,,,,
4921099759,"Mar 9, 2021, 9:28:39 PM",Pre race,Run,,633,2.09,173,16,FALSE,,HOKA Arahi 4,activities/5249212800.fit.gz,,,633,624,2096,5.2,3.359,15.4,15.6,276.8,287.2,6.9,0,,,85,80,,152,,,151,,,16,,,,,,,,,,,0,,0,,1,2123.7,,,,,,,,,,,,,,,,7005373,,,,,,,,,,,,,,,,,,,,,,,,,,,,,
4921101927,"Mar 9, 2021, 10:49:44 PM",Post race,Run,"Kinda disappointed with my race, but this exploration run made up for it.",2744,10.66,174,92,FALSE,,HOKA Arahi 4,activities/5249214858.fit.gz,,,2744,2671,10659.6,5.5,3.991,58.1,58.2,265.3,286.7,8.8,0,,,86,81,,161,,,675,,,92,,,,,,,,,,,0,,0,,1,10735.2,,,,,,,,,,,,,,,,7005373,,,,,,,,,,,,,,,,,,,,,,,,,,,,,
4930859633,"Mar 10, 2021, 10:59:48 PM",Afternoon Run,Run,,3010,10.65,191,87,FALSE,,HOKA Arahi 4,activities/5259512765.fit.gz,,,3010,2895,10651.7,9.3,3.679,35.8,37.1,241.1,257.8,12.7,0,,,98,82,,157,,,700,,,87,,,,,,,,,,,,,0,,1,10700.2,,,,,,,,,,,,,,,,7005373,,,,,,,,,,,,,,,,,,,,,,,,,,,,,
4932204343,"Mar 11, 2021, 10:50:39 PM",Afternoon Run,Run,,2890,9.37,178,56,FALSE,,HOKA Arahi 4,activities/5260917342.fit.gz,,,2890,2390,9378.6,8.1,3.924,9.7,9.6,248.8,251.3,3.6,0,,,112,83,,152,,,548,,,56,,,,,,,,,,,,,0,,1,9397.3,,,,,,,,,,,,,,,,7005373,,,,,,,,,,,,,,,,,,,,,,,,,,,,,
4933940318,"Mar 12, 2021, 12:54:28 PM",Morning Run,Run,,3056,10.57,183,51,FALSE,,HOKA Arahi 4,activities/5262766176.fit.gz,,,3056,2986,10571.5,4.5,3.54,41.1,40.8,241.1,259.8,19.4,0,,,86,80,,146,,,630,,,51,,,,,,,,,,,,,0,,1,10633,,,,,,,,,,,,,,,,7005373,,,,,,,,,,,,,,,,,,,,,,,,,,,,,
4940603778,"Mar 12, 2021, 9:51:48 PM",Afternoon Run,Run,,1536,5.95,171,16,FALSE,,HOKA Arahi 4,activities/5269801029.fit.gz,,,1536,1521,5957.8,5.1,3.917,20.7,21,239.8,256.1,5.8,0,,,85,82,,140,,,309,,,16,,,,,,,,,,,,,0,,1,5988.5,,,,,,,,,,,,,,,,7005373,,,,,,,,,,,,,,,,,,,,,,,,,,,,,
4940608020,"Mar 13, 2021, 2:18:59 PM",Gettin‚Äô back in the groove,Run,,3401,14.49,178,139,FALSE,,HOKA Arahi 4,activities/5269805235.fit.gz,,,3401,3401,14495.2,5.9,4.262,124.2,124.3,223.8,265,10.7,0,,,89,84,,166,,,882,,,139,,,,,,,,,,,0,,0,,1,14667.5,,,,,,,,,,,,,,,,7005373,,,,,,,,,,,,,,,,,,,,,,,,,,,,,
4953832377,"Mar 16, 2021, 12:15:01 AM",Evening Run,Run,,2124,8.08,186,57,FALSE,,HOKA Arahi 4,activities/5283741321.fit.gz,,,2124,2094,8086.9,4.8,3.862,28,28.8,246.8,255.2,5.1,0,,,89,82,,155,,,496,,,57,,,,,,,,,,,,,0,,1,8121.2,,,,,,,,,,,,,,,,7005373,,,,,,,,,,,,,,,,,,,,,,,,,,,,,
4958080618,"Mar 16, 2021, 2:37:32 PM",Morning Run,Run,,2717,10.81,177,52,FALSE,,HOKA Arahi 4,activities/5288191894.fit.gz,,,2717,2638,10815.3,6.4,4.1,57.6,56.7,241.4,256.1,6.7,0,,,98,84,,148,,,592,,,52,,,,,,,,,,,,,0,,1,10876.5,,,,,,,,,,,,,,,,7005373,,,,,,,,,,,,,,,,,,,,,,,,,,,,,
4963706098,"Mar 17, 2021, 2:13:38 PM",Morning Run,Run,,3073,10.54,170,47,FALSE,,HOKA Arahi 4,activities/5294061838.fit.gz,,,3073,2969,10545.4,7.7,3.552,78.6,79.6,223.9,265,9.3,0,,,105,81,,144,,,618,,,47,,,,,,,,,,,,,0,,1,10665.7,,,,,,,,,,,,,,,,7005373,,,,,,,,,,,,,,,,,,,,,,,,,,,,,
4969190652,"Mar 18, 2021, 2:39:39 PM",Morning Run,Run,,3160,10.53,190,71,FALSE,,HOKA Arahi 4,activities/5299790310.fit.gz,,,3160,3007,10532.9,8,3.503,121.1,119.3,241.4,263.6,6.7,0,,,122,82,,150,,,685,,,71,,,,,,,,,,,,,0,,1,10711.8,,,,,,,,,,,,,,,,7005373,,,,,,,,,,,,,,,,,,,,,,,,,,,,,
4972128723,"Mar 19, 2021, 11:01:09 AM",Morning Run,Run,,1974,6.86,147,10,FALSE,,HOKA Arahi 4,activities/5302861615.fit.gz,,,1974,1974,6865.3,4.1,3.478,29.8,30.5,247.7,255.5,7,0,,,84,81,,133,,,348,,,10,,,,,,,,,,,,,0,,1,6902.5,,,,,,,,,,,,,,,,7005373,,,,,,,,,,,,,,,,,,,,,,,,,,,,,
4978384893,"Mar 20, 2021, 1:33:36 PM",Trail running hills,Run,,2298,8.12,182,56,FALSE,,HOKA Arahi 4,activities/5309406552.fit.gz,,,2298,2298,8122.7,5.7,3.535,222.2,137.3,360.1,465.6,46,1,,,92,82,,153,,,541,,,56,,,,,,,,,,,0,,0,,1,9235.5,,,,,,,,,,,,,,,,7005373,,,,,,,,,,,,,,,,,,,,,,,,,,,,,media/43057F79-F096-4A20-A3EE-40764D6186B7.jpg|media/C3F52967-7435-43AB-A45A-AB62E36333EE.jpg|media/4B922074-9CEC-4394-ABF8-F7BA48DCB87F.jpg
4999309457,"Mar 22, 2021, 9:39:44 PM",Afternoon Run,Run,,3094,11,181,95,FALSE,,HOKA Arahi 4,activities/5331300524.fit.gz,,,3094,2988,11001.8,7.9,3.682,81.8,80.8,232,267.4,11.1,0,,,107,81,,160,,,741,,,95,,,,,,,,,,,,,0,,1,11117.6,,,,,,,,,,,,,,,,7005373,,,,,,,,,,,,,,,,,,,,,,,,,,,,,
4999311600,"Mar 23, 2021, 9:47:19 PM",Afternoon Run,Run,,2985,10.3,193,70,FALSE,,HOKA Arahi 4,activities/5331302757.fit.gz,,,2985,2614,10300.8,7.6,3.941,4.8,5.1,248.8,251.3,3.6,0,,,109,83,,155,,,616,,,70,,,,,,,,,,,,,0,,1,10318.9,,,,,,,,,,,,,,,,7005373,,,,,,,,,,,,,,,,,,,,,,,,,,,,,
5005490291,"Mar 24, 2021, 10:04:32 PM",Afternoon Run,Run,,3151,10.55,175,44,FALSE,,HOKA Arahi 4,activities/5337770895.fit.gz,,,3151,3104,10557,7.5,3.401,76.9,75.9,228.3,265,14,0,,,101,81,,142,,,616,,,44,,,,,,,,,,,,,0,,1,10670.5,,,,,,,,,,,,,,,,7005373,,,,,,,,,,,,,,,,,,,,,,,,,,,,,
5014868952,"Mar 25, 2021, 9:31:44 PM",Afternoon Run,Run,,2813,9.33,148,15,FALSE,,HOKA Arahi 4,activities/5347623612.fit.gz,,,2813,2698,9336.9,6.8,3.461,73.5,72.2,232,267.4,12.5,0,,,111,81,,134,,,453,,,15,,,,,,,,,,,,,0,,1,9446.7,,,,,,,,,,,,,,,,7005373,,,,,,,,,,,,,,,,,,,,,,,,,,,,,
5016447089,"Mar 26, 2021, 8:07:06 PM",Afternoon Run,Run,,955,3.22,168,19,FALSE,,HOKA Arahi 4,activities/5349289132.fit.gz,,,955,942,3227.9,4.2,3.427,0,0,228.8,231.1,3.8,0,,,84,81,,147,,,213,,,19,,,,,,,,,,,,,0,,1,3232.5,,,,,,,,,,,,,,,,7005373,,,,,,,,,,,,,,,,,,,,,,,,,,,,,
5016447423,"Mar 26, 2021, 9:48:03 PM",Afternoon Run,Run,,1006,3.21,177,22,FALSE,,HOKA Arahi 4,activities/5349289526.fit.gz,,,1006,992,3217.5,3.8,3.243,4.3,4.3,226.4,231.1,3.4,0,,,83,80,,151,,,233,,,22,,,,,,,,,,,,,0,,1,3222.8,,,,,,,,,,,,,,,,7005373,,,,,,,,,,,,,,,,,,,,,,,,,,,,,
5018597039,"Mar 26, 2021, 9:00:45 PM",3200,Run,Felt good about this one. Biggg pr ,586,3.21,,,FALSE,,HOKA Arahi 4,,,,586,586,3218.7,,5.493,,,,,,0,,,,,,,,,269,,,,,,,,,10,,,,,0,35,0,,0,,,,,,,,,,,,,,,,,7005373,,,,,,,,,,,,,,,,,,,,,,,,,,,,,
5021223654,"Mar 27, 2021, 1:32:40 PM",Morning Run,Run,,4122,14.69,178,114,FALSE,,HOKA Arahi 4,activities/5354321195.fit.gz,,,4122,4122,14698.5,4.4,3.566,85.4,85.2,234.5,256.1,7,0,,,87,82,,156,,,953,,,114,,,,,,,,,,,,,0,,1,14791.4,,,,,,,,,,,,,,,,7005373,,,,,,,,,,,,,,,,,,,,,,,,,,,,,
5047328292,"Mar 28, 2021, 11:35:51 PM",Evening Run,Run,,1543,5.63,171,18,FALSE,,HOKA Arahi 4,activities/5381670617.fit.gz,,,1543,1543,5629.6,4.2,3.648,34.3,34.2,235.2,252.1,5.8,0,,,84,81,,142,,,315,,,18,,,,,,,,,,,,,0,,1,5659.4,,,,,,,,,,,,,,,,7005373,,,,,,,,,,,,,,,,,,,,,,,,,,,,,
5047329309,"Mar 29, 2021, 9:41:41 PM",Afternoon Run,Run,,3451,11.4,171,82,FALSE,,HOKA Arahi 4,activities/5381671617.fit.gz,,,3451,3211,11402,7.9,3.551,85.5,85.1,232,267.4,10.9,0,,,101,81,,153,,,720,,,82,,,,,,,,,,,,,0,,1,11522.7,,,,,,,,,,,,,,,,7005373,,,,,,,,,,,,,,,,,,,,,,,,,,,,,
5047330015,"Mar 30, 2021, 9:34:44 PM",Afternoon Run,Run,,3071,10.53,154,15,FALSE,,HOKA Arahi 4,activities/5381672401.fit.gz,,,3071,2662,10537.4,7.7,3.958,81.5,81.1,224.6,265,7.9,0,,,107,83,,134,,,448,,,15,,,,,,,,,,,,,0,,1,10639.9,,,,,,,,,,,,,,,,7005373,,,,,,,,,,,,,,,,,,,,,,,,,,,,,
5047330888,"Mar 31, 2021, 9:59:10 PM",Afternoon Run,Run,,3081,10.37,155,14,FALSE,,HOKA Arahi 4,activities/5381673293.fit.gz,,,3081,2946,10373.6,8.1,3.521,70,59.8,232,267.4,13.8,0.1,,,111,82,,133,,,474,,,14,,,,,,,,,,,,,0,,1,10501.5,,,,,,,,,,,,,,,,7005373,,,,,,,,,,,,,,,,,,,,,,,,,,,,,
5056119523,"Apr 1, 2021, 9:48:26 PM",Afternoon Run,Run,,729,1.94,152,6,FALSE,,HOKA Arahi 4,activities/5390918703.fit.gz,,,729,602,1940,4,3.223,3.4,-1.1,235.3,240.7,31.6,0.2,,,110,80,,137,,,120,,,6,,,,,,,,,,,,,0,,1,1972.8,,,,,,,,,,,,,,,,7005373,,,,,,,,,,,,,,,,,,,,,,,,,,,,,
5056121029,"Apr 2, 2021, 12:25:35 AM",Evening Run,Run,,1645,3.27,149,8,FALSE,,HOKA Arahi 4,activities/5390920143.fit.gz,,,1645,946,3273.5,4.8,3.46,23,23,234.2,243.9,12.6,0,,,84,81,,137,,,185,,,8,,,,,,,,,,,,,0,,1,3313.7,,,,,,,,,,,,,,,,7005373,,,,,,,,,,,,,,,,,,,,,,,,,,,,,
5056121772,"Apr 2, 2021, 1:50:38 AM",Evening Run,Run,,616,1.63,154,8,FALSE,,HOKA Arahi 4,activities/5390920977.fit.gz,,,616,563,1636.7,5.5,2.907,14.4,13,235.3,240.7,17.5,0.1,,,83,80,,142,,,118,,,8,,,,,,,,,,,,,0,,1,1701.5,,,,,,,,,,,,,,,,7005373,,,,,,,,,,,,,,,,,,,,,,,,,,,,,
5056125755,"Apr 2, 2021, 2:24:19 PM",Morning Run,Run,,2929,10.5,178,52,FALSE,,HOKA Arahi 4,activities/5390924929.fit.gz,,,2929,2921,10507.5,5.3,3.597,66.6,68.4,247.8,259.6,12.5,0,,,93,82,,148,,,620,,,52,,,,,,,,,,,,,0,,1,10577,,,,,,,,,,,,,,,,7005373,,,,,,,,,,,,,,,,,,,,,,,,,,,,,
5063494490,"Apr 3, 2021, 1:18:15 PM",Morning Run,Run,,3205,12.87,193,160,FALSE,,HOKA Arahi 4,activities/5398672887.fit.gz,,,3205,3205,12875.3,6.5,4.017,75.5,77.7,241.4,256.7,6.4,0,,,96,83,,170,,,840,,,160,,,,,,,,,,,,,0,,1,12947.4,,,,,,,,,,,,,,,,7005373,,,,,,,,,,,,,,,,,,,,,,,,,,,,,
5063494713,"Apr 3, 2021, 2:13:55 PM",Morning Run,Run,,494,1.71,187,32,FALSE,,HOKA Arahi 4,activities/5398673307.fit.gz,,,494,494,1712,4.2,3.466,4.8,4.5,248.8,251.3,4.4,0,,,86,82,,179,,,134,,,32,,,,,,,,,,,,,0,,1,1718.4,,,,,,,,,,,,,,,,7005373,,,,,,,,,,,,,,,,,,,,,,,,,,,,,
5077041304,"Apr 5, 2021, 8:36:17 PM",Afternoon Run,Run,,5699,11.39,179,43,FALSE,,HOKA Arahi 4,activities/5412880527.fit.gz,,,5699,3198,11397.7,7.4,3.564,44.7,44.7,238.3,259.7,10.2,0,,,102,81,,142,,,612,,,43,,,,,,,,,,,,,0,,1,11467.1,,,,,,,,,,,,,,,,7005373,,,,,,,,,,,,,,,,,,,,,,,,,,,,,
5082771729,"Apr 6, 2021, 8:45:26 PM",Afternoon Run,Run,,973,3.22,156,13,FALSE,,HOKA Arahi 4,activities/5418855017.fit.gz,,,973,893,3221.7,4.8,3.608,4.3,4.5,237,241.6,2.8,0,,,85,80,,143,,,187,,,13,,,,,,,,,,,,,0,,1,3225.7,,,,,,,,,,,,,,,,7005373,,,,,,,,,,,,,,,,,,,,,,,,,,,,,
5082772087,"Apr 6, 2021, 11:45:10 PM",Evening Run,Run,,1041,3.42,176,34,FALSE,,HOKA Arahi 4,activities/5418855404.fit.gz,,,1041,1041,3420,4.2,3.285,9.1,8.7,236.3,242.9,8.2,0,,,86,80,,160,,,254,,,34,,,,,,,,,,,,,0,,1,3435.9,,,,,,,,,,,,,,,,7005373,,,,,,,,,,,,,,,,,,,,,,,,,,,,,
5088257446,"Apr 7, 2021, 9:31:30 PM",Afternoon Run,Run,,2849,10.06,184,55,FALSE,,HOKA Arahi 4,activities/5424574004.fit.gz,,,2849,2829,10063.6,8.4,3.557,38.1,38.8,239.8,267.6,10.9,0,,,107,81,,149,,,587,,,55,,,,,,,,,,,,,0,,1,10124.5,,,,,,,,,,,,,,,,7005373,,,,,,,,,,,,,,,,,,,,,,,,,,,,,
5094239597,"Apr 8, 2021, 9:40:19 PM",Afternoon Run,Run,,1213,3.39,169,17,FALSE,,HOKA Arahi 4,activities/5430816608.fit.gz,,,1213,975,3395.6,5.7,3.483,7,8.1,211,217.5,8.2,0,,,92,81,,147,,,207,,,17,,,,,,,,,,,,,0,,1,3412.7,,,,,,,,,,,,,,,,7005373,,,,,,,,,,,,,,,,,,,,,,,,,,,,,
5094239746,"Apr 8, 2021, 10:30:41 PM",Afternoon Run,Run,,562,1.59,155,4,FALSE,,HOKA Arahi 4,activities/5430816803.fit.gz,,,562,554,1589.7,3.7,2.869,4.2,7.8,208.7,216.3,2.7,-0.2,,,84,79,,137,,,105,,,4,,,,,,,,,,,,,0,,1,1584.6,,,,,,,,,,,,,,,,7005373,,,,,,,,,,,,,,,,,,,,,,,,,,,,,
5094239909,"Apr 8, 2021, 10:51:38 PM",Afternoon Run,Run,,532,1.61,140,2,FALSE,,HOKA Arahi 4,activities/5430816958.fit.gz,,,532,509,1610.5,4.1,3.164,7.3,4,208.8,216.3,10.2,0.2,,,116,80,,131,,,90,,,2,,,,,,,,,,,,,0,,1,1628.3,,,,,,,,,,,,,,,,7005373,,,,,,,,,,,,,,,,,,,,,,,,,,,,,
5094240139,"Apr 9, 2021, 12:07:11 AM",Evening Run,Run,,961,2.49,165,16,FALSE,,HOKA Arahi 4,activities/5430817208.fit.gz,,,961,759,2497.6,4.6,3.291,5.6,4.6,210.8,217.5,11.2,0,,,86,80,,150,,,168,,,16,,,,,,,,,,,,,0,,1,2522.4,,,,,,,,,,,,,,,,7005373,,,,,,,,,,,,,,,,,,,,,,,,,,,,,
5099388078,"Apr 9, 2021, 9:36:12 PM",Afternoon Run,Run,,2422,8.9,174,63,FALSE,,HOKA Arahi 4,activities/5436211861.fit.gz,,,2422,2407,8908.3,4.7,3.701,73.5,73.5,241.4,265,7.7,0,,,88,82,,155,,,543,,,63,,,,,,,,,,,,,0,,1,9008.5,,,,,,,,,,,,,,,,7005373,,,,,,,,,,,,,,,,,,,,,,,,,,,,,
5117136181,"Apr 12, 2021, 9:42:33 PM",Afternoon Run,Run,,2605,9.15,177,98,FALSE,,HOKA Arahi 4,activities/5454830372.fit.gz,,,2605,2519,9149,4.7,3.632,81.4,81.8,232,267.4,10.6,0,,,86,82,,164,,,624,,,98,,,,,,,,,,,,,0,,1,9256.2,,,,,,,,,,,,,,,,7005373,,,,,,,,,,,,,,,,,,,,,,,,,,,,,
5123320593,"Apr 13, 2021, 9:12:23 PM",Afternoon Run,Run,,933,3.22,165,11,FALSE,,HOKA Arahi 4,activities/5461280377.fit.gz,,,933,933,3226.2,4.1,3.458,15.7,16,241.4,256.1,9.1,0,,,85,82,,138,,,180,,,11,,,,,,,,,,,,,0,,1,3241.5,,,,,,,,,,,,,,,,7005373,,,,,,,,,,,,,,,,,,,,,,,,,,,,,
5123320952,"Apr 13, 2021, 11:44:06 PM",Evening Run,Run,,933,3.24,158,11,FALSE,,HOKA Arahi 4,activities/5461280750.fit.gz,,,933,933,3244.5,4.1,3.477,17,17.7,241.4,256.1,13,0,,,84,82,,141,,,188,,,11,,,,,,,,,,,,,0,,1,3263.7,,,,,,,,,,,,,,,,7005373,,,,,,,,,,,,,,,,,,,,,,,,,,,,,
5128623369,"Apr 14, 2021, 11:33:14 PM",Running (walking) Pneumonia,Run,,1416,4.92,148,10,FALSE,,HOKA Arahi 4,activities/5466807929.fit.gz,,,1416,1416,4928.4,5.7,3.481,31.1,29.9,226.6,252.9,6.1,0,,,87,83,,135,,,259,,,10,,,,,,,,,,,0,,0,,1,4962.5,,,,,,,,,,,,,,,,7005373,,,,,,,,,,,,,,,,,,,,,,,,,,,,,media/2874E926-3F6C-4293-B664-CCB5A409026B.jpg
5133989243,"Apr 15, 2021, 10:14:49 PM",Afternoon Run,Run,,3614,13.18,161,50,FALSE,,HOKA Arahi 4,activities/5472383223.fit.gz,,,3614,3561,13180.4,5.2,3.701,94,93.2,230.3,254.3,7.3,0,,,87,82,,143,,,667,,,50,,,,,,,,,,,,,0,,1,13287.2,,,,,,,,,,,,,,,,7005373,,,,,,,,,,,,,,,,,,,,,,,,,,,,,
5139493612,"Apr 16, 2021, 9:42:25 PM",Afternoon Run,Run,,3071,10.45,164,40,FALSE,,HOKA Arahi 4,activities/5478115703.fit.gz,,,3071,2982,10453.1,7.5,3.505,79.6,79.2,223.9,265,9.8,0,,,87,81,,143,,,602,,,40,,,,,,,,,,,,,0,,1,10575,,,,,,,,,,,,,,,,7005373,,,,,,,,,,,,,,,,,,,,,,,,,,,,,
5145472129,"Apr 17, 2021, 4:04:03 PM",Lunch Run,Run,,486,1.64,127,1,FALSE,,HOKA Arahi 4,activities/5484353147.fit.gz,,,486,486,1647.5,4.3,3.39,12.1,8.1,244.3,250.4,12.3,0.2,,,83,80,,114,,,65,,,1,,,,,,,,,,,,,0,,1,1673.3,,,,,,,,,,,,,,,,7005373,,,,,,,,,,,,,,,,,,,,,,,,,,,,,
5145474577,"Apr 17, 2021, 6:55:27 PM",Mile 6 üßë‚Äçü¶Ø,Run,,4528,13.97,176,56,FALSE,,HOKA Arahi 4,activities/5484355580.fit.gz,,,4528,3628,13973,6.3,3.851,117,117.6,241.2,255.6,16.5,0,,,94,82,,143,,,718,,,56,,,,,,,,,,,0,,0,,1,14153,,,,,,,,,,,,,,,,7005373,,,,,,,,,,,,,,,,,,,,,,,,,,,,,
5157964896,"Apr 19, 2021, 9:14:16 PM",Afternoon Run,Run,,3890,8.67,185,85,FALSE,,HOKA Arahi 4,activities/5497411162.fit.gz,,,3890,2430,8675.4,8.7,3.57,0,0,248.8,250,3.9,0,,,120,81,,161,,,604,,,85,,,,,,,,,,,,,0,,1,8688,,,,,,,,,,,,,,,,7005373,,,,,,,,,,,,,,,,,,,,,,,,,,,,,
5164130172,"Apr 20, 2021, 10:35:12 PM",Afternoon Activity,Workout,,35,0,117,0,FALSE,,,activities/5503788846.fit.gz,,,35,35,2.4,0.5,0.069,0,,,,0,0,,,85,85,,110,,,4,,,0,,,,,,,,,,,,,0,,1,,,,,,,,,,,,,,,,,,,,,,,,,,,,,,,,,,,,,,,,,,,,,,
5164130192,"Apr 20, 2021, 9:41:09 PM",Afternoon Run,Run,,2719,9.01,165,37,FALSE,,HOKA Arahi 4,activities/5503788818.fit.gz,,,2719,2302,9017.6,8.9,3.917,77.3,76.8,228.2,265,6.4,0,,,106,82,,144,,,480,,,37,,,,,,,,,,,,,0,,1,9114.7,,,,,,,,,,,,,,,,7005373,,,,,,,,,,,,,,,,,,,,,,,,,,,,,
5170011124,"Apr 21, 2021, 9:46:31 PM",Afternoon Run,Run,,2939,9.69,174,74,FALSE,,HOKA Arahi 4,activities/5509881733.fit.gz,,,2939,2781,9689.9,7.7,3.484,24.6,25.1,239.8,254.2,8.5,0,,,104,81,,154,,,664,,,74,,,,,,,,,,,,,0,,1,9732.5,,,,,,,,,,,,,,,,7005373,,,,,,,,,,,,,,,,,,,,,,,,,,,,,
5175007075,"Apr 22, 2021, 6:36:31 PM",Afternoon Run,Run,,1308,2.62,146,5,FALSE,,HOKA Arahi 4,activities/5515065894.fit.gz,,,1308,808,2619.4,4.7,3.242,11.9,15.2,279.8,294.3,8.3,-0.1,,,91,81,,132,,,148,,,5,,,,,,,,,,,,,0,,1,2628.2,,,,,,,,,,,,,,,,7005373,,,,,,,,,,,,,,,,,,,,,,,,,,,,,
5175008206,"Apr 22, 2021, 2:39:01 PM",Morning Run,Run,,1398,3.51,144,5,FALSE,,HOKA Arahi 4,activities/5515067052.fit.gz,,,1398,1163,3518.3,4.1,3.025,22,23.5,282.2,294.2,6.5,0,,,83,79,,128,,,196,,,5,,,,,,,,,,,,,0,,1,3540.4,,,,,,,,,,,,,,,,7005373,,,,,,,,,,,,,,,,,,,,,,,,,,,,,
5175008441,"Apr 22, 2021, 4:23:31 PM",Lunch Run,Run,,275,0.77,162,1,FALSE,,HOKA Arahi 4,activities/5515067375.fit.gz,,,275,275,771.5,3.7,2.805,2.4,3.1,281.2,284.3,6.6,-0.1,,,82,78,,129,,,50,,,1,,,,,,,,,,,,,0,,1,774.2,,,,,,,,,,,,,,,,7005373,,,,,,,,,,,,,,,,,,,,,,,,,,,,,
5184885598,"Apr 24, 2021, 11:17:35 AM",Morning Run,Run,,3887,14.59,173,95,FALSE,,HOKA Arahi 4,activities/5525326799.fit.gz,,,3887,3746,14591.2,6.3,3.895,144,142.8,615.4,641,15.7,0,,,92,83,,153,,,846,,,95,,,,,,,,,,,,,0,,1,14908.3,,,,,,,,,,,,,,,,7005373,,,,,,,,,,,,,,,,,,,,,,,,,,,,,
5199128722,"Apr 26, 2021, 9:36:11 PM",Afternoon Run,Run,,2915,10.15,188,104,FALSE,,HOKA Arahi 4,activities/5540159491.fit.gz,,,2915,2818,10149,8.2,3.601,40.7,41.8,239.8,267.6,5.8,0,,,118,81,,163,,,728,,,104,,,,,,,,,,,,,0,,1,10203.6,,,,,,,,,,,,,,,,7005373,,,,,,,,,,,,,,,,,,,,,,,,,,,,,
5204764036,"Apr 27, 2021, 9:48:08 PM",Warmup,Run,,617,1.67,148,3,FALSE,,HOKA Arahi 4,activities/5545996659.fit.gz,,,617,485,1672.2,4.6,3.448,11,5.8,228.2,238.6,20.6,0.3,,,84,81,,133,,,92,,,3,,,,,,,,,,,0,,0,,1,1721,,,,,,,,,,,,,,,,7005373,,,,,,,,,,,,,,,,,,,,,,,,,,,,,
5205362538,"Apr 28, 2021, 12:41:42 AM",CD 2,Run,To the railroad and graffiti bridge üõ§ ,2188,4.9,167,6,FALSE,,HOKA Arahi 4,activities/5546611068.fit.gz,,,2188,1406,4902.1,6.2,3.487,33,32.9,223.9,244.9,38.2,0,,,94,80,,127,,,223,,,6,,,,,,,,,,,0,,0,,1,5035.1,,,,,,,,,,,,,,,,7005373,,,,,,,,,,,,,,,,,,,,,,,,,,,,,
5205362927,"Apr 28, 2021, 1:37:16 AM",CD 3,Run,Finally had some energy for the first time in a couple weeks. No more cough. Finish on the 3200 could‚Äôve been better. 9:45. One second PR. Great weather. ‚òÄÔ∏è ,563,0.83,129,0,FALSE,,HOKA Arahi 4,activities/5546611480.fit.gz,,,563,196,831.4,6.4,4.242,0,-0.3,233.4,234.5,5.1,0,,,91,84,,117,,,29,,,0,,,,,,,,,,,0,,0,,1,842.7,,,,,,,,,,,,,,,,7005373,,,,,,,,,,,,,,,,,,,,,,,,,,,,,
5205363709,"Apr 27, 2021, 11:13:07 PM",CD 1,Run,Exploring Usher‚Äôs Ferry w/ Tony,2224,6.92,153,20,FALSE,,HOKA Arahi 4,activities/5546612251.fit.gz,,,2224,1899,6927.3,5.9,3.648,135.3,130.8,218.6,261.5,12.5,0.1,,,90,80,,139,,,372,,,20,,,,,,,,,,,0,,0,,1,7217.1,,,,,,,,,,,,,,,,7005373,,,,,,,,,,,,,,,,,,,,,,,,,,,,,
5210378114,"Apr 28, 2021, 9:40:26 PM",Afternoon Run,Run,,2226,8.84,152,14,FALSE,,HOKA Arahi 4,activities/5551842517.fit.gz,,,2226,2196,8845.8,5.9,4.028,27.9,28.2,239.8,256.1,7.7,0,,,98,83,,135,,,388,,,14,,,,,,,,,,,,,0,,1,8878.6,,,,,,,,,,,,,,,,7005373,,,,,,,,,,,,,,,,,,,,,,,,,,,,,
5215417846,"Apr 29, 2021, 9:46:36 PM",Afternoon Run,Run,,2903,9.77,177,77,FALSE,,HOKA Arahi 4,activities/5557618156.fit.gz,,,2903,2811,9771.7,8.1,3.476,84.2,85.1,227.1,265,16,0,,,101,82,,156,,,658,,,77,,,,,,,,,,,,,0,,1,9917.5,,,,,,,,,,,,,,,,7005373,,,,,,,,,,,,,,,,,,,,,,,,,,,,,
5221001881,"Apr 30, 2021, 10:02:03 PM",Afternoon Run,Run,,578,1.96,142,2,FALSE,,HOKA Arahi 4,activities/5563410199.fit.gz,,,578,578,1959.4,4.5,3.39,12.3,17.4,238.1,250.1,8.1,-0.3,,,86,80,,131,,,104,,,2,,,,,,,,,,,,,0,,1,1975,,,,,,,,,,,,,,,,7005373,,,,,,,,,,,,,,,,,,,,,,,,,,,,,
5221001965,"Apr 30, 2021, 11:10:52 PM",Evening Run,Run,,314,1.03,149,1,FALSE,,HOKA Arahi 4,activities/5563410285.fit.gz,,,314,314,1033.4,3.9,3.291,2.6,3,238.2,242.1,3.7,0,,,82,81,,130,,,57,,,1,,,,,,,,,,,,,0,,1,1035.3,,,,,,,,,,,,,,,,7005373,,,,,,,,,,,,,,,,,,,,,,,,,,,,,
5221002122,"May 1, 2021, 12:22:50 AM",Evening Run,Run,,470,1.65,152,4,FALSE,,HOKA Arahi 4,activities/5563410448.fit.gz,,,470,470,1656.5,11.3,3.524,7.7,6,234.8,240.4,6,0.1,,,84,81,,139,,,96,,,4,,,,,,,,,,,,,0,,1,1674.7,,,,,,,,,,,,,,,,7005373,,,,,,,,,,,,,,,,,,,,,,,,,,,,,
5224021623,"May 1, 2021, 1:13:09 PM",Morning Run,Run,,4057,14.67,169,30,FALSE,,HOKA Arahi 4,activities/5566553664.fit.gz,,,4057,4045,14673.4,4.5,3.628,89.8,91.8,225,255.6,6,0,,,88,83,,133,,,660,,,30,,,,,,,,,,,,,0,,1,14752.2,,,,,,,,,,,,,,,,7005373,,,,,,,,,,,,,,,,,,,,,,,,,,,,,
5238448843,"May 3, 2021, 8:34:36 PM",Afternoon Run,Run,,4288,12.9,170,39,FALSE,,HOKA Arahi 4,activities/5581573695.fit.gz,,,4288,3191,12908.8,8.1,4.045,13.3,15.2,240.7,256.1,8.5,0,,,110,83,,137,,,591,,,39,,,,,,,,,,,,,0,,1,12925,,,,,,,,,,,,,,,,7005373,,,,,,,,,,,,,,,,,,,,,,,,,,,,,
5243872321,"May 4, 2021, 9:38:54 PM",Afternoon Run,Run,,2429,8.81,172,31,FALSE,,HOKA Arahi 4,activities/5587194301.fit.gz,,,2429,2409,8814,5.9,3.659,40.7,40.5,239.8,267.6,10.3,0,,,92,82,,143,,,480,,,31,,,,,,,,,,,,,0,,1,8872.3,,,,,,,,,,,,,,,,7005373,,,,,,,,,,,,,,,,,,,,,,,,,,,,,
5249250702,"May 5, 2021, 9:47:29 PM",Afternoon Run,Run,,2616,8.58,167,29,FALSE,,HOKA Arahi 4,activities/5592755159.fit.gz,,,2616,2467,8584.2,8.2,3.48,29.6,32.2,241.4,256.1,12.5,0,,,107,82,,141,,,480,,,29,,,,,,,,,,,,,0,,1,8618.6,,,,,,,,,,,,,,,,7005373,,,,,,,,,,,,,,,,,,,,,,,,,,,,,
5258488355,"May 6, 2021, 9:33:05 PM",Afternoon Run,Run,,1000,3.32,165,9,FALSE,,HOKA Arahi 5,activities/5602452825.fit.gz,,,1000,1000,3324.3,6.2,3.324,25.5,27.2,224.4,243.2,48.3,-0.1,,,88,81,,139,,,211,,,9,,,,,,,,,,,,,0,,1,3448.6,,,,,,,,,,,,,,,,8423092,,,,,,,,,,,,,,,,,,,,,,,,,,,,,
5258488806,"May 7, 2021, 12:18:30 AM",Evening Run,Run,,537,1.65,167,12,FALSE,,HOKA Arahi 5,activities/5602453288.fit.gz,,,537,527,1651.3,4.9,3.133,24.9,34,231.5,268,28,-0.6,,,85,80,,150,,,130,,,12,,,,,,,,,,,,,0,,1,1796,,,,,,,,,,,,,,,,8423092,,,,,,,,,,,,,,,,,,,,,,,,,,,,,
5259428119,"May 7, 2021, 9:49:39 PM",Afternoon Run,Run,,2613,8.85,179,72,FALSE,,HOKA Arahi 5,activities/5603434172.fit.gz,,,2613,2561,8850.3,8.6,3.456,32.9,34.2,239.8,256.1,14.8,0,,,104,81,,156,,,614,,,72,,,,,,,,,,,,,0,,1,8892,,,,,,,,,,,,,,,,8423092,,,,,,,,,,,,,,,,,,,,,,,,,,,,,
5264788675,"May 8, 2021, 10:58:43 PM",The lonely quality,Run,Pretty sure I saw a ghost on the Point track.,4222,12.88,171,31,FALSE,,HOKA Arahi 5,activities/5609067976.fit.gz,,,4222,3281,12882,7,3.926,44.9,44.9,240.3,256.1,11.4,0,,,104,84,,138,,,576,,,31,,,,,,,,,,,0,,0,,1,12937.3,,,,,,,,,,,,,,,,8423092,,,,,,,,,,,,,,,,,,,,,,,,,,,,,
5276416942,"May 10, 2021, 9:40:37 PM",Afternoon Run,Run,,3073,7.19,176,34,FALSE,,HOKA Arahi 5,activities/5621261427.fit.gz,,,3073,2042,7190.8,8.1,3.521,8,7.9,247.9,256.1,4.3,0,,,110,82,,146,,,424,,,34,,,,,,,,,,,,,0,,1,7206.5,,,,,,,,,,,,,,,,8423092,,,,,,,,,,,,,,,,,,,,,,,,,,,,,
5282033821,"May 11, 2021, 9:42:56 PM",Afternoon Run,Run,,2115,8.05,170,51,FALSE,,HOKA Arahi 5,activities/5627144547.fit.gz,,,2115,2115,8049.7,5,3.806,60.7,58.7,241.4,267.2,12.6,0,,,88,83,,152,,,481,,,51,,,,,,,,,,,,,0,,1,8148.6,,,,,,,,,,,,,,,,8423092,,,,,,,,,,,,,,,,,,,,,,,,,,,,,
5287188829,"May 12, 2021, 9:46:12 PM",Afternoon Run,Run,,2523,8.14,173,59,FALSE,,HOKA Arahi 5,activities/5632532217.fit.gz,,,2523,2405,8146.3,8.6,3.387,26.8,29.4,241.4,256.1,12.1,0,,,117,81,,153,,,560,,,59,,,,,,,,,,,,,0,,1,8183.6,,,,,,,,,,,,,,,,8423092,,,,,,,,,,,,,,,,,,,,,,,,,,,,,
5296518780,"May 13, 2021, 8:54:52 PM",Afternoon Run,Run,,997,3.24,163,21,FALSE,,HOKA Arahi 5,activities/5642304916.fit.gz,,,997,997,3247,4.4,3.257,15.6,15.1,212.2,221.7,7.8,0,,,84,80,,150,,,226,,,21,,,,,,,,,,,,,0,,1,3269.3,,,,,,,,,,,,,,,,8423092,,,,,,,,,,,,,,,,,,,,,,,,,,,,,
5296519847,"May 14, 2021, 12:55:54 AM",Evening Run,Run,,583,1.98,167,18,FALSE,,HOKA Arahi 5,activities/5642306041.fit.gz,,,583,583,1979.3,4,3.395,11.9,11.8,212.2,221.6,8.5,0,,,83,80,,158,,,144,,,18,,,,,,,,,,,,,0,,1,2005.6,,,,,,,,,,,,,,,,8423092,,,,,,,,,,,,,,,,,,,,,,,,,,,,,
5298241835,"May 14, 2021, 9:39:28 PM",Afternoon Run,Run,,2700,8.87,184,53,FALSE,,HOKA Arahi 5,activities/5644116349.fit.gz,,,2700,2617,8870.9,4.7,3.39,68.9,68.2,235.2,267.8,24.8,0,,,87,80,,149,,,563,,,53,,,,,,,,,,,,,0,,1,9082.8,,,,,,,,,,,,,,,,8423092,,,,,,,,,,,,,,,,,,,,,,,,,,,,,
5302753953,"May 15, 2021, 1:21:44 PM",Morning Run,Run,,3230,12.92,182,86,FALSE,,HOKA Arahi 5,activities/5648834139.fit.gz,,,3230,3221,12925.7,5.7,4.013,88.8,88.1,226.5,255.6,8.8,0,,,90,83,,156,,,737,,,86,,,,,,,,,,,,,0,,1,13018.3,,,,,,,,,,,,,,,,8423092,,,,,,,,,,,,,,,,,,,,,,,,,,,,,
5321356010,"May 17, 2021, 9:54:15 PM",Afternoon Run,Run,,2946,8.05,169,29,FALSE,,HOKA Arahi 5,activities/5668164972.fit.gz,,,2946,2359,8050,7.7,3.412,16.2,16.8,241.4,256.1,9.7,0,,,104,81,,140,,,464,,,29,,,,,,,,,,,,,0,,1,8072.8,,,,,,,,,,,,,,,,8423092,,,,,,,,,,,,,,,,,,,,,,,,,,,,,
5321357168,"May 18, 2021, 9:44:01 PM",Afternoon Run,Run,,2457,8.6,183,96,FALSE,,HOKA Arahi 5,activities/5668166178.fit.gz,,,2457,2369,8603.7,8.4,3.632,59.4,58.2,241.4,267.4,16.1,0,,,118,82,,165,,,599,,,96,,,,,,,,,,,,,0,,1,8699,,,,,,,,,,,,,,,,8423092,,,,,,,,,,,,,,,,,,,,,,,,,,,,,
5326684302,"May 19, 2021, 9:48:59 PM",Afternoon Run,Run,,2498,8.01,148,14,FALSE,,HOKA Arahi 5,activities/5673685713.fit.gz,,,2498,2409,8009.5,7.5,3.325,19.4,19.4,235.4,256.1,14.2,0,,,105,81,,135,,,393,,,14,,,,,,,,,,,,,0,,1,8049.7,,,,,,,,,,,,,,,,8423092,,,,,,,,,,,,,,,,,,,,,,,,,,,,,
5332047118,"May 20, 2021, 10:43:33 PM",Afternoon Run,Run,,681,1.65,163,12,FALSE,,HOKA Arahi 5,activities/5679253988.fit.gz,,,681,536,1649.1,6,3.077,9.4,9.4,284.4,294.4,4.8,0,,,91,80,,151,,,121,,,12,,,,,,,,,,,,,0,,1,1663.3,,,,,,,,,,,,,,,,8423092,,,,,,,,,,,,,,,,,,,,,,,,,,,,,
5332047579,"May 20, 2021, 8:57:38 PM",Afternoon Run,Run,,1365,3.18,157,7,FALSE,,HOKA Arahi 5,activities/5679254445.fit.gz,,,1365,946,3187,4.5,3.369,19.7,20.8,281.3,293.3,4.9,0,,,105,80,,135,,,174,,,7,,,,,,,,,,,,,0,,1,3206.5,,,,,,,,,,,,,,,,8423092,,,,,,,,,,,,,,,,,,,,,,,,,,,,,
5335509300,"May 21, 2021, 7:30:54 PM",Afternoon Run,Run,,2187,7.17,166,18,FALSE,,HOKA Arahi 5,activities/5682876103.fit.gz,,,2187,2126,7178.8,8.1,3.377,58.5,58.1,272.5,297.3,15.7,0,,,120,80,,136,,,373,,,18,,,,,,,,,,,,,0,,1,7259.5,,,,,,,,,,,,,,,,8423092,,,,,,,,,,,,,,,,,,,,,,,,,,,,,
5341839366,"May 22, 2021, 8:56:08 PM",Afternoon Run,Run,,641,2.14,161,10,FALSE,,HOKA Arahi 5,activities/5689513928.fit.gz,,,641,635,2145.2,6.2,3.378,13.1,10.6,280.2,294.1,6.4,0.1,,,83,79,,144,,,133,,,10,,,,,,,,,,,,,0,,1,2167,,,,,,,,,,,,,,,,8423092,,,,,,,,,,,,,,,,,,,,,,,,,,,,,
5353343890,"May 24, 2021, 9:28:20 PM",Afternoon Run,Run,,2741,9.68,179,70,FALSE,,HOKA Arahi 5,activities/5701512614.fit.gz,,,2741,2692,9681.8,5.3,3.597,87.6,87.2,223.9,267.2,15.9,0,,,86,80,,155,,,610,,,70,,,,,,,,,,,,,0,,1,9812.6,,,,,,,,,,,,,,,,8423092,,,,,,,,,,,,,,,,,,,,,,,,,,,,,
5383443704,"May 30, 2021, 12:50:09 PM",Morning Run,Run,,2575,9.72,172,19,FALSE,,HOKA Arahi 5,activities/5732852650.fit.gz,,,2575,2498,9728.9,5.2,3.895,45.3,45.3,218.5,252,6.5,0,,,88,82,,136,,,432,,,19,,,,,,,,,,,,,0,,1,9777.6,,,,,,,,,,,,,,,,8423092,,,,,,,,,,,,,,,,,,,,,,,,,,,,,
5401204778,"Jun 2, 2021, 3:13:55 PM",Morning Run,Run,,2176,8.07,184,63,FALSE,,HOKA Arahi 5,activities/5751370045.fit.gz,,,2176,2065,8077.8,6.7,3.912,39.5,38.7,242.8,255.2,5.9,0,,,97,82,,158,,,506,,,63,,,,,,,,,,,,,0,,1,8120.2,,,,,,,,,,,,,,,,8423092,,,,,,,,,,,,,,,,,,,,,,,,,,,,,
5407275613,"Jun 3, 2021, 3:28:50 PM",Morning Run,Run,,2675,9.66,179,80,FALSE,,HOKA Arahi 5,activities/5757704529.fit.gz,,,2675,2637,9661.2,5.1,3.664,60.9,60,225,252.9,5.9,0,,,123,81,,158,,,624,,,80,,,,,,,,,,,,,0,,1,9717.2,,,,,,,,,,,,,,,,8423092,,,,,,,,,,,,,,,,,,,,,,,,,,,,,
5438833268,"Jun 4, 2021, 3:47:43 PM",Morning Run,Run,,1717,6.47,167,33,FALSE,,HOKA Arahi 5,activities/5790706651.fit.gz,,,1717,1717,6474.9,4.7,3.771,44.1,44.1,233.5,252,7.7,0,,,85,81,,147,,,367,,,33,,,,,,,,,,,,,0,,1,6524.4,,,,,,,,,,,,,,,,8423092,,,,,,,,,,,,,,,,,,,,,,,,,,,,,
5438836613,"Jun 7, 2021, 3:36:12 PM",Morning Run,Run,,3360,12.01,173,67,FALSE,,HOKA Arahi 5,activities/5790710066.fit.gz,,,3360,3299,12013.9,5.1,3.642,73.2,74,241.4,267.6,12.3,0,,,86,81,,148,,,702,,,67,,,,,,,,,,,,,0,,1,12107.6,,,,,,,,,,,,,,,,8423092,,,,,,,,,,,,,,,,,,,,,,,,,,,,,
5443387129,"Jun 8, 2021, 12:41:15 PM",Morning Run,Run,,3689,8.09,190,39,FALSE,,HOKA Arahi 5,activities/5795452265.fit.gz,,,3689,2065,8093.1,6.6,3.919,11.1,9.9,239.8,251.1,5.6,0,,,96,82,,149,,,451,,,39,,,,,,,,,,,,,0,,1,8110.2,,,,,,,,,,,,,,,,8423092,,,,,,,,,,,,,,,,,,,,,,,,,,,,,
5451769036,"Jun 11, 2021, 11:39:12 AM",Morning Run,Run,,2701,9.93,169,42,FALSE,,HOKA Arahi 5,activities/5804196841.fit.gz,,,2701,2701,9933,4.7,3.678,41.2,41.7,217.8,229.9,8,0,,,91,81,,145,,,564,,,42,,,,,,,,,,,,,0,,1,9994,,,,,,,,,,,,,,,,8423092,,,,,,,,,,,,,,,,,,,,,,,,,,,,,
5456951318,"Jun 12, 2021, 12:06:46 PM",Morning Run,Run,,2700,9.66,165,22,FALSE,,HOKA Arahi 5,activities/5809594730.fit.gz,,,2700,2693,9659,4.5,3.587,95.2,93.7,223.9,265,11.3,0,,,86,80,,134,,,483,,,22,,,,,,,,,,,,,0,,1,9795.8,,,,,,,,,,,,,,,,8423092,,,,,,,,,,,,,,,,,,,,,,,,,,,,,
5463385408,"Jun 13, 2021, 12:31:48 PM",Morning Run,Run,,5319,19.94,179,111,FALSE,,HOKA Arahi 5,activities/5816304018.fit.gz,,,5319,5314,19948.8,6.3,3.754,178.2,178.1,213,245.9,31.7,0,,,98,82,,149,,,1140,,,111,,,,,,,,,,,,,0,,1,20463.1,,,,,,,,,,,,,,,,8423092,,,,,,,,,,,,,,,,,,,,,,,,,,,,,
5480238565,"Jun 16, 2021, 2:39:59 PM",Morning Run,Run,,3158,11.91,170,59,FALSE,,HOKA Arahi 5,activities/5833832252.fit.gz,,,3158,3158,11911.8,5,3.772,81.2,82.1,241.4,267.8,6.4,0,,,87,82,,147,,,703,,,59,,,,,,,,,,,,,0,,1,12004.7,,,,,,,,,,,,,,,,8423092,,,,,,,,,,,,,,,,,,,,,,,,,,,,,
5487644347,"Jun 17, 2021, 9:17:36 PM",Wash territory üò≥üîµüî¥,Run,And running in the heat advisory ü§úü§õ,3692,13.91,190,150,FALSE,,HOKA Arahi 5,activities/5841530593.fit.gz,,,3692,3688,13910.8,7.3,3.772,244.2,242.7,227.5,279.6,19.4,0,,,94,80,,165,,,1000,,,150,,,,,,,,,,,0,,0,,1,14545.4,,,,,,,,,,,,,,,,8423092,,,,,,,,,,,,,,,,,,,,,,,,,,,,,
5506247448,"Jun 18, 2021, 12:02:34 PM",Morning Run,Run,,2753,9.11,167,28,FALSE,,HOKA Arahi 5,activities/5860983008.fit.gz,,,2753,2484,9116.2,4.6,3.67,27.8,27.8,239.7,254.8,6.2,0,,,84,80,,137,,,485,,,28,,,,,,,,,,,,,0,,1,9144.6,,,,,,,,,,,,,,,,8423092,,,,,,,,,,,,,,,,,,,,,,,,,,,,,
5506253211,"Jun 21, 2021, 1:55:18 PM",Great weather & good route,Run,Pretty low heart rate,4917,17.76,163,17,FALSE,,HOKA Arahi 5,activities/5860988935.fit.gz,,,4917,4917,17767.8,5.1,3.614,126.5,127.3,223.9,267.5,11.3,0,,,85,81,,117,,,583,,,17,,,,,,,,,,,0,,0,,1,17932.1,,,,,,,,,,,,,,,,8423092,,,,,,,,,,,,,,,,,,,,,,,,,,,,,
5513978924,"Jun 22, 2021, 11:28:04 PM",To Hawkeye Downs,Run,,4096,15.05,167,39,FALSE,,HOKA Arahi 5,activities/5869009698.fit.gz,,,4096,3971,15058.9,5,3.792,81.5,82.4,218.3,255.4,6,0,,,86,81,,136,,,719,,,39,,,,,,,,,,,0,,0,,1,15135.7,,,,,,,,,,,,,,,,8423092,,,,,,,,,,,,,,,,,,,,,,,,,,,,,
5522665204,"Jun 24, 2021, 4:21:22 PM",Lunch Run,Run,,2083,7.78,170,48,FALSE,,HOKA Arahi 5,activities/5878040572.fit.gz,,,2083,2083,7784.6,5,3.737,54.1,53.3,230.8,252.9,7.5,0,,,86,81,,151,,,504,,,48,,,,,,,,,,,,,0,,1,7849.5,,,,,,,,,,,,,,,,8423092,,,,,,,,,,,,,,,,,,,,,,,,,,,,,
5529039687,"Jun 25, 2021, 6:15:01 PM",Afternoon Run,Run,,2933,10.86,174,63,FALSE,,HOKA Arahi 5,activities/5884706878.fit.gz,,,2933,2933,10867.9,6.3,3.705,71.1,71.9,239.5,267.8,12.5,0,,,99,81,,150,,,682,,,63,,,,,,,,,,,,,0,,1,10965.6,,,,,,,,,,,,,,,,8423092,,,,,,,,,,,,,,,,,,,,,,,,,,,,,
5536102977,"Jun 27, 2021, 4:03:26 AM",Night Run,Run,,4348,16.14,179,105,FALSE,,HOKA Arahi 5,activities/5892074664.fit.gz,,,4348,4222,16143.1,4.9,3.824,90.9,89.8,225,255,5.9,0,,,85,81,,154,,,986,,,105,,,,,,,,,,,,,0,,1,16231.6,,,,,,,,,,,,,,,,8423092,,,,,,,,,,,,,,,,,,,,,,,,,,,,,
5540348489,"Jun 27, 2021, 8:24:08 PM",Afternoon Run,Run,,4892,16.4,177,128,FALSE,,HOKA Arahi 5,activities/5896500169.fit.gz,,,4892,4591,16405.3,5.9,3.573,257.4,257.5,227.5,279.6,35,0,,,97,80,,156,,,1075,,,128,,,,,,,,,,,,,0,,1,17175.8,,,,,,,,,,,,,,,,8423092,,,,,,,,,,,,,,,,,,,,,,,,,,,,,
5553537101,"Jun 30, 2021, 2:38:30 PM",Morning Run,Run,,4079,15.15,172,97,FALSE,,HOKA Arahi 5,activities/5910245109.fit.gz,,,4079,4027,15151.9,5.2,3.763,102.6,103.4,224.5,267.8,6.5,0,,,85,80,,152,,,936,,,97,,,,,,,,,,,,,0,,1,15269.8,,,,,,,,,,,,,,,,8423092,,,,,,,,,,,,,,,,,,,,,,,,,,,,,
5561318066,"Jul 2, 2021, 3:05:44 AM",Night Run,Run,,2440,8.14,169,18,FALSE,,HOKA Arahi 5,activities/5918326534.fit.gz,,,2440,2333,8143.4,4.8,3.491,48.4,48.4,227.5,251.4,5.4,0,,,84,79,,137,,,448,,,18,,,,,,,,,,,,,0,,1,8189.5,,,,,,,,,,,,,,,,8423092,,,,,,,,,,,,,,,,,,,,,,,,,,,,,
5571395461,"Jul 3, 2021, 7:27:06 PM",Afternoon Run,Run,,2854,10.82,178,72,FALSE,,HOKA Arahi 5,activities/5928859323.fit.gz,,,2854,2841,10827.4,5.1,3.811,88.8,88.5,232,267.4,16.5,0,,,86,81,,154,,,700,,,72,,,,,,,,,,,,,0,,1,10955.1,,,,,,,,,,,,,,,,8423092,,,,,,,,,,,,,,,,,,,,,,,,,,,,,
5575605719,"Jul 4, 2021, 1:06:51 PM",Morning Run,Run,,504,1.93,161,11,FALSE,,HOKA Arahi 5,activities/5933254120.fit.gz,,,504,504,1937.1,5.9,3.843,2.4,2.5,220.9,223.3,2.4,0,,,84,80,,148,,,123,,,11,,,,,,,,,,,,,0,,1,1939.4,,,,,,,,,,,,,,,,8423092,,,,,,,,,,,,,,,,,,,,,,,,,,,,,
5575607320,"Jul 4, 2021, 1:41:02 PM",Morning Run,Run,,1159,5.06,193,37,FALSE,,HOKA Arahi 5,activities/5933255910.fit.gz,,,1159,1018,5059.5,6.1,4.97,20.1,20.2,223.3,234.8,2.5,0,,,95,86,,162,,,302,,,37,,,,,,,,,,,,,0,,1,5071.4,,,,,,,,,,,,,,,,8423092,,,,,,,,,,,,,,,,,,,,,,,,,,,,,
5579983024,"Jul 5, 2021, 5:04:00 PM",Lunch Run,Run,,1849,6.92,167,36,FALSE,,HOKA Arahi 5,activities/5937851646.fit.gz,,,1849,1843,6927.1,5,3.759,36.6,36.7,233.9,255.6,8.6,0,,,87,80,,148,,,434,,,36,,,,,,,,,,,,,0,,1,6980.2,,,,,,,,,,,,,,,,8423092,,,,,,,,,,,,,,,,,,,,,,,,,,,,,
5584729265,"Jul 6, 2021, 1:40:31 PM",Road trip leg stretch #1 ,Run,,95,0.46,146,1,FALSE,,HOKA Arahi 5,activities/5942798244.fit.gz,,,95,95,459.6,6,4.838,0,1.7,308.9,312.1,5.6,-0.4,,,89,84,,140,,,22,,,1,,,,,,,,,,,0,,0,,1,456.8,,,,,,,,,,,,,,,,8423092,,,,,,,,,,,,,,,,,,,,,,,,,,,,,
5584729495,"Jul 6, 2021, 3:53:43 PM",Road trip leg stretch #2,Run,,85,0.34,134,0,FALSE,,HOKA Arahi 5,activities/5942798488.fit.gz,,,85,82,339.3,6.3,4.138,2.3,0.8,374.1,377.5,6.6,0.4,,,89,83,,114,,,12,,,0,,,,,,,,,,,0,,0,,1,347.1,,,,,,,,,,,,,,,,8423092,,,,,,,,,,,,,,,,,,,,,,,,,,,,,
5585790531,"Jul 6, 2021, 6:51:53 PM",Road trip leg stretch #3,Run,,132,0.52,133,0,FALSE,,HOKA Arahi 5,activities/5943894740.fit.gz,,,132,124,525.9,5.5,4.241,0,-0.2,757.2,758.4,2,0,,,89,83,,116,,,19,,,0,,,,,,,,,,,0,,0,,1,526.9,,,,,,,,,,,,,,,,8423092,,,,,,,,,,,,,,,,,,,,,,,,,,,,,
5586633266,"Jul 6, 2021, 10:19:38 PM",Road trip leg stretch #5,Run,Found a really cool road of absolute nothingness.,90,0.39,145,0,FALSE,,HOKA Arahi 5,activities/5944771033.fit.gz,,,90,89,394.7,6,4.435,0,-0.3,1381.7,1382.1,1.4,0.1,,,92,83,,123,,,16,,,0,,,,,,,,,,,0,,0,,1,395.3,,,,,,,,,,,,,,,,8423092,,,,,,,,,,,,,,,,,,,,,,,,,,,,,
5586633546,"Jul 6, 2021, 9:07:26 PM",Road trip leg stretch #4,Run,,187,0.82,138,0,FALSE,,HOKA Arahi 5,activities/5944771330.fit.gz,,,187,187,826,5.2,4.417,4,3.9,1149.6,1155.3,5.3,0,,,90,84,,119,,,30,,,0,,,,,,,,,,,0,,0,,1,836.1,,,,,,,,,,,,,,,,8423092,,,,,,,,,,,,,,,,,,,,,,,,,,,,,
5608145159,"Jul 7, 2021, 2:03:23 AM",Evening Run,Run,,192,0.62,141,0,FALSE,,HOKA Arahi 5,activities/5967214163.fit.gz,,,192,172,625.3,6.4,3.635,35.1,-2.5,2941.5,2979.1,9.3,6,,,98,83,,124,,,30,,,0,,,,,,,,,,,,,0,,1,769.1,,,,,,,,,,,,,,,,8423092,,,,,,,,,,,3.257,,,,,,,,,,,,,,,,,,
5634392534,"Jul 16, 2021, 1:19:39 AM",Evening Ride,Ride,,882,3.29,149,7,FALSE,,,activities/5994561297.fit.gz,,,882,882,3293.8,8.6,3.734,32.2,23.4,305.3,323,8,0.3,,,,,,134,,56,177,,,7,,,,,,,,,,,,,0,,1,,,,,,,,,,,,,,,,,,,,,,,,,,,,3.734,,,,,,,,,,,,,,,,,,
5644027646,"Jul 17, 2021, 5:01:29 PM",The Great Return,Run,First run in 12 days ,2779,10.45,181,68,FALSE,,HOKA Arahi 5,activities/6004652025.fit.gz,,,2779,2619,10450.5,5.5,3.99,63.7,63.5,304.7,321.7,19.8,0,,,87,81,,153,,,636,,,68,,,,,,,,,,,0,,0,,1,10574,,,,,,,,,,,,,,,,8423092,,,,,,,,,,,3.761,,,,,,,,,,,,,,,,,,
5644031046,"Jul 17, 2021, 8:30:25 PM",Sakatah Lake loop,Ride,,5673,28.61,159,34,FALSE,,,activities/6004655732.fit.gz,,,5673,4721,28616.9,13.3,6.062,94.4,92.8,304.7,327.5,5.7,0,,,,,,132,,70,735,,,34,,,,,,,,,,,0,,0,,1,,,,,,,,,,,,,,,,,,,,,,,,,,,,5.044,,,,,,,,,,,,,,,,,,
5659533065,"Jul 19, 2021, 8:44:28 PM",Adventure Bay Waterpark Lazy River Loop,Run,,377,0.73,151,1,FALSE,,HOKA Arahi 5,activities/6020811430.fit.gz,,,377,358,731.5,4,2.043,2.1,1.6,286.1,288.4,5,0.1,,,109,65,,124,,,61,,,1,,,,,,,,,,,0,,0,,1,735.1,,,,,,,,,,,,,,,,8423092,,,,,,,,,,,1.94,,,,,,,,,,,,,,,,,,
5663458930,"Jul 21, 2021, 12:52:30 PM",Morning Run,Run,,3322,11.94,181,114,FALSE,,HOKA Arahi 5,activities/6024903904.fit.gz,,,3322,3249,11946,5.8,3.677,141.8,141.6,79.3,122.2,14.4,0,,,87,80,,161,,,839,,,114,,,,,,,,,,,,,0,,1,12194.6,,,,,,,,,,,,,,,,8423092,,,,,,,,,,,3.596,,,,,,,,,,,,,,,,,,
5669018184,"Jul 22, 2021, 1:18:35 PM",Morning Run,Run,,3080,10.81,172,74,FALSE,,HOKA Arahi 5,activities/6030691152.fit.gz,,,3080,3023,10815.1,5.2,3.578,136.5,136.5,85.3,116.9,13.1,0,,,87,80,,153,,,707,,,74,,,,,,,,,,,,,0,,1,11072.4,,,,,,,,,,,,,,,,8423092,,,,,,,,,,,3.511,,,,,,,,,,,,,,,,,,
5681623275,"Jul 24, 2021, 7:41:54 PM",Afternoon Run,Run,,1368,3.88,163,20,FALSE,,HOKA Arahi 5,activities/6043858992.fit.gz,,,1368,1090,3885.2,4.8,3.564,43.8,43.8,84.3,114,15.9,0,,,83,79,,146,,,245,,,20,,,,,,,,,,,,,0,,1,3979.7,,,,,,,,,,,,,,,,8423092,,,,,,,,,,,2.84,,,,,,,,,,,,,,,,,,
5701610976,"Jul 28, 2021, 2:54:36 PM",Mild heat exhaustion I think,Run,Everything post mile 9 hurt,7362,19.61,193,236,FALSE,,HOKA Arahi 5,activities/6064733714.fit.gz,,,7362,5298,19615.2,4.9,3.702,126.1,127,218.3,267.6,33.6,0,,,86,80,,168,,,1372,,,236,,,,,,,,,,,0,,0,,1,19777.9,,,,,,,,,,,,,,,,8423092,,,,,,,,,,,2.664,,,,,,,,,,,,,,,,,,
5709160696,"Jul 30, 2021, 3:45:04 AM",Late night ambitions ‚è∞ ,Run,"Mile 3 & 4: 5:40, 5:24. Kept the HR at 140. Not too shabby. Now I‚Äôll sleep a little better.",1694,7,155,15,FALSE,,HOKA Arahi 5,activities/6072700954.fit.gz,,,1694,1688,7008.5,5.6,4.152,45.5,45.4,244.2,255,6.5,0,,,88,81,,138,,,324,,,15,,,,,,,,,,,0,,0,,1,7057.3,,,,,,,,,,,,,,,,8423092,,,,,,,,,,,4.137,,,,,,,,,,,,,,,,,,
5713488087,"Jul 30, 2021, 9:23:04 PM",Afternoon Run,Run,,3340,12.93,145,12,FALSE,,HOKA Arahi 5,activities/6077333705.fit.gz,,,3340,3300,12934.8,5,3.92,93.5,93.6,217.7,260.8,19.3,0,,,86,81,,121,,,421,,,12,,,,,,,,,,,,,0,,1,13167.5,,,,,,,,,,,,,,,,8423092,,,,,,,,,,,3.873,,,,,,,,,,,,,,,,,,
5717986626,"Jul 31, 2021, 5:50:53 PM",Lunch Run,Run,You know in Minecraft when your hunger bar runs out and you start taking damage. Yeah that‚Äôs what happened to me on this run. Felt like death,4213,14.64,165,90,FALSE,,HOKA Arahi 5,activities/6082094688.fit.gz,,,4213,4006,14640.3,4.4,3.655,131.4,130.3,238,264.2,9,0,,,84,79,,150,,,841,,,90,,,,,,,,,,,0,,0,,1,14808,,,,,,,,,,,,,,,,8423092,,,,,,,,,,,3.475,,,,,,,,,,,,,,,,,,
5727522433,"Aug 2, 2021, 1:28:54 PM",Morning Run,Run,,4112,12.87,182,122,FALSE,,HOKA Arahi 5,activities/6092143810.fit.gz,,,4112,3540,12875.3,4.7,3.637,67.4,67.9,239.8,267.4,12.3,0,,,86,80,,160,,,855,,,122,,,,,,,,,,,,,0,,1,12982.5,,,,,,,,,,,,,,,,8423092,,,,,,,,,,,3.131,,,,,,,,,,,,,,,,,,
5731966755,"Aug 3, 2021, 1:23:22 PM",Morning Run,Run,,2074,8.09,169,52,FALSE,,HOKA Arahi 5,activities/6096781823.fit.gz,,,2074,2074,8093.2,6.6,3.902,52.1,51.6,225,251.9,8.2,0,,,85,81,,153,,,478,,,52,,,,,,,,,,,,,0,,1,8160.6,,,,,,,,,,,,,,,,8423092,,,,,,,,,,,3.902,,,,,,,,,,,,,,,,,,
5739950014,"Aug 4, 2021, 8:14:19 PM",Mile 10,Run,,4539,17.74,192,169,FALSE,,HOKA Arahi 5,activities/6105097244.fit.gz,,,4539,4539,17741.3,6.2,3.909,83.6,83.7,218.3,255.6,24.5,0,,,95,82,,163,,,1139,,,169,,,,,,,,,,,0,,0,,1,17848.7,,,,,,,,,,,,,,,,8423092,,,,,,,,,,,3.909,,,,,,,,,,,,,,,,,,
5744231713,"Aug 5, 2021, 4:29:34 PM",Lunch Run,Run,,4262,15.13,173,99,FALSE,,HOKA Arahi 5,activities/6109567401.fit.gz,,,4262,4178,15130.2,4.7,3.621,73.9,74,218.5,255.6,18.9,0,,,87,81,,152,,,938,,,99,,,,,,,,,,,,,0,,1,15225.7,,,,,,,,,,,,,,,,8423092,,,,,,,,,,,3.55,,,,,,,,,,,,,,,,,,
5748989758,"Aug 6, 2021, 3:50:34 PM",Heavy hitting podcast this morning,Run,Yeonmi Park on JRE. (Spotify) On escaping from North Korea. Crazy stuff,3611,12.87,173,94,FALSE,,HOKA Arahi 5,activities/6114549516.fit.gz,,,3611,3546,12871.8,5.3,3.63,68.9,68.8,225,252,5.8,0,,,85,81,,154,,,833,,,94,,,,,,,,,,,0,,0,,1,12929.4,,,,,,,,,,,,,,,,8423092,,,,,,,,,,,3.565,,,,,,,,,,,,,,,,,,
5754763194,"Aug 7, 2021, 5:09:21 PM",Lunch Run,Run,,3219,10.77,178,74,FALSE,,HOKA Arahi 5,activities/6120588219.fit.gz,,,3219,2919,10778.2,4.5,3.692,69.8,70.7,241.4,267.8,8.3,0,,,85,81,,154,,,681,,,74,,,,,,,,,,,,,0,,1,10861.4,,,,,,,,,,,,,,,,8423092,,,,,,,,,,,3.348,,,,,,,,,,,,,,,,,,
5765196540,"Aug 9, 2021, 4:56:06 PM",Lunch Run,Run,,4362,16.16,192,119,FALSE,,HOKA Arahi 5,activities/6131556559.fit.gz,,,4362,4350,16166.1,6.7,3.716,111.9,112.4,232,267.6,6.8,0,,,96,81,,155,,,1014,,,119,,,,,,,,,,,,,0,,1,16289.2,,,,,,,,,,,,,,,,8423092,,,,,,,,,,,3.706,,,,,,,,,,,,,,,,,,
5769577708,"Aug 10, 2021, 1:09:30 PM",Morning Run,Run,,4281,16.12,171,90,FALSE,,HOKA Arahi 5,activities/6136134285.fit.gz,,,4281,4281,16121.2,5.2,3.766,60,59.1,217.1,252.9,6.5,0,,,87,82,,149,,,936,,,90,,,,,,,,,,,,,0,,1,16192.9,,,,,,,,,,,,,,,,8423092,,,,,,,,,,,3.766,,,,,,,,,,,,,,,,,,
5771689125,"Aug 10, 2021, 7:59:29 PM",Afternoon Ride,Ride,,1820,3.89,153,5,FALSE,,,activities/6138335979.fit.gz,,,1820,1177,3898.9,9.2,3.313,93.8,105.2,222.3,280.8,12,-0.3,,,,,,120,,72,185,,,5,,,,,,,,,,,,,0,,1,,,,,,,,,,,,,,,,,,,,,,,,,,,,2.142,,,,,,,,,,,,,,,,,,
5775700025,"Aug 11, 2021, 2:28:17 PM",Morning Run,Run,,3005,10.98,172,63,FALSE,,HOKA Arahi 5,activities/6142514584.fit.gz,,,3005,2997,10983.3,4.7,3.665,89.5,89.4,223.9,267.4,7.9,0,,,85,81,,149,,,675,,,63,,,,,,,,,,,,,0,,1,11086.8,,,,,,,,,,,,,,,,8423092,,,,,,,,,,,3.655,,,,,,,,,,,,,,,,,,
5777359742,"Aug 11, 2021, 7:10:07 PM",Afternoon Ride,Ride,,3410,6.23,153,11,FALSE,,,activities/6144235795.fit.gz,,,3410,2374,6236.5,9.8,2.627,110.7,117.8,210.4,238.9,16.8,-0.1,,,,,,127,,56,361,,,11,,,,,,,,,,,,,0,,1,,,,,,,,,,,,,,,,,,,,,,,,,,,,1.829,,,,,,,,,,,,,,,,,,
5791325107,"Aug 14, 2021, 12:25:24 PM",Cool city overlook and wooded trail run,Run,Marked Ohio off my list of states I‚Äôve been to. 29/50,2474,8.87,173,16,FALSE,,HOKA Arahi 5,activities/6158865783.fit.gz,,,2474,2469,8875.8,6,3.595,224.4,224.6,162.6,244.1,31.5,0,,,94,81,,129,,,401,,,16,,,,,,,,,,,0,,0,,1,9605.3,,,,,,,,,,,,,,,,8423092,,,,,,,,,,,3.588,,,,,,,,,,,,,,,,,,
5814823417,"Aug 18, 2021, 11:46:50 AM",Morning Run,Run,,1964,6.76,176,44,FALSE,,HOKA Arahi 5,activities/6183476185.fit.gz,,,1964,1926,6764.9,4.9,3.512,81.6,83.2,623.4,663.6,10.1,0,,,87,80,,152,,,456,,,44,,,,,,,,,,,,,0,,1,6879.9,,,,,,,,,,,,,,,,8423092,,,,,,,,,,,3.444,,,,,,,,,,,,,,,,,,
5816817513,"Aug 19, 2021, 3:49:00 AM",Night Run,Run,,1967,8.13,178,75,FALSE,,HOKA Arahi 5,activities/6185557212.fit.gz,,,1967,1967,8137,5.5,4.137,102.6,102.2,618.8,647.3,27.3,0,,,90,83,,164,,,511,,,75,,,,,,,,,,,,,0,,1,8352.9,,,,,,,,,,,,,,,,8423092,,,,,,,,,,,4.137,,,,,,,,,,,,,,,,,,
5826350587,"Aug 21, 2021, 12:45:32 AM",Evening Run,Run,,5923,16.16,173,115,FALSE,,HOKA Arahi 5,activities/6195540770.fit.gz,,,5923,4584,16161.9,5.8,3.526,193.6,195.7,616.7,649.8,25.2,0,,,93,80,,153,,,999,,,115,,,,,,,,,,,,,0,,1,16523.5,,,,,,,,,,,,,,,,8423092,,,,,,,,,,,2.729,,,,,,,,,,,,,,,,,,
5830393950,"Aug 21, 2021, 2:49:26 PM",Morning Run,Run,,2352,8.72,181,60,FALSE,,HOKA Arahi 5,activities/6199761761.fit.gz,,,2352,2307,8720,5.9,3.78,98.1,97,617.1,642.4,14.8,0,,,87,81,,156,,,551,,,60,,,,,,,,,,,,,0,,1,8911.8,,,,,,,,,,,,,,,,8423092,,,,,,,,,,,3.707,,,,,,,,,,,,,,,,,,
5836044312,"Aug 22, 2021, 2:23:14 PM",First ‚Äúreal‚Äù bike ride,Ride,W/ Spencer & Eli,9093,56.62,179,153,FALSE,,,activities/6205690445.fit.gz,,,9093,8058,56628.4,17.2,7.028,1072.5,1072.9,502.1,887.4,49.5,0,,,,,,146,,171,1383,,,153,,,,,,,,,,,0,,0,,1,,,,,,,,,,,,,,,,,,,,,,,,,,,,6.228,,,,,,,,,,,,,,,,,,media/D4447A3B-78FB-42BA-955F-E31E413EA044.jpg|media/70F457C8-3228-48DA-B44D-3944D3CF3C6E.jpg|media/2D3B2D6D-D874-450C-9CCD-448EDDF45926.jpg
5839514692,"Aug 23, 2021, 12:22:35 PM",Morning Run,Run,,3458,12.12,169,62,FALSE,,HOKA Arahi 5,activities/6209378892.fit.gz,,,3458,3224,12125.4,5,3.761,126.6,128.2,622,661.7,12.3,0,,,86,81,,148,,,687,,,62,,,,,,,,,,,,,0,,1,12304.4,,,,,,,,,,,,,,,,8423092,,,,,,,,,,,3.506,,,,,,,,,,,,,,,,,,
5842651747,"Aug 24, 2021, 1:04:45 AM",Night Run,Run,,2015,6.75,168,39,FALSE,,HOKA Arahi 5,activities/6212637864.fit.gz,,,2015,2002,6757,5.1,3.375,71.8,70.1,615.1,641.3,22.1,0,,,83,79,,149,,,453,,,39,,,,,,,,,,,,,0,,1,6903.8,,,,,,,,,,,,,,,,8423092,,,,,,,,,,,3.353,,,,,,,,,,,,,,,,,,
5854413600,"Aug 24, 2021, 4:13:04 PM",Lunch Run,Run,,2129,8.2,182,59,FALSE,,HOKA Arahi 5,activities/6224883159.fit.gz,,,2129,2126,8201.4,5.2,3.858,92.6,91.4,610.6,641.2,15.3,0,,,89,81,,156,,,518,,,59,,,,,,,,,,,,,0,,1,8381.9,,,,,,,,,,,,,,,,8423092,,,,,,,,,,,3.852,,,,,,,,,,,,,,,,,,
5854414188,"Aug 25, 2021, 1:50:48 AM",Night Run,Run,,1199,4.85,177,35,FALSE,,HOKA Arahi 5,activities/6224883791.fit.gz,,,1199,1199,4850.6,6.4,4.046,48.4,49.4,625.6,646.2,27.5,0,,,92,82,,156,,,294,,,35,,,,,,,,,,,,,0,,1,4988.9,,,,,,,,,,,,,,,,8423092,,,,,,,,,,,4.046,,,,,,,,,,,,,,,,,,
5854415402,"Aug 25, 2021, 12:54:41 PM",Morning Run,Run,,2268,8.07,167,52,FALSE,,HOKA Arahi 5,activities/6224884997.fit.gz,,,2268,2268,8077.9,6.6,3.562,134.1,135.1,625.6,699.1,18,0,,,89,81,,151,,,512,,,52,,,,,,,,,,,,,0,,1,8399.1,,,,,,,,,,,,,,,,8423092,,,,,,,,,,,3.562,,,,,,,,,,,,,,,,,,
5867876179,"Aug 28, 2021, 3:17:49 PM",Beautiful day in the neighborhood ,Run,,6759,23.62,183,259,FALSE,,HOKA Arahi 5,activities/6238997213.fit.gz,,,6759,6153,23623.2,9.5,3.839,75.2,75.7,1.8,20.9,35.3,0,,,107,82,,165,,,1573,,,259,,,,,,,,,,,0,,0,,1,23840.5,,,,,,,,,,,,,,,,8423092,,,,,,,,,,,3.495,,,,,,,,,,,,,,,,,,media/2AEC3577-304E-425F-80FF-A3D94A7DD0AB.jpg|media/923B144B-B382-4D24-9DF4-6ACEA7EFFB36.jpg
5876980396,"Aug 30, 2021, 12:18:36 PM",Morning Run,Run,,3620,12.66,168,49,FALSE,,HOKA Arahi 5,activities/6248575922.fit.gz,,,3620,3480,12661.2,6,3.638,151.3,151.5,624,673.3,15.1,0,,,86,81,,142,,,684,,,49,,,,,,,,,,,,,0,,1,12935.4,,,,,,,,,,,,,,,,8423092,,,,,,,,,,,3.498,,,,,,,,,,,,,,,,,,
5926554991,"Sep 1, 2021, 10:01:08 PM",Evening Run,Run,,619,1.18,164,4,FALSE,,HOKA Arahi 5,activities/6300352151.fit.gz,,,619,333,1179,4.6,3.541,14.9,15.3,613.9,630.1,7.8,0,,,89,81,,139,,,72,,,4,,,,,,,,,,,,,0,,1,1205.3,,,,,,,,,,,,,,,,8423092,,,,,,,,,,0,1.905,,,,,,,,,,,,,,,,,,
5926557763,"Aug 31, 2021, 2:28:21 PM",Morning Run,Run,,2196,8.06,169,34,FALSE,,HOKA Arahi 5,activities/6300354926.fit.gz,,,2196,2196,8065.5,5.1,3.673,103.4,104.9,626.5,684.1,18.6,0,,,91,82,,145,,,461,,,34,,,,,,,,,,,,,0,,1,8222.3,,,,,,,,,,,,,,,,8423092,,,,,,,,,,0,3.673,,,,,,,,,,,,,,,,,,
5926559507,"Sep 4, 2021, 5:30:05 PM",Afternoon Run,Run,,1524,6.06,169,38,FALSE,,HOKA Arahi 5,activities/6300356823.fit.gz,,,1524,1524,6060.4,7,3.977,58.5,60.4,629.8,656.8,13.7,0,,,87,82,,152,,,373,,,38,,,,,,,,,,,,,0,,1,6156.9,,,,,,,,,,,,,,,,8423092,,,,,,,,,,0,3.977,,,,,,,,,,,,,,,,,,
5926560688,"Sep 5, 2021, 4:01:25 PM",Lunch Run,Run,,1412,3.28,166,10,FALSE,,HOKA Arahi 5,activities/6300358141.fit.gz,,,1412,990,3281.6,4.1,3.315,0,,,,0,0,,,83,80,,130,,,201,,,10,,,,,,,,,,,,,0,,1,,,,,,,,,,,,,,,,,8423092,,,,,,,,,,0,2.324,,,,,,,,,,,,,,,,,,
5926564264,"Sep 6, 2021, 3:29:25 PM",Lunch Run,Run,,1889,6.77,159,12,FALSE,,HOKA Arahi 5,activities/6300360998.fit.gz,,,1889,1884,6772.7,5.7,3.595,66.5,67.6,624,645.1,39.4,0,,,85,82,,127,,,328,,,12,,,,,,,,,,,,,0,,1,6935.5,,,,,,,,,,,,,,,,8423092,,,,,,,,,,0,3.585,,,,,,,,,,,,,,,,,,
5926566585,"Sep 7, 2021, 2:25:59 PM",Morning Run,Run,,2429,9.69,171,63,FALSE,,HOKA Arahi 5,activities/6300363708.fit.gz,,,2429,2429,9690.3,11.4,3.989,65.2,67.1,626.8,655.7,8.7,0,,,88,84,,153,,,597,,,63,,,,,,,,,,,,,0,,1,9767.7,,,,,,,,,,,,,,,,8423092,,,,,,,,,,0,3.989,,,,,,,,,,,,,,,,,,
5926573872,"Sep 8, 2021, 11:21:35 AM",Morning Ride,Ride,,7698,50.7,152,34,FALSE,,,activities/6300371610.fit.gz,,,7698,6915,50706.5,20,7.333,807.1,814.6,514.9,658.8,15.8,0,,,,,,125,,157,927,,,34,,,,,,,,,,,,,0,,1,,,,,,,,,,,,,,,,,,,,,,,,,,,0,6.587,,,,,,,,,,,,,,,,,,
5939820267,"Sep 10, 2021, 10:20:31 PM",Evening Run,Run,,1348,5.07,160,11,FALSE,,HOKA Arahi 5,activities/6314222234.fit.gz,,,1348,1316,5075.1,5.9,3.856,74.8,78.9,626.5,677.7,16.2,-0.1,,,87,81,,138,,,275,,,11,,,,,,,,,,,,,0,,1,5213.6,,,,,,,,,,,,,,,,8423092,,,,,,,,,,0,3.765,,,,,,,,,,,,,,,,,,
5943724625,"Sep 11, 2021, 3:46:41 PM",Lunch Run,Run,,4403,16.11,179,77,FALSE,,HOKA Arahi 5,activities/6318319057.fit.gz,,,4403,4403,16116.5,7.9,3.66,166.9,173.3,607.6,642.4,14.7,0,,,87,81,,148,,,994,,,77,,,,,,,,,,,,,0,,1,16384.4,,,,,,,,,,,,,,,,8423092,,,,,,,,,,0,3.66,,,,,,,,,,,,,,,,,,
5949475341,"Sep 12, 2021, 3:16:34 PM",Lunch Run,Run,,2380,8.58,167,48,FALSE,,HOKA Arahi 5,activities/6324353895.fit.gz,,,2380,2356,8580.5,4.7,3.642,114.5,119.1,626.9,667.8,13.1,-0.1,,,86,81,,148,,,528,,,48,,,,,,,,,,,,,0,,1,8770.5,,,,,,,,,,,,,,,,8423092,,,,,,,,,,0,3.605,,,,,,,,,,,,,,,,,,
5954868427,"Sep 13, 2021, 1:36:18 PM",Morning Run,Run,,1263,4.84,171,23,FALSE,,HOKA Arahi 5,activities/6330035706.fit.gz,,,1263,1263,4840.8,6.9,3.833,60.2,63.6,617.9,637.3,13.7,-0.1,,,87,82,,147,,,296,,,23,,,,,,,,,,,,,0,,1,4952.2,,,,,,,,,,,,,,,,8423092,,,,,,,,,,0,3.833,,,,,,,,,,,,,,,,,,
5976867497,"Sep 17, 2021, 10:49:24 PM",Celebratory run - just landed a research position ,Run,Got lost on the run though,2853,11.98,189,109,FALSE,,HOKA Arahi 5,activities/6353035624.fit.gz,,,2853,2853,11982.7,7.9,4.2,183.6,188.4,625.5,686.5,15.6,0,,,97,84,,162,,,759,,,109,,,,,,,,,,,0,,0,,1,12388.6,,,,,,,,,,,,,,,,8423092,,,,,,,,,,0,4.2,,,,,,,,,,,,,,,,,,
5976869962,"Sep 16, 2021, 3:05:48 AM",Night Run,Run,,3032,11.54,174,58,FALSE,,HOKA Arahi 5,activities/6353038249.fit.gz,,,3032,3032,11546.2,9.2,3.808,137.1,142.3,618.4,649.8,18.3,0,,,87,82,,147,,,663,,,58,,,,,,,,,,,,,0,,1,11812.3,,,,,,,,,,,,,,,,8423092,,,,,,,,,,0,3.808,,,,,,,,,,,,,,,,,,
5981054253,"Sep 18, 2021, 4:06:35 PM",Lunch Run,Run,,2119,8.08,177,33,FALSE,,HOKA Arahi 5,activities/6357421031.fit.gz,,,2119,2090,8081,6.3,3.867,124.4,124.8,601.9,652.5,12,0,,,94,83,,143,,,456,,,33,,,,,,,,,,,,,0,,1,8322.5,,,,,,,,,,,,,,,,8423092,,,,,,,,,,0,3.814,,,,,,,,,,,,,,,,,,
5990756734,"Sep 20, 2021, 1:37:50 PM",Morning Run,Run,,2320,8.07,172,41,FALSE,,HOKA Arahi 5,activities/6367658429.fit.gz,,,2320,2320,8073.5,5.1,3.48,158.6,158.9,609.4,690.9,9.9,0,,,86,82,,147,,,536,,,41,,,,,,,,,,,,,0,,1,8389.5,,,,,,,,,,,,,,,,8423092,,,,,,,,,,0,3.48,,,,,,,,,,,,,,,,,,
5997575797,"Sep 21, 2021, 1:19:41 PM",Morning Ride,Ride,,5840,26.9,169,37,FALSE,,,activities/6374778267.fit.gz,,,5840,4699,26900.2,15,5.725,629.3,620.7,585.4,764.4,18.8,0,,,,,,131,,140,725,,,37,,,,,,,,,,,,,0,,1,,,,,,,,,,,,,,,,,,,,,,,,,,,0,4.606,,,,,,,,,,,,,,,,,,
6007409085,"Sep 23, 2021, 4:40:34 PM",Lunch Run,Run,,1251,4.98,170,7,FALSE,,HOKA Arahi 5,activities/6385079996.fit.gz,,,1251,1251,4982.4,5.4,3.983,81.4,79.2,624.8,655.6,13.7,0,,,90,84,,132,,,233,,,7,,,,,,,,,,,,,0,,1,5169.8,,,,,,,,,,,,,,,,8423092,,,,,,,,,,0,3.983,,,,,,,,,,,,,,,,,,
6023045984,"Sep 24, 2021, 11:01:06 PM",Evening Run,Run,,3077,10.16,187,58,FALSE,,HOKA Arahi 5,activities/6401509334.fit.gz,,,3077,2551,10167,7.4,3.985,163.6,167,620.7,684.4,49.1,0,,,91,84,,152,,,607,,,58,,,,,,,,,,,,,0,,1,10549.6,,,,,,,,,,,,,,,,8423092,,,,,,,,,,0,3.304,,,,,,,,,,,,,,,,,,
6023050012,"Sep 25, 2021, 9:50:01 PM",Afternoon Run,Run,,2352,8.05,188,63,FALSE,,HOKA Arahi 5,activities/6401513619.fit.gz,,,2352,2314,8058.5,4.6,3.482,118.7,122.6,626.3,675.9,13,0,,,86,81,,155,,,577,,,63,,,,,,,,,,,,,0,,1,8277.7,,,,,,,,,,,,,,,,8423092,,,,,,,,,,0,3.426,,,,,,,,,,,,,,,,,,
6027584016,"Sep 27, 2021, 1:49:30 PM",Hit mile 4 kinda hard,Run,,2001,8.06,173,54,FALSE,,HOKA Arahi 5,activities/6406297692.fit.gz,,,2001,2001,8066.8,6.1,4.031,69.7,67.2,622,649.8,24.1,0,,,90,84,,155,,,492,,,54,,,,,,,,,,,0,,0,,1,8202.7,,,,,,,,,,,,,,,,8423092,,,,,,,,,,0,4.031,,,,,,,,,,,,,,,,,,
6034650365,"Sep 28, 2021, 4:12:05 PM",Lunch Run,Run,,1724,6.46,175,34,FALSE,,HOKA Arahi 5,activities/6413680759.fit.gz,,,1724,1724,6460,5.9,3.747,119.3,119.5,628.8,703.7,12.8,0,,,88,82,,149,,,386,,,34,,,,,,,,,,,,,0,,1,6753.2,,,,,,,,,,,,,,,,8423092,,,,,,,,,,0,3.747,,,,,,,,,,,,,,,,,,
6045679103,"Sep 30, 2021, 2:23:47 PM",Morning Walk,Walk,,3757,3.33,142,7,FALSE,,HOKA Arahi 5,activities/6425235656.fit.gz,,,3757,3757,3332.8,2.2,0.887,0,,,,0,0,,,79,50,,88,,,263,,,7,,,,,,,,,,,,,0,,1,,,,,,,,,,,,,,,,,8423092,,,,,,,,,,0,0.887,,,,,,,,,,,,,,,,,,
6048939351,"Oct 1, 2021, 7:44:32 PM",Never running here again,Run,Long steep winding mountain roads with no shoulder. Almost got pancaked by a car coming too fast around a corner too many times to count.,1795,6.61,155,15,FALSE,,HOKA Arahi 5,activities/6428669877.fit.gz,,,1795,1792,6618.7,8.2,3.693,255.7,255.7,474,667.8,25.6,0,,,94,83,,138,,,356,,,15,,,,,,,,,,,0,,0,,1,7469.4,,,,,,,,,,,,,,,,8423092,,,,,,,,,,0,3.687,,,,,,,,,,,,,,,,,,
6070232861,"Oct 6, 2021, 2:00:42 AM",Night Activity,Workout,,880,1.12,166,5,FALSE,,,activities/6451040255.fit.gz,,,880,880,1125.7,6.3,1.279,0,,,,0,0,,,122,64,,120,,,129,,,5,,,,,,,,,,,,,0,,1,,,,,,,,,,,,,,,,,,,,,,,,,,,0,1.279,,,,,,,,,,,,,,,,,,
6078298467,"Oct 7, 2021, 4:37:07 PM",First run back since the sprained ankle,Run,Pain,3253,9.66,179,96,FALSE,,HOKA Arahi 5,activities/6459563603.fit.gz,,,3253,2390,9664.3,5.9,4.044,90.7,92.1,615.1,647.1,28.1,0,,,91,84,,164,,,629,,,96,,,,,,,,,,,0,,0,,1,9862.5,,,,,,,,,,,,,,,,8423092,,,,,,,,,,0,2.971,,,,,,,,,,,,,,,,,,
6088641103,"Oct 9, 2021, 4:47:19 PM",South on Huckleberry,Run,,4459,16.87,177,169,FALSE,,HOKA Arahi 5,activities/6470444107.fit.gz,,,4459,4459,16869.4,6.3,3.783,153.2,151.4,599,643.2,11.6,0,,,89,84,,163,,,1134,,,169,,,,,,,,,,,0,,0,,1,17113.9,,,,,,,,,,,,,,,,8423092,,,,,,,,,,0,3.783,,,,,,,,,,,,,,,,,,
6099176312,"Oct 11, 2021, 8:25:40 PM",Afternoon Run,Run,,1825,6.87,165,30,FALSE,,HOKA Arahi 5,activities/6481699389.fit.gz,,,1825,1825,6872.9,5,3.766,56.1,53.2,628.8,656.7,11.5,0,,,88,83,,145,,,396,,,30,,,,,,,,,,,,,0,,1,6972.3,,,,,,,,,,,,,,,,8423092,,,,,,,,,,0,3.766,,,,,,,,,,,,,,,,,,
6113673056,"Oct 14, 2021, 3:33:15 PM",Ride & run with Spencer üß± ,Ride,,2917,19.97,169,39,FALSE,,,activities/6496994773.fit.gz,,,2917,2901,19971.9,16.1,6.884,330.1,331.8,454.5,690.8,12,0,,,,,,137,,146,555,,,39,,,,,,,,,,,0,,0,,1,,,,,,,,,,,,,,,,,,,,,,,,,,,0,6.847,51.1,,,,,,,,,,,,,,,,,
6113673690,"Oct 14, 2021, 4:28:04 PM",Ride & run with Spencer üß± ,Run,,1220,2.99,165,21,FALSE,,HOKA Arahi 5,activities/6496995533.fit.gz,,,1220,859,2994.1,4.8,3.486,33.4,33.2,625.9,644.2,13.2,0,,,87,82,,151,,,208,,,21,,,,,,,,,,,0,,0,,1,3066.6,,,,,,,,,,,,,,,,8423092,,,,,,,,,,0,2.454,0,,,,,,,,,,,,,,,,,
6113949515,"Oct 14, 2021, 9:52:28 PM",Afternoon Ride,Ride,,686,2.72,123,1,FALSE,,,activities/6497285410.fit.gz,,,686,437,2721.4,13.2,6.227,20.9,29.7,621.2,641.3,48.1,-0.3,,,,,,116,,106,66,,,1,,,,,,,,,,,,,0,,1,,,,,,,,,,,,,,,,,,,,,,,,,,,0,3.967,42.5,,,,,,,,,,,,,,,,,
6118790030,"Oct 15, 2021, 10:17:59 PM",Evening Run,Run,,1727,7.2,151,9,FALSE,,HOKA Arahi 5,activities/6502403696.fit.gz,,,1727,1727,7199.3,5.5,4.169,69.5,68.6,618.9,640.3,11.9,0,,,91,84,,131,,,305,,,9,,,,,,,,,,,,,0,,1,7305.1,,,,,,,,,,,,,,,,8423092,,,,,,,,,,0,4.169,0,,,,,,,,,,,,,,,,,
6121962984,"Oct 16, 2021, 2:29:29 PM",Morning Run,Run,,4067,16.46,181,83,FALSE,,HOKA Arahi 5,activities/6505769872.fit.gz,,,4067,3975,16461,5.9,4.141,151.1,153.3,599,643.2,14.9,0,,,91,85,,148,,,870,,,83,,,,,,,,,,,,,0,,1,16687.3,,,,,,,,,,,,,,,,8423092,,,,,,,,,,0,4.047,0,,,,,,,,,,,,,,,,,
6129553647,"Oct 18, 2021, 1:48:26 AM",‚ÄúRun‚Äùway ‚úàÔ∏è ,Run,,1721,5.16,159,16,FALSE,,HOKA Arahi 5,activities/6513857296.fit.gz,,,1721,1510,5159.8,5.1,3.417,68.1,68,624,648.1,13.9,0,,,92,81,,140,,,311,,,16,,,,,,,,,,,0,,0,,1,5290.6,,,,,,,,,,,,,,,,8423092,,,,,,,,,,0,2.998,225.7,,,,,,,,,,,,,,,,,
6136291884,"Oct 19, 2021, 12:20:46 PM",Morning Ride,Ride,,7441,44.98,,,FALSE,,,#error#,,,7441,6964,44981.6,16.836,6.459,1004,1027,451.4,779.4,24.9,-0.1,,,,,,,,153,1192,,9,,,,,,,,,,,,,,0,,1,,,,,,,,,,,,,,,,,,,,,,,,,,,0,6.045,4391.9,,,,,,,,,,,,,,,,,
6142535300,"Oct 20, 2021, 7:06:46 PM",Afternoon Run,Run,,1276,4.97,162,25,FALSE,,HOKA Arahi 5,activities/6527591985.fit.gz,,,1276,1273,4977.7,4.972,3.91,21,22.3,628.8,642.7,7.7,0,,,87,83,,147,,,298,,,25,,,,,,,,,,,,,0,,1,5004.9,,,,,,,,,,,,,,,,8423092,,,,,,,,,,0,3.901,40.7,,,,,,,,,,,,,,,,,
6149870041,"Oct 22, 2021, 12:52:02 PM",Morning Run,Run,,1122,4.32,154,9,FALSE,,HOKA Arahi 5,activities/6535375243.fit.gz,,,1122,1122,4319.9,4.972,3.85,37.8,36.1,624,649.8,15.2,0,,,89,83,,138,,,235,,,9,,,,,,,,,,,,,0,,1,4387.3,,,,,,,,,,,,,,,,8423092,,,,,,,,,,0,3.85,0,,,,,,,,,,,,,,,,,
6156119169,"Oct 23, 2021, 4:53:54 PM",Lunch Run,Run,,4291,16.2,185,104,FALSE,,HOKA Arahi 5,activities/6542007003.fit.gz,,,4291,4235,16201.1,5.642,3.826,143.9,145,599,643.2,10.9,0,,,90,84,,153,,,965,,,104,,,,,,,,,,,,,0,,1,16422.4,,,,,,,,,,,,,,,,8423092,,,,,,,,,,0,3.776,144.1,,,,,,,,,,,,,,,,,
6164581559,"Oct 25, 2021, 12:42:58 PM",New shoes new man,Run,,2858,10.82,169,17,FALSE,,HOKA Arahi 5,activities/6551067288.fit.gz,,,2858,2858,10822.9,5.216,3.787,116.2,116.8,618.5,658.9,22.4,0,,,100,83,,129,,,464,,,17,,,,,,,,,,,0,,0,,1,11004.2,,,,,,,,,,,,,,,,8423092,,,,,,,,,,0,3.787,0,,,,,,,,,,,,,,,,,
6173996721,"Oct 27, 2021, 1:05:06 PM",Morning Run,Run,,3242,11.43,179,86,FALSE,,HOKA Arahi 5,activities/6561033033.fit.gz,,,3242,3156,11429.3,4.786,3.621,119.1,119.1,615.5,641.1,20.1,0,,,88,83,,154,,,727,,,86,,,,,,,,,,,,,0,,1,11652,,,,,,,,,,,,,,,,8423092,,,,,,,,,,0,3.525,0,,,,,,,,,,,,,,,,,
6194997947,"Oct 31, 2021, 9:27:36 PM",Afternoon Run,Run,,2489,8.78,193,99,FALSE,,HOKA Arahi 5,activities/6583421547.fit.gz,,,2489,2489,8781,5.678,3.528,92.6,89.4,609,642.4,17.1,0,,,87,82,,164,,,643,,,99,,,,,,,,,,,,,0,,1,8974.9,,,,,,,,,,,,,,,,8423092,,,,,,,,,,0,3.528,123.5,,,,,,,,,,,,,,,,,
6198541041,"Nov 1, 2021, 8:15:37 PM",Rowing,Rowing,,581,880,176,7,FALSE,,,activities/6587226704.fit.gz,,,581,581,879.7,2.88,1.514,0,,,,0,0,,,82,59,,135,,,110,,,7,,,,,,,,,,,0,,0,,1,,,,,,,,,,,,,,,,,,,,,,,,,,,0,1.514,0,,,,,,,,,,,,,,,,,
6216958547,"Nov 3, 2021, 1:43:19 PM",Morning run,Run,,2237,7.22,173,37,FALSE,,HOKA Arahi 5,activities/6606961426.fit.gz,,,2237,2237,7222.5,4.594,3.229,0,,,,0,0,,,89,83,,147,,,461,,,37,,,,,,,,,,,0,,0,,1,,,,,,,,,,,,,,,,,8423092,,,,,,,,,,0,3.229,0,,,,,,,,,,,,,,,,,
6216960071,"Nov 5, 2021, 9:57:06 PM",Afternoon Run,Run,,3452,8.39,175,49,FALSE,,HOKA Arahi 5,activities/6606963038.fit.gz,,,3452,1940,8394.7,6.93,4.327,77.6,74.8,609,642.4,19.4,0,,,96,85,,153,,,441,,,49,,,,,,,,,,,,,0,,1,8539.6,,,,,,,,,,,,,,,,8423092,,,,,,,,,,0,2.432,124,,,,,,,,,,,,,,,,,
6225990346,"Nov 7, 2021, 3:25:25 PM",Halfie,Run,,5969,21.09,181,188,FALSE,,HOKA Arahi 5,activities/6616630515.fit.gz,,,5969,5969,21096.4,5.484,3.534,317.7,315.5,581.1,658.6,21.3,0,,,98,83,,158,,,1332,,,188,,,,,,,,,,,0,,0,,1,21941.9,,,,,,,,,,,,,,,,8423092,,,,,,,,,,0,3.534,3677.8,,,,,,,,,,,,,,,,,
6231318073,"Nov 8, 2021, 6:59:20 PM",Afternoon Run,Run,,1881,7.05,192,80,FALSE,,HOKA Arahi 5,activities/6622359344.fit.gz,,,1881,1850,7052.9,5.372,3.812,77.4,77.9,624,658.9,8.7,0,,,87,84,,167,,,479,,,80,,,,,,,,,,,,,0,,1,7157.5,,,,,,,,,,,,,,,,8423092,,,,,,,,,,0,3.75,0,,,,,,,,,,,,,,,,,
6234827940,"Nov 9, 2021, 3:41:01 PM",First cycling KOM,Ride,,5979,32.2,142,21,FALSE,,,activities/6626101009.fit.gz,,,5979,5017,32208.8,16.668,6.42,669.9,665.4,616.8,788.6,20.8,0,,,,,,122,,143,597,,,21,,,,,,,,,,,0,,0,,1,,,,,,,,,,,,,,,,,,,,,,,,,,,0,5.387,140.4,,,,,,,,,,,,,,,,,
6243561057,"Nov 11, 2021, 3:51:11 AM",Night Run,Run,,1815,5.83,177,58,FALSE,,HOKA Arahi 5 Blue Lagoons,activities/6635390085.fit.gz,,,1815,1561,5830.9,4.754,3.735,78.6,78.4,623.4,662.2,8.6,0,,,87,83,,163,,,390,,,58,,,,,,,,,,,,,0,,1,5948.8,,,,,,,,,,,,,,,,9523196,,,,,,,,,,0,3.213,0,,,,,,,,,,,,,,,,,
6243563115,"Nov 11, 2021, 3:29:58 PM",Morning Run,Run,,1501,5.47,178,34,FALSE,,HOKA Arahi 5 Blue Lagoons,activities/6635392189.fit.gz,,,1501,1501,5470.6,4.48,3.645,66.1,66.1,628.8,679.2,9.2,0,,,88,82,,152,,,343,,,34,,,,,,,,,,,,,0,,1,5579,,,,,,,,,,,,,,,,9523196,,,,,,,,,,0,3.645,0,,,,,,,,,,,,,,,,,
6261294608,"Nov 15, 2021, 2:19:24 PM",Morning Run,Run,,1191,4.63,169,23,FALSE,,HOKA Arahi 5 Blue Lagoons,activities/6654367431.fit.gz,,,1191,1191,4635.4,4.928,3.892,0,,,,0,0,,,90,84,,147,,,262,,,23,,,,,,,,,,,,,0,,1,,,,,,,,,,,,,,,,,9523196,,,,,,,,,,0,3.892,0,,,,,,,,,,,,,,,,,
6261457578,"Nov 14, 2021, 8:01:57 PM",Dragon's Tooth hike,Hike,but I forgot to start tracking the hike at beginning... was total of 5 miles.,8703,5.58,,,FALSE,,HOKA Arahi 5 Blue Lagoons,activities/6261457578.gpx,,,8703,5256,5580.4,2.48,1.062,202.4,397.2,536.2,921.5,48.6,-3.5,,,,,,,,,467,,,,,,,,,,,,,,0,,0,,1,,,,,,,,,,,,,,,,,9523196,,,,,,,,,,0,0.641,5580.4,,,,,,,,,,,,,,,,,media/411913af-f34e-4e5d-beca-1ee88a447a0d.jpg|media/16b63a92-2896-4fa3-9318-03ff8941e3ff.jpg|media/95dc0b82-e146-49d9-91fe-e7861215ddda.jpg|media/cab867f9-c28e-40a3-b2f8-b89e848043a8.jpg|media/f564650f-2e13-431f-831e-2b73b9af3089.jpg
6261458265,"Nov 15, 2021, 2:48:10 PM",Morning Swim,Swim,,1001,"1,335",142,3,FALSE,,,activities/6654543055.fit.gz,,,1001,997,1335.4,3.42,1.339,0,,,,0,0,,,80,59,,102,,,99,,,3,,,,,,,,,,,0,,0,,1,,,,,,,,,,,,,,,,,,,,,,,,,,,0,1.334,0,,,,,,,,,,,,,,,,,
6269705736,"Nov 17, 2021, 11:08:47 AM",Lane Stadium Stair Laps,Run,1 mile of stadium laps. Ugg,1485,1.61,196,32,FALSE,,HOKA Arahi 5 Blue Lagoons,activities/6663332848.fit.gz,,,1485,1443,1617.7,2.668,1.121,30.7,28.1,628.6,636.5,12.7,0.2,,,102,81,,154,,,331,,,32,,,,,,,,,,,0,,0,,1,1758.2,,,,,,,,,,,,,,,,9523196,,,,,,,,,,0,1.089,0,,,,,,,,,,,,,,,,,media/DE9FD4B1-4C69-455D-A82F-EED83272633A.jpg
6281083767,"Nov 19, 2021, 9:45:05 PM",Afternoon Run,Run,,1323,5.18,178,55,FALSE,,HOKA Arahi 5 Blue Lagoons,activities/6675495891.fit.gz,,,1323,1323,5186,5.846,3.92,56.7,55.7,618.5,640.8,10.1,0,,,87,83,,165,,,336,,,55,,,,,,,,,,,,,0,,1,5274,,,,,,,,,,,,,,,,9523196,,,,,,,,,,0,3.92,138,,,,,,,,,,,,,,,,,
6293364122,"Nov 22, 2021, 5:42:34 PM",Downtown loop,Run,Feeling real sore from frisbee tourney this weekend. 7 games. 10.5 hours of frisbee. Still got after it,3083,12.23,187,93,FALSE,,HOKA Arahi 5 Blue Lagoons,activities/6688726093.fit.gz,,,3083,2972,12232,6.412,4.116,77.1,76.8,1.6,35,26.2,0,,,97,85,,158,,,699,,,93,,,,,,,,,,,0,,0,,1,12367.7,,,,,,,,,,,,,,,,9523196,,,,,,,,,,0,3.968,456.4,,,,,,,,,,,,,,,,,media/54930E0A-6D32-404F-B6BB-9D1C99A2354A.jpg|media/189F5729-CD54-4CC1-BCF5-55040BE33CB8.jpg|media/87379745-EED0-46BC-9578-5E600DB5184B.jpg|media/FD2288F6-74F9-4F33-8331-376C9A0B1FB9.jpg|media/6EE0DE32-FAD9-4034-855B-CCC807E46A28.jpg
6298918093,"Nov 23, 2021, 10:30:15 PM",To Alex Ovechkin‚Äôs house,Run,"For the love of houses. 


Also turned into an unintentional progressive due to some very motivational SoundCloud remixes",2228,9.67,186,82,FALSE,,HOKA Arahi 5 Blue Lagoons,activities/6694656252.fit.gz,,,2228,2223,9676.6,6.256,4.353,95.9,95.6,102.8,122.4,13.5,0,,,94,86,,160,,,529,,,82,,,,,,,,,,,0,,0,,1,9815.6,,,,,,,,,,,,,,,,9523196,,,,,,,,,,0,4.343,0,,,,,,,,,,,,,,,,,
6303328878,"Nov 24, 2021, 10:02:33 PM",Running with the deer,Run,I‚Äôm one of the pack now,4188,16.11,179,141,FALSE,,HOKA Arahi 5 Blue Lagoons,activities/6699391739.fit.gz,,,4188,4177,16116.7,4.836,3.858,180.8,180.9,78.2,122.2,22.8,0,,,91,84,,161,,,1029,,,141,,,,,,,,,,,0,,0,,1,16471.4,,,,,,,,,,,,,,,,9523196,,,,,,,,,,0,3.848,0,,,,,,,,,,,,,,,,,media/32276345-3740-4043-84FD-2EDE97F5E614.jpg
6310326706,"Nov 26, 2021, 5:43:11 PM",Lunch Run,Run,,2090,8.07,177,69,FALSE,,HOKA Arahi 5 Blue Lagoons,activities/6706909352.fit.gz,,,2090,2080,8070.3,5.544,3.88,90.8,90.8,85.1,122.1,10,0,,,96,84,,159,,,523,,,69,,,,,,,,,,,,,0,,1,8201.5,,,,,,,,,,,,,,,,9523196,,,,,,,,,,0,3.861,0,,,,,,,,,,,,,,,,,
6318103989,"Nov 28, 2021, 2:31:25 PM",Morning Run,Run,,2535,9.97,177,59,FALSE,,HOKA Arahi 5 Blue Lagoons,activities/6715281906.fit.gz,,,2535,2501,9971,4.858,3.987,103.6,103.6,78.2,122.2,10.6,0,,,89,84,,153,,,587,,,59,,,,,,,,,,,,,0,,1,10120.3,,,,,,,,,,,,,,,,9523196,,,,,,,,,,0,3.933,0,,,,,,,,,,,,,,,,,
6321920685,"Nov 29, 2021, 3:31:11 PM",Good loop. ,Run,,2178,8.26,180,42,FALSE,,HOKA Arahi 5 Blue Lagoons,activities/6719421944.fit.gz,,,2178,2166,8260,5.028,3.813,95.3,92.7,615.1,645.8,10.4,0,,,87,83,,149,,,483,,,42,,,,,,,,,,,0,,0,,1,8432,,,,,,,,,,,,,,,,9523196,,,,,,,,,,0,3.792,4.7,,,,,,,,,,,,,,,,,
6325911098,"Nov 30, 2021, 2:41:35 PM",Morning Run,Run,,1726,6.46,173,31,FALSE,,HOKA Arahi 5 Blue Lagoons,activities/6723684970.fit.gz,,,1726,1726,6463,5.552,3.744,65,65.6,628.8,658.9,8.5,0,,,87,84,,147,,,384,,,31,,,,,,,,,,,,,0,,1,6543.9,,,,,,,,,,,,,,,,9523196,,,,,,,,,,0,3.744,67.7,,,,,,,,,,,,,,,,,
6330177404,"Dec 1, 2021, 2:32:17 PM",You happy Ryan?,Run,,2439,9.19,180,58,FALSE,,HOKA Arahi 5 Blue Lagoons,activities/6728243763.fit.gz,,,2439,2439,9197.4,7.948,3.771,92.1,90,609,642.4,9,0,,,104,83,,151,,,570,,,58,,,,,,,,,,,0,,0,,1,9360.6,,,,,,,,,,,,,,,,9523196,,,,,,,,,,0,3.771,877.1,,,,,,,,,,,,,,,,,
6335013589,"Dec 2, 2021, 5:52:37 PM",Pre-test mind clearer,Run,,2208,6.2,170,21,FALSE,,HOKA Arahi 5 Blue Lagoons,activities/6733406987.fit.gz,,,2208,1475,6204.7,6.842,4.207,51.6,51.5,618.4,649.8,11.5,0,,,91,86,,144,,,322,,,21,,,,,,,,,,,0,,0,,1,6296.7,,,,,,,,,,,,,,,,9523196,,,,,,,,,,0,2.81,0,,,,,,,,,,,,,,,,,
6350858523,"Dec 6, 2021, 2:45:40 PM",Morning Run,Run,,2608,10.38,173,50,FALSE,,HOKA Arahi 5 Blue Lagoons,activities/6750462730.fit.gz,,,2608,2542,10381.4,9.088,4.084,104.1,100.5,607.6,642.4,10.6,0,,,110,85,,148,,,582,,,50,,,,,,,,,,,,,0,,1,10557.4,,,,,,,,,,,,,,,,9523196,,,,,,,,,,0,3.981,8.5,,,,,,,,,,,,,,,,,
6355106750,"Dec 7, 2021, 3:39:50 PM",Morning Run,Run,,1627,6.47,181,50,FALSE,,HOKA Arahi 5 Blue Lagoons,activities/6754840571.fit.gz,,,1627,1627,6477.1,4.796,3.981,64.9,66.1,628.8,658.9,8,0,,,90,85,,158,,,417,,,50,,,,,,,,,,,,,0,,1,6554,,,,,,,,,,,,,,,,9523196,,,,,,,,,,0,3.981,34.4,,,,,,,,,,,,,,,,,
6364959664,"Dec 9, 2021, 9:20:12 PM",Afternoon Run,Run,,925,3.22,150,9,FALSE,,HOKA Arahi 5 Blue Lagoons,activities/6765716045.fit.gz,,,925,925,3224.8,4.912,3.486,35.5,42,620.8,641.2,11,-0.2,,,86,82,,139,,,196,,,9,,,,,,,,,,,,,0,,1,3274.7,,,,,,,,,,,,,,,,9523196,,,,,,,,,,0,3.486,0,,,,,,,,,,,,,,,,,
6364960202,"Dec 9, 2021, 9:39:26 PM",Afternoon Run,Run,,2211,4.46,166,20,FALSE,,HOKA Arahi 5 Blue Lagoons,activities/6765716655.fit.gz,,,2211,1041,4466.5,8.076,4.291,55.3,46.7,621.9,641.2,27.2,0.2,,,114,88,,147,,,234,,,20,,,,,,,,,,,,,0,,1,4596.7,,,,,,,,,,,,,,,,9523196,,,,,,,,,,0,2.02,0,,,,,,,,,,,,,,,,,
6367204537,"Dec 10, 2021, 4:25:14 PM",Lunch Run,Run,,5418,17.27,184,98,FALSE,,HOKA Arahi 5 Blue Lagoons,activities/6768152056.fit.gz,,,5418,4582,17274.3,6.064,3.77,148,148.8,605.1,643.2,12.9,0,,,90,84,,151,,,1032,,,98,,,,,,,,,,,,,0,,1,17504.8,,,,,,,,,,,,,,,,9523196,,,,,,,,,,0,3.188,836,,,,,,,,,,,,,,,,,
6371881433,"Dec 11, 2021, 7:34:33 PM",Afternoon Run,Run,,2930,11.67,178,98,FALSE,,HOKA Arahi 5 Blue Lagoons,activities/6773209344.fit.gz,,,2930,2930,11669.1,5.732,3.983,174.1,174.6,618.5,686.5,19.5,0,,,94,84,,160,,,745,,,98,,,,,,,,,,,,,0,,1,12046.7,,,,,,,,,,,,,,,,9523196,,,,,,,,,,0,3.983,74.9,,,,,,,,,,,,,,,,,
6380792302,"Dec 13, 2021, 10:13:28 PM",Sometimes I get lost just for the thrill of finding my way home,Run,"This run was fueled by cheap Chinese food, good stars, and smooth jazz",6099,21.91,172,145,FALSE,,HOKA Arahi 5 Blue Lagoons,activities/6782909711.fit.gz,,,6099,6030,21911,6.356,3.634,315.3,312.4,623.4,681.4,17.3,0,,,96,83,,152,,,1327,,,145,,,,,,,,,,,0,,0,,1,22526.1,,,,,,,,,,,,,,,,9523196,,,,,,,,,,0,3.593,264.7,,,,,,,,,,,,,,,,,
6384470118,"Dec 14, 2021, 8:34:52 PM",Afternoon Run,Run,,2005,7.4,176,39,FALSE,,HOKA Arahi 5 Blue Lagoons,activities/6786860201.fit.gz,,,2005,2005,7403.4,4.684,3.692,52.1,52.6,609.2,641.1,16.6,0,,,87,83,,149,,,465,,,39,,,,,,,,,,,,,0,,1,7485.2,,,,,,,,,,,,,,,,9523196,,,,,,,,,,0,3.692,842.9,,,,,,,,,,,,,,,,,
6389199959,"Dec 15, 2021, 5:11:47 PM",Lunch Run,Run,,1244,4.93,174,29,FALSE,,HOKA Arahi 5 Blue Lagoons,activities/6791935109.fit.gz,,,1244,1244,4935.8,11.268,3.968,56.8,53.4,615.6,641.2,22,0.1,,,89,83,,149,,,294,,,29,,,,,,,,,,,,,0,,1,5041.6,,,,,,,,,,,,,,,,9523196,,,,,,,,,,0,3.968,0,,,,,,,,,,,,,,,,,
6392797927,"Dec 16, 2021, 10:25:14 PM",Tysons night mode ,Run,Good urban switch up,3818,13.45,177,118,FALSE,,HOKA Arahi 5 Blue Lagoons,activities/6795804775.fit.gz,,,3818,3718,13456.6,7.168,3.619,139.1,139,95.8,156.9,17.7,0,,,124,82,,160,,,951,,,118,,,,,,,,,,,0,,0,,1,13675.6,,,,,,,,,,,,,,,,9523196,,,,,,,,,,0,3.525,0,,,,,,,,,,,,,,,,,media/FC21E1FA-8196-4CE0-85B2-3972BFC18495.jpg|media/6BBE0630-1F95-43CC-96EE-7217BCDD6104.jpg
6407086490,"Dec 19, 2021, 8:28:07 PM",Reunion with Brine,Run,,7104,25.77,183,184,FALSE,,HOKA Arahi 5 Blue Lagoons,activities/6811305698.fit.gz,,,7104,6781,25777.4,4.822,3.801,164.3,164.2,217.9,263.1,0,0,,,90,0,,155,,,1453,,,184,,,,,,,,,,,0,,0,,1,25985.8,,,,,,,,,,,,,,,,9523196,,,,,,,,,,0,3.629,0,,,,,,,,,,,,,,,,,
6408822168,"Dec 20, 2021, 10:21:25 PM",Afternoon Run,Run,,3582,12.93,177,93,FALSE,,HOKA Arahi 5 Blue Lagoons,activities/6813160397.fit.gz,,,3582,3576,12931.4,5.608,3.616,69,67,240.3,267.4,11.5,0,,,97,82,,153,,,834,,,93,,,,,,,,,,,,,0,,1,13029.7,,,,,,,,,,,,,,,,9523196,,,,,,,,,,0,3.61,0,,,,,,,,,,,,,,,,,
6416005071,"Dec 22, 2021, 6:19:04 PM",Missed Macbride,Run,,3035,11.95,176,70,FALSE,,HOKA Arahi 5 Blue Lagoons,activities/6820821583.fit.gz,,,3035,2991,11958.4,5.582,3.998,44.3,43.2,217.6,238.4,12,0,,,92,84,,151,,,704,,,70,,,,,,,,,,,0,,0,,1,12063.7,,,,,,,,,,,,,,,,9523196,,,,,,,,,,0,3.94,11241.4,,,,,,,,,,,,,,,,,
6420299526,"Dec 23, 2021, 9:12:29 PM",Afternoon Run,Run,,3280,12.95,186,116,FALSE,,HOKA Arahi 5 Blue Lagoons,activities/6825455467.fit.gz,,,3280,3271,12957.8,5.192,3.961,6.8,6.7,212.5,219.5,3.4,0,,,93,84,,162,,,863,,,116,,,,,,,,,,,,,0,,1,12975.8,,,,,,,,,,,,,,,,9523196,,,,,,,,,,0,3.951,12204.2,,,,,,,,,,,,,,,,,
6423241806,"Dec 24, 2021, 4:52:17 PM",Morning Run,Run,,1608,6.58,185,76,FALSE,,HOKA Arahi 5 Blue Lagoons,activities/6828634919.fit.gz,,,1608,1608,6581,5.034,4.093,31.8,31.7,243.9,255.4,5.5,0,,,89,86,,168,,,441,,,76,,,,,,,,,,,,,0,,1,6619.9,,,,,,,,,,,,,,,,9523196,,,,,,,,,,0,4.093,0,,,,,,,,,,,,,,,,,
6444079752,"Dec 27, 2021, 6:34:08 PM",Lunch Run,Run,,2929,10.64,172,26,FALSE,,HOKA Arahi 5 Blue Lagoons,activities/6851244243.fit.gz,,,2929,2898,10639.8,5.06,3.671,78.7,79.1,239,267.1,10.6,0,,,87,83,,135,,,528,,,26,,,,,,,,,,,,,0,,1,10743.1,,,,,,,,,,,,,,,,9523196,,,,,,,,,,0,3.633,0,,,,,,,,,,,,,,,,,
6444086208,"Dec 29, 2021, 5:40:02 PM",Trying to not slip and die,Run,Ryan ate ice,3873,13.48,181,90,FALSE,,HOKA Arahi 5 Blue Lagoons,activities/6851251073.fit.gz,,,3873,3753,13480.3,6.176,3.592,109,109,219.6,260.3,11.1,0,,,116,83,,152,,,826,,,90,,,,,,,,,,,0,,0,,1,13644.6,,,,,,,,,,,,,,,,9523196,,,,,,,,,,0,3.481,4136.9,,,,,,,,,,,,,,,,,
6449084271,"Dec 30, 2021, 11:24:27 PM",Afternoon Run,Run,,3334,12.38,176,79,FALSE,,HOKA Arahi 5 Blue Lagoons,activities/6856644388.fit.gz,,,3334,3274,12382.7,4.964,3.782,79.8,80,241.3,267.6,25.2,0,,,94,84,,152,,,757,,,79,,,,,,,,,,,,,0,,1,12482.7,,,,,,,,,,,,,,,,9523196,,,,,,,,,,0,3.714,0,,,,,,,,,,,,,,,,,
6453192658,"Dec 31, 2021, 7:57:47 PM",Afternoon Run,Run,,1767,6.49,166,40,FALSE,,HOKA Arahi 5 Blue Lagoons,activities/6861084773.fit.gz,,,1767,1767,6492.3,4.348,3.674,29.2,29.4,247.8,255.5,4.6,0,,,89,83,,149,,,411,,,40,,,,,,,,,,,,,0,,1,6516.1,,,,,,,,,,,,,,,,9523196,,,,,,,,,,0,3.674,0,,,,,,,,,,,,,,,,,
6463111831,"Jan 2, 2022, 5:46:00 PM",-20 degrees w/ windchill. Timbuktu,Run,My eyelids froze shut a few times. Carlo had to hitchhike back.,7199,25.25,182,261,FALSE,,HOKA Arahi 5 Blue Lagoons,activities/6871802820.fit.gz,,,7199,6816,25251.8,5.378,3.705,263.3,262.9,222.6,264.2,13.3,0,,,89,83,,164,,,1690,,,261,,,,,,,,,,,0,,0,,1,25694.2,,,,,,,,,,,,,,,,9523196,,,,,,,,,,0,3.508,12978.2,,,,,,,,,,,,,,,,,
6472008927,"Jan 4, 2022, 3:35:16 PM",Morning Run,Run,,3524,11.78,178,57,FALSE,,HOKA Arahi 5 Blue Lagoons,activities/6881372286.fit.gz,,,3524,3327,11786.3,4.698,3.543,131.7,131.7,221.7,270.8,9.1,0,,,87,82,,143,,,676,,,57,,,,,,,,,,,,,0,,1,11995,,,,,,,,,,,,,,,,9523196,,,,,,,,,,0,3.345,5140.1,,,,,,,,,,,,,,,,,
6482519539,"Jan 6, 2022, 4:48:58 PM",Cold,Run,Cold,2768,10.06,182,88,FALSE,,HOKA Arahi 5 Blue Lagoons,activities/6892586824.fit.gz,,,2768,2562,10065.5,5.144,3.929,44.5,44.3,224.3,254.2,5.9,0,,,90,85,,162,,,646,,,88,,,,,,,,,,,0,,0,,1,10112.2,,,,,,,,,,,,,,,,9523196,,,,,,,,,,0,3.636,0,,,,,,,,,,,,,,,,,media/9E9E0D49-CF31-40A7-B8BF-1D4E0F0F30A4.jpg|media/5FF4AF2E-A6E7-4194-AAF7-3834682939DE.jpg
6487797362,"Jan 7, 2022, 7:36:35 PM",Afternoon Run,Run,,1920,7.42,170,36,FALSE,,HOKA Arahi 5 Blue Lagoons,activities/6898243610.fit.gz,,,1920,1920,7427.8,4.706,3.869,28.4,28.1,238.2,255.5,5.5,0,,,89,84,,147,,,426,,,36,,,,,,,,,,,,,0,,1,7465.7,,,,,,,,,,,,,,,,9523196,,,,,,,,,,0,3.869,0,,,,,,,,,,,,,,,,,
6496220993,"Jan 9, 2022, 12:14:55 PM",Morning Run,Run,,2351,9.69,149,9,FALSE,,HOKA Arahi 5 Blue Lagoons,activities/6907283358.fit.gz,,,2351,2322,9692.9,5.382,4.174,21.1,21.2,25.4,36,16.1,0,,,90,86,,122,,,343,,,9,,,,,,,,,,,,,0,,1,9741.5,,,,,,,,,,,,,,,,9523196,,,,,,,,,,0,4.123,0,,,,,,,,,,,,,,,,,
6522789270,"Jan 14, 2022, 4:07:40 PM",Morning Run,Run,,2693,9.66,181,56,FALSE,,HOKA Arahi 5 Blue Lagoons,activities/6935647833.fit.gz,,,2693,2693,9666.4,4.59,3.589,48.4,48.4,239,255.5,5.8,0,,,88,82,,150,,,621,,,56,,,,,,,,,,,,,0,,1,9712.4,,,,,,,,,,,,,,,,9523196,,,,,,,,,,0,3.589,0,,,,,,,,,,,,,,,,,
6550809455,"Jan 17, 2022, 3:51:39 PM",Morning Run,Run,,1795,6.49,177,65,FALSE,,HOKA Arahi 5 Blue Lagoons,activities/6965658561.fit.gz,,,1795,1795,6498.8,4.774,3.621,45.9,45.9,99.9,114.4,7.2,0,,,87,82,,162,,,464,,,65,,,,,,,,,,,,,0,,1,6559,,,,,,,,,,,,,,,,9523196,,,,,,,,,,0,3.621,0,,,,,,,,,,,,,,,,,
6550812453,"Jan 19, 2022, 9:04:39 PM",9 minute pace seems a lot faster running through 4 inches of snow,Run,,2942,10.83,182,102,FALSE,,HOKA Arahi 5 Blue Lagoons,activities/6965661711.fit.gz,,,2942,2937,10836.9,5.274,3.69,121,117.2,622,658.3,15.3,0,,,90,83,,161,,,730,,,102,,,,,,,,,,,0,,0,,1,11028.4,,,,,,,,,,,,,,,,9523196,,,,,,,,,,0,3.684,0,,,,,,,,,,,,,,,,,
6551200563,"Jan 19, 2022, 11:23:47 PM",Afternoon Activity,Workout,,1738,0.58,181,28,FALSE,,,activities/6966071104.fit.gz,,,1738,1738,585,3.002,0.337,0,,,,0,0,,,85,35,,147,,,193,,,28,,,,,,,,,,,,,0,,1,,,,,,,,,,,,,,,,,,,,,,,,,,,0,0.337,0,,,,,,,,,,,,,,,,,
6571044174,"Jan 22, 2022, 6:12:31 PM",Snowy Tinker Cliffs,Hike,,20476,12.56,,,FALSE,,HOKA Arahi 5 Blue Lagoons,activities/6571044174.gpx,,,20476,12220,12564.8,3.37,1.028,597.2,611.9,407,908.5,49.9,-0.1,,,,,,,,,1050,,,,,,,,,,,,,,,,0,,1,,,,,,,,,,,,,,,,,9523196,,,,,,,,,,0,0.614,12549.3,,,,,,,,,,,,,,,,,
6571046100,"Jan 23, 2022, 5:27:32 PM",Frisbee practice hill reps,Run,,1815,1.5,161,2,FALSE,,HOKA Arahi 5 Blue Lagoons,activities/6987357126.fit.gz,,,1815,364,1506.6,8.088,4.139,66.1,57,634.8,645.3,8.1,0.6,,,109,80,,128,,,64,,,2,,,,,,,,,,,0,,0,,1,1852.8,,,,,,,,,,,,,,,,9523196,,,,,,,,,,0,0.83,0,,,,,,,,,,,,,,,,,
6571784422,"Jan 21, 2022, 1:31:58 PM",Morning Run,Run,,1755,6.45,172,44,FALSE,,HOKA Arahi 5 Blue Lagoons,activities/6988153294.fit.gz,,,1755,1755,6451,5.494,3.676,56.9,55.2,629.2,656.8,25.8,0,,,87,83,,153,,,411,,,44,,,,,,,,,,,,,0,,1,6560.1,,,,,,,,,,,,,,,,9523196,,,,,,,,,,0,3.676,39.5,,,,,,,,,,,,,,,,,
6576448671,"Jan 24, 2022, 9:31:59 PM",Afternoon Run,Run,,2561,10.03,151,24,FALSE,,HOKA Arahi 5 Blue Lagoons,activities/6993157344.fit.gz,,,2561,2561,10030.1,5.45,3.916,103.6,104.2,618.4,656,11.7,0,,,96,83,,139,,,486,,,24,,,,,,,,,,,,,0,,1,10185.4,,,,,,,,,,,,,,,,9523196,,,,,,,,,,0,3.916,58,,,,,,,,,,,,,,,,,
6579454894,"Jan 25, 2022, 2:17:03 PM",Morning Run,Run,,1843,6.64,172,11,FALSE,,HOKA Arahi 5 Blue Lagoons,activities/6996371266.fit.gz,,,1843,1792,6647.8,4.776,3.71,73,71.1,623.4,659.4,9.9,0,,,87,83,,130,,,315,,,11,,,,,,,,,,,,,0,,1,6760.7,,,,,,,,,,,,,,,,9523196,,,,,,,,,,0,3.607,20.1,,,,,,,,,,,,,,,,,
6601017714,"Jan 29, 2022, 5:26:04 PM",Lunch Run,Run,,4527,16.33,187,154,FALSE,,HOKA Arahi 5 Blue Lagoons,activities/7019385637.fit.gz,,,4527,4435,16329.1,6.262,3.682,149.6,149.6,599,645,35.5,0,,,89,83,,162,,,1108,,,154,,,,,,,,,,,,,0,,1,16606,,,,,,,,,,,,,,,,9523196,,,,,,,,,,0,3.607,8.5,,,,,,,,,,,,,,,,,
6610893323,"Jan 31, 2022, 1:45:53 PM",Morning Run,Run,,1721,6.45,180,30,FALSE,,HOKA Arahi 5 Blue Lagoons,activities/7030015261.fit.gz,,,1721,1717,6454.1,5.882,3.759,69.8,69.7,615.1,641.3,16.3,0,,,88,83,,145,,,363,,,30,,,,,,,,,,,,,0,,1,6581.3,,,,,,,,,,,,,,,,9523196,,,,,,,,,,0,3.75,0,,,,,,,,,,,,,,,,,
6659494870,"Feb 8, 2022, 9:44:35 PM",Covid ride. ,Ride,20 miler but the watch died,3757,20.28,134,12,FALSE,,,activities/7081968203.fit.gz,,,3757,3334,20286.1,12.546,6.085,275.8,298,599,650.7,26.3,-0.1,,,,,,119,,110,426,,,12,,,,,,,,,,,0,,0,,1,,,,,,,,,,,,,,,,,,,,,,,,,,,0,5.4,1702.7,,,,,,,,,,,,,,,,,media/F350AF6D-8FE9-4738-B0A7-A801846C738D.jpg
6659496091,"Feb 9, 2022, 8:54:58 PM",Really liked this route,Run,,2751,10.03,182,84,FALSE,,HOKA Arahi 5 Blue Lagoons,activities/7081969598.fit.gz,,,2751,2737,10034.6,4.6,3.666,200.7,197.9,628.8,703.7,21.9,0,,,87,82,,157,,,646,,,84,,,,,,,,,,,0,,0,,1,10524.7,,,,,,,,,,,,,,,,9523196,,,,,,,,,,0,3.648,0,,,,,,,,,,,,,,,,,media/7B2EBAEA-DE46-4976-889B-A9593C9EC6F0.jpg
6663687791,"Feb 10, 2022, 10:10:18 PM",Another sick route,Run,I keep finding entire neighborhoods that are very well hidden,3796,13.19,171,105,FALSE,,HOKA Arahi 5 Blue Lagoons,activities/7086457791.fit.gz,,,3796,3580,13195.2,5.474,3.686,240.4,238.8,608.2,652.5,28.7,0,,,94,83,,156,,,840,,,105,,,,,,,,,,,0,,0,,1,13735.6,,,,,,,,,,,,,,,,9523196,,,,,,,,,,0,3.476,0,,,,,,,,,,,,,,,,,
6674155418,"Feb 12, 2022, 10:28:19 PM",Afternoon Run,Run,,3114,10.68,170,64,FALSE,,HOKA Arahi 5 Blue Lagoons,activities/7097731874.fit.gz,,,3114,3028,10687.9,5.468,3.53,107.9,107.9,594.3,643.8,13.9,0,,,97,83,,151,,,682,,,64,,,,,,,,,,,,,0,,1,10877.4,,,,,,,,,,,,,,,,9523196,,,,,,,,,,0,3.432,553.6,,,,,,,,,,,,,,,,,
6688215949,"Feb 15, 2022, 4:13:49 AM",Night Run,Run,,1963,6.45,168,35,FALSE,,HOKA Arahi 5 Blue Lagoons,activities/7112923692.fit.gz,,,1963,1854,6458,4.618,3.483,93.1,93.1,623.4,652.5,12.5,0,,,87,82,,146,,,396,,,35,,,,,,,,,,,,,0,,1,6631.1,,,,,,,,,,,,,,,,9523196,,,,,,,,,,0,3.29,0,,,,,,,,,,,,,,,,,
6694956703,"Feb 17, 2022, 1:57:29 AM",Evening Run,Run,,2514,8.38,168,48,FALSE,,HOKA Arahi 5 Blue Lagoons,activities/7120125661.fit.gz,,,2514,2373,8382.7,4.65,3.533,188.7,192.1,624,642,23.8,0,,,86,82,,148,,,515,,,48,,,,,,,,,,,,,0,,1,8992.7,,,,,,,,,,,,,,,,9523196,,,,,,,,,,0,3.334,52.1,,,,,,,,,,,,,,,,,
6708815868,"Feb 19, 2022, 11:02:21 PM",Evening Run,Run,,3921,16.11,177,80,FALSE,,HOKA Arahi 5 Blue Lagoons,activities/7135084921.fit.gz,,,3921,3884,16118.5,5.896,4.15,143.6,145.2,607.6,641.1,9.3,0,,,92,85,,145,,,810,,,80,,,,,,,,,,,,,0,,1,16304.9,,,,,,,,,,,,,,,,9523196,,,,,,,,,,0,4.111,141.2,,,,,,,,,,,,,,,,,
6729141626,"Feb 23, 2022, 8:08:54 PM",Some soupy trail running,Run,Wet,3616,10.43,168,51,FALSE,,HOKA Arahi 5 Blue Lagoons,activities/7156938721.fit.gz,,,3616,3007,10437.8,4.672,3.471,90.9,90.9,625.7,677.7,13.9,0,,,88,82,,145,,,650,,,51,,,,,,,,,,,0,,0,,1,10613.8,,,,,,,,,,,,,,,,9523196,,,,,,,,,,0,2.887,10440.3,,,,,,,,,,,,,,,,,
6758664421,"Mar 1, 2022, 6:55:48 PM",Afternoon Run,Run,,3528,14.5,181,147,FALSE,,HOKA Arahi 5 Blue Lagoons,activities/7188884864.fit.gz,,,3528,3528,14508.5,5.788,4.112,256,256.3,625.8,703.6,29.5,0,,,91,85,,166,,,922,,,147,,,,,,,,,,,,,0,,1,15119,,,,,,,,,,,,,,,,9523196,,,,,,,,,,0,4.112,312.1,,,,,,,,,,,,,,,,,
6772556600,"Mar 4, 2022, 5:02:08 PM",Lunch Run,Run,,3882,10.87,177,36,FALSE,,HOKA Arahi 5 Blue Lagoons,activities/7203825175.fit.gz,,,3882,2897,10870.4,5.166,3.752,158.2,157.9,584.5,644.1,14.3,0,,,89,83,,142,,,580,,,36,,,,,,,,,,,,,0,,1,11170.6,,,,,,,,,,,,,,,,9523196,,,,,,,,,,0,2.8,3528,,,,,,,,,,,,,,,,,
6784251035,"Mar 6, 2022, 4:38:44 PM",OBX-ploration,Run,,10376,26.92,190,311,FALSE,,HOKA Arahi 5 Blue Lagoons,activities/7216479463.fit.gz,,,10376,7186,26922.9,6.006,3.747,79.3,79.1,0.9,25.6,15,0,,,89,84,,166,,,1810,,,311,,,,,,,,,,,0,,0,,1,27110.4,,,,,,,,,,,,,,,,9523196,,,,,,,,,,0,2.595,4934.3,,,,,,,,,,,,,,,,,media/31D53A67-2C46-4396-B9A3-D69355D722A4.jpg|media/E226A119-E57C-47D7-9614-27C7CBC503B8.jpg|media/B92D5408-90F3-4E83-AEB4-282F8CB7EA0B.jpg|media/CD7DC970-7438-4DC1-BA48-1B62DE54FCD5.jpg
6788687697,"Mar 7, 2022, 7:21:14 PM",Beach shakeout and Avalon pier,Run,,1144,2.02,134,2,FALSE,,HOKA Arahi 5 Blue Lagoons,activities/7221290611.fit.gz,,,1144,568,2019.2,4.932,3.555,346.4,346.4,-304.9,4,17.3,0,,,92,85,,121,,,90,,,2,,,,,,,,,,,0,,0,,1,2039.4,,,,,,,,,,,,,,,,9523196,,,,,,,,,,0,1.765,0,,,,,,,,,,,,,,,,,
6799994325,"Mar 9, 2022, 6:55:32 PM",Afternoon Run,Run,,3288,10.47,176,61,FALSE,,HOKA Arahi 5 Blue Lagoons,activities/7233446500.fit.gz,,,3288,3079,10473.5,5.722,3.402,9.1,9.1,0.6,9.9,4.4,0,,,95,81,,149,,,691,,,61,,,,,,,,,,,,,0,,1,10486.4,,,,,,,,,,,,,,,,9523196,,,,,,,,,,0,3.185,159.9,,,,,,,,,,,,,,,,,
6805072707,"Mar 10, 2022, 7:46:14 PM",Afternoon Run,Run,,1274,3.26,130,2,FALSE,,HOKA Arahi 5 Blue Lagoons,activities/7238909468.fit.gz,,,1274,849,3262.1,5.218,3.842,0,-0.1,1.2,3.2,7.1,0,,,90,85,,115,,,112,,,2,,,,,,,,,,,,,0,,1,3266.4,,,,,,,,,,,,,,,,9523196,,,,,,,,,,0,2.56,0,,,,,,,,,,,,,,,,,
6809029621,"Mar 11, 2022, 8:28:28 PM",Here for a day,Run,First time running Capitol Hill. Was sick,3489,12.88,178,102,FALSE,,HOKA Arahi 5 Blue Lagoons,activities/7243186705.fit.gz,,,3489,3366,12885.1,4.982,3.828,52.9,53.2,1.3,28.7,9.2,0,,,91,83,,158,,,805,,,102,,,,,,,,,,,0,,0,,1,12946.4,,,,,,,,,,,,,,,,9523196,,,,,,,,,,0,3.693,1709,,,,,,,,,,,,,,,,,
6866882679,"Mar 22, 2022, 2:39:06 AM",Dusting off the üï∏s,Run,Took a week long break for Aruba. First run back. Watch died. Was 6 mile route,1768,7.27,185,74,FALSE,,HOKA Arahi 5 Blue Lagoons,activities/7305615740.fit.gz,,,1768,1768,7276.5,5.308,4.116,82.7,89.6,618.9,641.6,10.8,-0.1,,,88,84,,165,,,457,,,74,,,,,,,,,,,0,,0,,1,7397,,,,,,,,,,,,,,,,9523196,,,,,,,,,,0,4.116,28.4,,,,,,,,,,,,,,,,,
6867522774,"Mar 23, 2022, 12:33:15 AM",Pre strength,Run,,1834,7.29,174,37,FALSE,,HOKA Arahi 5 Blue Lagoons,activities/7306296604.fit.gz,,,1834,1834,7298.1,4.968,3.979,78.8,75.1,619,647.3,10.1,0.1,,,88,83,,151,,,420,,,37,,,,,,,,,,,0,,0,,1,7419.2,,,,,,,,,,,,,,,,9523196,,,,,,,,,,0,3.979,54.6,,,,,,,,,,,,,,,,,
6873467576,"Mar 24, 2022, 5:39:59 AM",1:39 AM,Run,Good,2614,8.69,164,39,FALSE,,HOKA Arahi 5 Blue Lagoons,activities/7312705169.fit.gz,,,2614,2596,8693.5,5.054,3.349,104.4,104.2,618.9,641.6,11,0,,,89,80,,143,,,524,,,39,,,,,,,,,,,0,,0,,1,8876.5,,,,,,,,,,,,,,,,9523196,,,,,,,,,,0,3.326,65.8,,,,,,,,,,,,,,,,,
6878971427,"Mar 25, 2022, 4:24:00 AM",Night Run,Run,,1311,4.3,171,22,FALSE,,HOKA Arahi 5 Blue Lagoons,activities/7318647782.fit.gz,,,1311,1311,4308,4.782,3.286,26.1,24.6,627.2,641.6,21.6,0,,,84,80,,146,,,285,,,22,,,,,,,,,,,,,0,,1,4374.2,,,,,,,,,,,,,,,,9523196,,,,,,,,,,0,3.286,111,,,,,,,,,,,,,,,,,
6897263321,"Mar 27, 2022, 6:25:21 PM",Sharp tooth hike,Hike,,9229,5.1,,,FALSE,,,activities/6897263321.gpx,,,9229,5726,5102.4,8.731,0.891,382.9,406.5,780.2,1163.7,48.9,-0.5,,,,,,,,,427,,,,,,,,,,,,,,,,0,,1,,,,,,,,,,,,,,,,,,,,,,,,,,,0,0.553,5102.4,,,,,,,,,,,,,,,,,
6898737606,"Mar 28, 2022, 9:31:16 PM",Afternoon Run,Run,,3445,12.88,173,103,FALSE,,HOKA Arahi 5 Blue Lagoons,activities/7340257337.fit.gz,,,3445,3436,12879.2,5.654,3.748,170.9,167.5,619,684.7,16.4,0,,,89,83,,157,,,806,,,103,,,,,,,,,,,,,0,,1,13161.1,,,,,,,,,,,,,,,,9523196,,,,,,,,,,0,3.739,906.1,,,,,,,,,,,,,,,,,
6898834769,"Mar 28, 2022, 11:03:03 PM",Evening Run,Run,,257,0.85,167,5,FALSE,,HOKA Arahi 5 Blue Lagoons,activities/7340360916.fit.gz,,,257,217,856.4,6.338,3.947,6.9,13.5,629.2,641.5,5.1,-0.8,,,88,83,,155,,,63,,,5,,,,,,,,,,,,,0,,1,854.4,,,,,,,,,,,,,,,,9523196,,,,,,,,,,0,3.332,0,,,,,,,,,,,,,,,,,
6904908574,"Mar 30, 2022, 4:05:48 AM",Midnight Run Club #3,Run,,1842,5.38,178,47,FALSE,,HOKA Arahi 5 Blue Lagoons,activities/7346926581.fit.gz,,,1842,1816,5387.2,4.242,2.967,106,102.8,628.7,704.5,26.4,0.1,,,83,79,,154,,,430,,,47,,,,,,,,,,,0,,0,,1,5637.2,,,,,,,,,,,,,,,,9523196,,,,,,,,,,0,2.925,45.9,,,,,,,,,,,,,,,,,
6932038719,"Apr 4, 2022, 8:14:18 PM",Afternoon Run,Run,,3099,11.69,174,70,FALSE,,HOKA Arahi 5 Blue Lagoons,activities/7376413671.fit.gz,,,3099,3099,11697.8,4.93,3.775,156.2,157.7,626.7,684.7,13.3,0,,,90,82,,151,,,686,,,70,,,,,,,,,,,,,0,,1,11956.2,,,,,,,,,,,,,,,,9523196,,,,,,,,,,0,3.775,1551.7,,,,,,,,,,,,,,,,,
6938471894,"Apr 6, 2022, 4:32:07 AM",Midnight run club #4,Run,,3366,11.42,172,86,FALSE,,HOKA Arahi 5 Blue Lagoons,activities/7383307635.fit.gz,,,3366,3335,11421.7,5.756,3.425,152,157.3,625.6,684.7,14.5,0,,,87,81,,153,,,735,,,86,,,,,,,,,,,0,,0,,1,11661.1,,,,,,,,,,,,,,,,9523196,,,,,,,,,,0,3.393,1345.3,,,,,,,,,,,,,,,,,
6942934731,"Apr 7, 2022, 12:45:56 AM",Some tempo action,Run,,1887,8.21,193,114,FALSE,,HOKA Arahi 5 Blue Lagoons,activities/7388129590.fit.gz,,,1887,1887,8215.4,7.13,4.354,91.7,88,618.9,652.4,10.7,0,,,95,85,,178,,,528,,,114,,,,,,,,,,,0,,0,,1,8364.2,,,,,,,,,,,,,,,,9523196,,,,,,,,,,0,4.354,0,,,,,,,,,,,,,,,,,
6955689015,"Apr 9, 2022, 4:31:15 PM",Feeling pretty good ,Run,Shoes have 450 miles. Ugg. ,4365,16.35,192,190,FALSE,,HOKA Arahi 5 Blue Lagoons,activities/7401886124.fit.gz,,,4365,4216,16357.4,5.848,3.88,150,148.1,599.6,644.1,14.7,0,,,91,83,,168,,,1068,,,190,,,,,,,,,,,0,,0,,1,16602.7,,,,,,,,,,,,,,,,9523196,,,,,,,,,,0,3.747,0,,,,,,,,,,,,,,,,,
6964643314,"Apr 11, 2022, 12:53:57 PM",Forgot how nice it is to run in the morning ,Run,,1669,6.74,145,7,FALSE,,HOKA Arahi 5 Blue Lagoons,activities/7411655462.fit.gz,,,1669,1669,6742.2,5.928,4.04,58.5,59.4,618.7,650.3,19.4,0,,,90,85,,133,,,289,,,7,,,,,,,,,,,0,,0,,1,6854.4,,,,,,,,,,,,,,,,9523196,,,,,,,,,,0,4.04,38.3,,,,,,,,,,,,,,,,,
6966786750,"Apr 11, 2022, 8:17:36 PM",Double fo today,Run,W/ Leo. Might run again later today. Going for a triple.,1850,5.41,163,18,FALSE,,HOKA Arahi 5 Blue Lagoons,activities/7413965473.fit.gz,,,1850,1758,5414.1,4.522,3.08,60.7,54.3,615.3,641.6,11.8,0.1,,,87,79,,138,,,316,,,18,,,,,,,,,,,0,,0,,1,5537.3,,,,,,,,,,,,,,,,9523196,,,,,,,,,,0,2.927,15.1,,,,,,,,,,,,,,,,,
6966901538,"Apr 11, 2022, 9:17:14 PM",Afternoon Run,Run,,415,0.94,171,5,FALSE,,HOKA Arahi 5 Blue Lagoons,activities/7414088849.fit.gz,,,415,231,944.2,6.18,4.087,7.2,11.1,628.9,641.6,13,-0.4,,,88,83,,149,,,52,,,5,,,,,,,,,,,,,0,,1,954.7,,,,,,,,,,,,,,,,9523196,,,,,,,,,,0,2.275,0,,,,,,,,,,,,,,,,,
6967302480,"Apr 11, 2022, 10:08:44 PM",W/ regular run club,Run,Midnight run club later üòà,2024,6.55,183,72,FALSE,,HOKA Arahi 5 Blue Lagoons,activities/7414514617.fit.gz,,,2024,1961,6556.1,4.202,3.343,59,59.1,609.4,642.9,10.4,0,,,84,80,,162,,,492,,,72,,,,,,,,,,,0,,0,,1,6655.3,,,,,,,,,,,,,,,,9523196,,,,,,,,,,0,3.239,1353.5,,,,,,,,,,,,,,,,,
6967943885,"Apr 12, 2022, 3:33:15 AM",Midnight run club #5 I think,Run,,1556,5.45,165,40,FALSE,,HOKA Arahi 5 Blue Lagoons,activities/7415202901.fit.gz,,,1556,1556,5458.9,5.042,3.508,65.5,70.6,615.9,636.8,22.3,-0.1,,,86,80,,153,,,357,,,40,,,,,,,,,,,0,,0,,1,5598.7,,,,,,,,,,,,,,,,9523196,,,,,,,,,,0,3.508,27.1,,,,,,,,,,,,,,,,,
6971401921,"Apr 12, 2022, 5:36:59 PM",Got jump scared by a bee üêù ,Run,,1732,7.14,163,17,FALSE,,HOKA Arahi 5 Blue Lagoons,activities/7418960271.fit.gz,,,1732,1729,7141.3,5.432,4.13,83.2,80.9,619,652.4,14.7,0,,,90,84,,139,,,332,,,17,,,,,,,,,,,0,,0,,1,7284.9,,,,,,,,,,,,,,,,9523196,,,,,,,,,,0,4.123,14.4,,,,,,,,,,,,,,,,,
6977730509,"Apr 13, 2022, 8:25:23 PM",Pre swimming,Run,,2046,8.05,178,53,FALSE,,HOKA Arahi 5 Blue Lagoons,activities/7425795119.fit.gz,,,2046,2046,8052.1,6.098,3.936,76.3,76.4,621.3,646.9,9.9,0,,,90,83,,154,,,461,,,53,,,,,,,,,,,0,,0,,1,8162.3,,,,,,,,,,,,,,,,9523196,,,,,,,,,,0,3.936,0,,,,,,,,,,,,,,,,,
6983470694,"Apr 15, 2022, 3:23:18 AM",Night Run,Run,,670,2.12,168,8,FALSE,,HOKA Arahi 5 Blue Lagoons,activities/7432005644.fit.gz,,,670,661,2119.4,4.254,3.206,20.6,20.3,623.6,639.7,9.8,0,,,84,80,,143,,,139,,,8,,,,,,,,,,,,,0,,1,2148.7,,,,,,,,,,,,,,,,9523196,,,,,,,,,,0,3.163,0,,,,,,,,,,,,,,,,,
6983513220,"Apr 15, 2022, 4:05:47 AM",Night Run,Run,,828,2.72,176,24,FALSE,,HOKA Arahi 5 Blue Lagoons,activities/7432053014.fit.gz,,,828,747,2727.4,9.15,3.651,40.6,40.2,619.7,638.2,21.1,0,,,100,83,,160,,,184,,,24,,,,,,,,,,,,,0,,1,2865.4,,,,,,,,,,,,,,,,9523196,,,,,,,,,,0,3.294,38.3,,,,,,,,,,,,,,,,,
6991032019,"Apr 16, 2022, 12:22:43 PM",Morning Run,Run,,3945,14.75,194,137,FALSE,,HOKA Arahi 5 Blue Lagoons,activities/7440215809.fit.gz,,,3945,3920,14755.9,6.608,3.764,80.5,80.6,0.8,25.9,37.5,0,,,106,83,,161,,,945,,,137,,,,,,,,,,,,,0,,1,14960.4,,,,,,,,,,,,,,,,9523196,,,,,,,,,,0,3.74,830.9,,,,,,,,,,,,,,,,,
7008318313,"Apr 19, 2022, 4:53:52 PM",Lunch Run,Run,,3829,15.04,183,137,FALSE,,HOKA Arahi 5 Blue Lagoons,activities/7459074611.fit.gz,,,3829,3728,15048.5,6.344,4.037,243.4,243.4,608.8,652.9,26.9,0,,,96,84,,162,,,905,,,137,,,,,,,,,,,,,0,,1,15655,,,,,,,,,,,,,,,,9523196,,,,,,,,,,0,3.93,423.6,,,,,,,,,,,,,,,,,
7014749582,"Apr 20, 2022, 9:28:01 PM",Nose breathing only ,Run,Also forgot to start watch until 1.5mi in,1351,5.47,182,42,FALSE,,HOKA Arahi 5 Blue Lagoons,activities/7466005939.fit.gz,,,1351,1351,5473.4,6.674,4.051,52.6,42,618.3,650.3,12.4,0.2,,,88,84,,160,,,334,,,42,,,,,,,,,,,0,,0,,1,5589.9,,,,,,,,,,,,,,,,9523196,,,,,,,,,,0,4.051,0,,,,,,,,,,,,,,,,,
7018872591,"Apr 21, 2022, 4:40:44 PM",Lunch Run,Run,,3288,13.07,192,159,FALSE,,HOKA Arahi 5 Blue Lagoons,activities/7470467816.fit.gz,,,3288,3239,13072.9,7.704,4.036,196.1,190.8,618.8,676.4,22.2,0,,,91,84,,170,,,859,,,159,,,,,,,,,,,,,0,,1,13482.7,,,,,,,,,,,,,,,,9523196,,,,,,,,,,0,3.976,543.7,,,,,,,,,,,,,,,,,
7019036625,"Apr 21, 2022, 5:57:42 PM",Afternoon Run,Run,,212,0.84,175,6,FALSE,,HOKA Arahi 5 Blue Lagoons,activities/7470643013.fit.gz,,,212,212,839.2,4.938,3.958,6.7,11.9,628.9,641.6,4.5,-0.6,,,87,82,,159,,,53,,,6,,,,,,,,,,,,,0,,1,841.7,,,,,,,,,,,,,,,,9523196,,,,,,,,,,0,3.958,0,,,,,,,,,,,,,,,,,
7043953078,"Apr 26, 2022, 1:08:29 PM",Morning Run,Run,,1803,6.74,173,34,FALSE,,HOKA Arahi 5 Blue Lagoons,activities/7497731009.fit.gz,,,1803,1803,6744,4.864,3.74,77.1,74.3,624.4,657.3,20.9,0,,,89,84,,145,,,387,,,34,,,,,,,,,,,,,0,,1,6887.6,,,,,,,,,,,,,,,,9523196,,,,,,,,,,0,3.74,102.8,,,,,,,,,,,,,,,,,
7043956689,"Apr 22, 2022, 9:23:18 PM",Afternoon Run,Run,,1876,8.06,161,11,FALSE,,HOKA Arahi 5 Blue Lagoons,activities/7497734927.fit.gz,,,1876,1876,8059.5,7.668,4.296,78.1,76.8,609.4,642.9,13,0,,,90,85,,132,,,328,,,11,,,,,,,,,,,,,0,,1,8190.3,,,,,,,,,,,,,,,,9523196,,,,,,,,,,0,4.296,843.1,,,,,,,,,,,,,,,,,
7054544848,"Apr 28, 2022, 1:04:59 AM",Night Run,Run,,2170,7.31,177,54,FALSE,,HOKA Arahi 5 Blue Lagoons,activities/7509148014.fit.gz,,,2170,2129,7313.6,4.52,3.435,145.7,145.5,625.8,704.5,18.2,0,,,89,82,,154,,,501,,,54,,,,,,,,,,,,,0,,1,7643.2,,,,,,,,,,,,,,,,9523196,,,,,,,,,,0,3.37,286.8,,,,,,,,,,,,,,,,,
7054546680,"Apr 28, 2022, 1:29:53 PM",Wow I don‚Äôt feel good.,Run,,1648,6.08,172,36,FALSE,,HOKA Arahi 5 Blue Lagoons,activities/7509150001.fit.gz,,,1648,1648,6084.9,5.05,3.692,62,62,615.5,641.6,10.6,0,,,88,84,,151,,,380,,,36,,,,,,,,,,,0,,0,,1,6191.9,,,,,,,,,,,,,,,,9523196,,,,,,,,,,0,3.692,3.9,,,,,,,,,,,,,,,,,
7066259623,"Apr 30, 2022, 12:16:48 PM",Morning Run,Run,,811,1.69,150,2,FALSE,,HOKA Arahi 6,activities/7521831749.fit.gz,,,811,531,1698.1,5.132,3.198,11.9,14.3,247.7,257.4,7.6,-0.1,,,87,81,,129,,,94,,,2,,,,,,,,,,,,,0,,1,1713.4,,,,,,,,,,,,,,,,10593958,,,,,,,,,,0,2.094,0,,,,,,,,,,,,,,,,,
7066262660,"Apr 30, 2022, 1:17:09 PM",Smith Mountain Lake Triathlon - 11/245,Ride,,2233,19.93,123,7,FALSE,,,activities/7521835044.fit.gz,,,2233,2233,19934.6,16.22,8.927,200,203.3,244.3,298.9,10.5,0,,,,,,112,,190,245,,,7,,,,,,,,,,,0,,0,,1,,,,,,,,,,,,,,,,,,,,,,,,,,,0,8.927,0,,,,,,,,,,,,,,,,,
7066264128,"Apr 30, 2022, 1:54:44 PM",Smith Mountain Lake Triathlon - 11/245,Run,,1107,4.97,145,4,FALSE,,HOKA Arahi 6,activities/7521836672.fit.gz,,,1107,1101,4971.3,6.782,4.515,55.3,58.7,247.7,280,6.9,-0.1,,,95,86,,125,,,178,,,4,,,,,,,,,,,0,,0,,1,5037.9,,,,,,,,,,,,,,,,10593958,,,,,,,,,,0,4.491,0,,,,,,,,,,,,,,,,,
7073749096,"May 2, 2022, 2:31:07 AM",Night Run,Run,,1172,4.33,175,16,FALSE,,HOKA Arahi 6,activities/7530041328.fit.gz,,,1172,1172,4329.9,5.258,3.694,55.5,55,618.9,641.6,10.1,0,,,87,82,,142,,,245,,,16,,,,,,,,,,,,,0,,1,4421.6,,,,,,,,,,,,,,,,10593958,,,,,,,,,,0,3.694,34.4,,,,,,,,,,,,,,,,,
7073892347,"May 2, 2022, 3:04:45 AM",Night Run,Run,,476,1.75,158,9,FALSE,,HOKA Arahi 6,activities/7530200905.fit.gz,,,476,476,1756.7,4.672,3.691,20.6,9.1,620.7,641.6,21.1,0.7,,,88,83,,146,,,107,,,9,,,,,,,,,,,,,0,,1,1831.9,,,,,,,,,,,,,,,,10593958,,,,,,,,,,0,3.691,27.7,,,,,,,,,,,,,,,,,
7078136121,"May 2, 2022, 8:14:29 PM",Finally feeling 100%,Run,Nice route too,4488,16.93,180,138,FALSE,,HOKA Arahi 6,activities/7534829552.fit.gz,,,4488,4441,16933.8,5.106,3.813,302.3,300.5,618.9,704,24.2,0,,,91,83,,159,,,1070,,,138,,,,,,,,,,,0,,0,,1,17633.2,,,,,,,,,,,,,,,,10593958,,,,,,,,,,0,3.773,816.3,,,,,,,,,,,,,,,,,
7099362537,"May 6, 2022, 5:51:03 PM",Pre Linear Algebra Final,Run,Spencer showed me the random quarry in the woods on the mountain,2806,8.26,166,24,FALSE,,HOKA Arahi 6,activities/7557837860.fit.gz,,,2806,2539,8267.6,4.538,3.256,172.1,177.7,606.3,698.3,32.8,-0.1,,,85,80,,137,,,460,,,24,,,,,,,,,,,0,,0,,1,8823,,,,,,,,,,,,,,,,10593958,,,,,,,,,,0,2.946,140.4,,,,,,,,,,,,,,,,,
7105126727,"May 7, 2022, 10:54:05 PM",Quick study break,Run,,2147,9.41,183,94,FALSE,,HOKA Arahi 6,activities/7564137509.fit.gz,,,2147,2147,9410.5,6,4.383,90.1,92.5,609.4,642.9,16.5,0,,,92,86,,167,,,562,,,94,,,,,,,,,,,0,,0,,1,9554.1,,,,,,,,,,,,,,,,10593958,,,,,,,,,,0,4.383,858.9,,,,,,,,,,,,,,,,,
7115363812,"May 9, 2022, 7:20:06 PM",1 final to go üòà ,Run,Tonight. Intro to electrical engineering. It‚Äôs like the boss battle at the end of the game.,1981,8.39,179,51,FALSE,,HOKA Arahi 6,activities/7575327756.fit.gz,,,1981,1974,8389.5,5.676,4.25,90.2,91.1,618.5,657.1,10.8,0,,,91,85,,153,,,470,,,51,,,,,,,,,,,0,,0,,1,8549.1,,,,,,,,,,,,,,,,10593958,,,,,,,,,,0,4.235,235.2,,,,,,,,,,,,,,,,,
7122600819,"May 11, 2022, 1:16:45 AM",Night Run,Run,,4720,7.33,185,73,FALSE,,HOKA Arahi 6,activities/7583133068.fit.gz,,,4720,1792,7329.7,6.196,4.09,83.2,83.1,616.1,641.6,16.1,0,,,94,84,,165,,,470,,,73,,,,,,,,,,,,,0,,1,7470.3,,,,,,,,,,,,,,,,10593958,,,,,,,,,,0,1.553,12.5,,,,,,,,,,,,,,,,,
7127601337,"May 11, 2022, 6:27:00 PM",Afternoon Run,Run,,2553,7.74,176,53,FALSE,,HOKA Arahi 6,activities/7588539449.fit.gz,,,2553,2206,7746.4,4.84,3.512,167,166.8,607.7,698.3,48.7,0,,,87,81,,151,,,502,,,53,,,,,,,,,,,,,0,,1,8347.2,,,,,,,,,,,,,,,,10593958,,,,,,,,,,0,3.034,105.5,,,,,,,,,,,,,,,,,
7133299789,"May 13, 2022, 12:26:55 AM",Evening Run,Run,,1706,6.81,170,20,FALSE,,HOKA Arahi 6,activities/7594737970.fit.gz,,,1706,1706,6814.4,4.848,3.994,44.6,44.6,100,111.3,7.7,0,,,87,83,,138,,,342,,,20,,,,,,,,,,,,,0,,1,6870.1,,,,,,,,,,,,,,,,10593958,,,,,,,,,,0,3.994,0,,,,,,,,,,,,,,,,,
7142249171,"May 14, 2022, 3:20:43 PM",Completely forgot Roe v Wade protests are happening.,Run,National Mall was messy,5297,19.68,180,180,FALSE,,HOKA Arahi 6,activities/7604458839.fit.gz,,,5297,5167,19686.6,8.842,3.81,83.2,82.8,0.8,26.6,11,0,,,89,83,,161,,,1274,,,180,,,,,,,,,,,0,,0,,1,19794.2,,,,,,,,,,,,,,,,10593958,,,,,,,,,,0,3.717,780,,,,,,,,,,,,,,,,,
7148898406,"May 15, 2022, 2:03:26 PM",Morning Run,Run,,2359,8.75,161,18,FALSE,,HOKA Arahi 6,activities/7611777500.fit.gz,,,2359,2359,8749.6,4.968,3.709,98.7,98.7,78.4,118,15.8,0,,,87,82,,131,,,418,,,18,,,,,,,,,,,,,0,,1,8929.7,,,,,,,,,,,,,,,,10593958,,,,,,,,,,0,3.709,0,,,,,,,,,,,,,,,,,
7200791809,"May 25, 2022, 2:48:40 PM",Broke the buddy code for this one üò≥ü´£,Run,,2080,8.04,187,86,FALSE,,HOKA Arahi 6,activities/7668219895.fit.gz,,,2080,1919,8047.5,8.444,4.194,11.7,12.9,35.1,39.7,13.5,0,,,90,85,,167,,,515,,,86,,,,,,,,,,,0,,0,,1,8082.7,,,,,,,,,,,,,,,,10593958,,,,,,,,,,0,3.869,1364.3,,,,,,,,,,,,,,,,,media/051D558F-72E3-4905-8382-68FC468E6646.jpg|media/45734609-4491-4500-9A9A-47780CF17295.jpg|media/696CE185-AACE-43B4-9609-B6CE3F05F74A.jpg
7229720633,"May 30, 2022, 6:08:07 PM",Afternoon Run,Run,,2472,9.4,197,164,FALSE,,HOKA Arahi 6,activities/7699863500.fit.gz,,,2472,2429,9407.1,6.024,3.873,10,10.5,2,8.8,28.2,0,,,90,83,,184,,,733,,,164,,,,,,,,,,,,,0,,1,9432.8,,,,,,,,,,,,,,,,10593958,,,,,,,,,,0,3.805,825.5,,,,,,,,,,,,,,,,,
7232338636,"May 31, 2022, 1:10:08 PM",Very very technical trail running,Run,Heat and humidity showed no mercy,7251,16.11,194,184,FALSE,,HOKA Arahi 6,activities/7702730074.fit.gz,,,7251,5443,16113.7,5.166,2.96,301.9,302.1,17.7,87.5,38.3,0,,,111,79,,161,,,1266,,,184,,,,,,,,,,,0,,0,,1,17228.2,,,,,,,,,,,,,,,,10593958,,,,,,,,,,0,2.222,9630.6,,,,,,,,,,,,,,,,,media/06A93293-513A-4AD0-9693-BD76C94324A8.jpg|media/A54DA401-A7A5-4288-9491-77A47ACDA026.jpg|media/B8062AE7-EE2A-4C67-AD77-ECA8F79CC669.jpg
7239508881,"Jun 1, 2022, 3:44:50 PM",Driveway ‚Äî> Downtown loop,Ride,,10289,58.76,158,41,FALSE,,,activities/7710532615.fit.gz,,,10289,9370,58761.6,13.872,6.271,420.2,427.3,1.2,124,14.1,0,,,,,,121,,93,1106,,,41,,,,,,,,,,,0,,0,,1,,,,,,,,,,,,,,,,,,,,,,,,,,,0,5.711,571.7,,,,,,,,,,,,,,,,,
7246290757,"Jun 2, 2022, 11:30:18 PM",Evening Run,Run,,1549,5.67,175,39,FALSE,,HOKA Arahi 6,activities/7717895411.fit.gz,,,1549,1529,5669.5,5.266,3.708,69.2,69.1,82.9,114.2,26.9,0,,,88,82,,154,,,363,,,39,,,,,,,,,,,,,0,,1,5840.5,,,,,,,,,,,,,,,,10593958,,,,,,,,,,0,3.66,0,,,,,,,,,,,,,,,,,
7255790871,"Jun 4, 2022, 8:12:05 PM",Afternoon Run,Run,,2701,10.79,190,137,FALSE,,HOKA Arahi 6,activities/7728236396.fit.gz,,,2701,2564,10793.9,7.67,4.21,72.1,76.3,1.1,61.5,14.4,0,,,94,84,,173,,,694,,,137,,,,,,,,,,,,,0,,1,10894.5,,,,,,,,,,,,,,,,10593958,,,,,,,,,,0,3.996,0,,,,,,,,,,,,,,,,,
7260620041,"Jun 5, 2022, 3:52:02 PM",To Great Falls country ride,Ride,Not really country,5107,34.22,155,32,FALSE,,,activities/7733534072.fit.gz,,,5107,4433,34224,15.15,7.72,472.4,472.3,64.6,113.7,18.6,0,,,,,,132,,170,691,,,32,,,,,,,,,,,0,,0,,1,,,,,,,,,,,,,,,,,,,,,,,,,,,0,6.701,0,,,,,,,,,,,,,,,,,
7265398102,"Jun 6, 2022, 3:47:38 PM",Lunch Run,Run,,3132,12.05,187,132,FALSE,,HOKA Arahi 6,activities/7738815950.fit.gz,,,3132,3129,12052.8,5.248,3.852,131.2,131.2,99.6,122.4,22,0,,,90,83,,166,,,812,,,132,,,,,,,,,,,,,0,,1,12311.4,,,,,,,,,,,,,,,,10593958,,,,,,,,,,0,3.848,0,,,,,,,,,,,,,,,,,
7273005436,"Jun 8, 2022, 12:27:50 AM",This run was such a vibe. ,Run,"Rainy. Perfect temp. White House, Capitol Building, Washington Monument laps, and lots of sliding on wet stone. Threw a 5:23 in there for giggles. Saw A LOT of black Cadillac Escalades and Suburbans driving around. (Secret service) Wonder what was going on.",4217,16.28,180,130,FALSE,,HOKA Arahi 6,activities/7747036643.fit.gz,,,4217,4176,16283.2,10.62,3.899,70.9,70.8,2.5,26.8,10.1,0,,,97,83,,158,,,972,,,130,,,,,,,,,,,0,,0,,1,16363.3,,,,,,,,,,,,,,,,10593958,,,,,,,,,,0,3.861,1454.5,,,,,,,,,,,,,,,,,media/20A10DAF-43AE-40CA-BF0C-CE99A2CE147C.jpg
7282699786,"Jun 9, 2022, 4:06:48 PM",Potomac Heritage Trail,Run,Rolled my ankle (again),2925,8.22,177,59,FALSE,,HOKA Arahi 6,activities/7757541744.fit.gz,,,2925,2683,8219.7,4.984,3.064,128,129,48.7,72.4,0,0,,,88,0,,151,,,605,,,59,,,,,,,,,,,0,,0,,1,8877.9,,,,,,,,,,,,,,,,10593958,,,,,,,,,,0,2.81,8149.1,,,,,,,,,,,,,,,,,
7291693615,"Jun 11, 2022, 2:40:46 PM",Morning Run,Run,,3651,11.28,178,65,FALSE,,HOKA Arahi 6,activities/7767357154.fit.gz,,,3651,3145,11287.2,4.58,3.589,133.5,133.5,86.3,115.1,15.6,0,,,89,82,,149,,,693,,,65,,,,,,,,,,,,,0,,1,11553.4,,,,,,,,,,,,,,,,10593958,,,,,,,,,,0,3.092,0,,,,,,,,,,,,,,,,,
7296732045,"Jun 12, 2022, 1:17:37 PM",Morning Run,Run,,212,0.84,153,1,FALSE,,HOKA Arahi 6,activities/7772896769.fit.gz,,,212,212,844.4,5.938,3.983,12.2,12.1,338.9,352,13.8,0,,,89,85,,130,,,40,,,1,,,,,,,,,,,,,0,,1,872.2,,,,,,,,,,,,,,,,10593958,,,,,,,,,,0,3.983,0,,,,,,,,,,,,,,,,,
7298174276,"Jun 12, 2022, 5:04:28 PM",Afternoon Run,Run,,180,0.83,138,0,FALSE,,HOKA Arahi 6,activities/7774477425.fit.gz,,,180,180,838.2,6.08,4.657,0,0,228.1,228.4,0.6,0,,,90,87,,123,,,30,,,0,,,,,,,,,,,,,0,,1,838.3,,,,,,,,,,,,,,,,10593958,,,,,,,,,,0,4.657,0,,,,,,,,,,,,,,,,,
7299420403,"Jun 12, 2022, 10:14:28 PM",Afternoon Run,Run,,208,0.85,142,0,FALSE,,HOKA Arahi 6,activities/7775863793.fit.gz,,,208,208,851.1,4.698,4.092,2.9,2.9,194.8,197.9,1.5,0,,,88,86,,119,,,33,,,0,,,,,,,,,,,,,0,,1,852.6,,,,,,,,,,,,,,,,10593958,,,,,,,,,,0,4.092,0,,,,,,,,,,,,,,,,,
7308721068,"Jun 14, 2022, 1:26:24 AM",Evening Run,Run,,851,3.02,179,30,FALSE,,HOKA Arahi 6,activities/7785979961.fit.gz,,,851,851,3020.5,4.98,3.549,29.5,34,251.3,264.1,12.5,-0.1,,,87,82,,161,,,214,,,30,,,,,,,,,,,,,0,,1,3059.1,,,,,,,,,,,,,,,,10593958,,,,,,,,,,0,3.549,836,,,,,,,,,,,,,,,,,
7308725346,"Jun 14, 2022, 1:29:39 PM",Morning Run,Run,,2583,8.33,184,65,FALSE,,HOKA Arahi 6,activities/7785984814.fit.gz,,,2583,2189,8338.2,5.64,3.809,53.6,51.5,241.6,267.7,11.8,0,,,95,84,,156,,,528,,,65,,,,,,,,,,,,,0,,1,8431.7,,,,,,,,,,,,,,,,10593958,,,,,,,,,,0,3.228,0,,,,,,,,,,,,,,,,,
7308732002,"Jun 14, 2022, 12:17:38 AM",Evening Run,Run,,3874,11.48,177,90,FALSE,,HOKA Arahi 6,activities/7785991903.fit.gz,,,3874,3191,11486.5,4.542,3.6,44.9,44.8,235.9,264.1,9.2,0,,,87,82,,155,,,715,,,90,,,,,,,,,,,,,0,,1,11560.3,,,,,,,,,,,,,,,,10593958,,,,,,,,,,0,2.965,2002.1,,,,,,,,,,,,,,,,,
7309957570,"Jun 14, 2022, 10:15:28 PM",Afternoon Ride,Ride,,372,2.74,151,1,FALSE,,,activities/7787322239.fit.gz,,,372,372,2748.6,9.962,7.389,11.2,11.3,243.9,255.3,5.6,0,,,,,,119,,119,56,,,1,,,,,,,,,,,,,0,,1,,,,,,,,,,,,,,,,,,,,,,,,,,,0,7.389,0,,,,,,,,,,,,,,,,,
7319386365,"Jun 16, 2022, 3:51:03 PM",Morning Run,Run,,2833,10.81,182,117,FALSE,,HOKA Arahi 6,activities/7797597367.fit.gz,,,2833,2833,10814.8,4.818,3.817,75.3,75,241.6,268,15.7,0,,,87,83,,165,,,724,,,117,,,,,,,,,,,,,0,,1,10912.7,,,,,,,,,,,,,,,,10593958,,,,,,,,,,0,3.817,0,,,,,,,,,,,,,,,,,
7320503168,"Jun 16, 2022, 6:50:00 PM",From June 10th,Run,"Garmin activity file was corrupted :/

Was a really cool route with Georgetown, Embassy Row, and the National Cathedral. Too bad we won't get to see a map üòî",3720,13.05,,,FALSE,,HOKA Arahi 6,,,,3720,3720,13051.8,,3.509,0,,,,,0,,,,,,,,,1091,,,,,,,,,,,,,,,,0,,0,,,,,,,,,,,,,,,,,10593958,,,,,,,,,,0,3.509,0,,,,,,,,,,,,,,,,,
7330021155,"Jun 18, 2022, 12:40:41 AM",Evening Run,Run,,4264,16.1,,,FALSE,,HOKA Arahi 6,#error#,,,4264,4120,16103.2,5.206,3.909,55.7,203,217.4,251.8,4.8,0,,,,,,,,,1350,,,,,,,,,,,,,,,,0,,1,16153,,,,,,,,,,,,,,,,10593958,,,,,,,,,,0,3.777,0,,,,,,,,,,,,,,,,,
7337528924,"Jun 20, 2022, 2:21:39 AM",The darkness is my ally,Run,With Brine. Night Thorsday and then some. Very pleased with heart rate. Felt smooth. Pitch black trail running was an experience.,7809,25.83,171,132,FALSE,,HOKA Arahi 6,activities/7817570288.fit.gz,,,7809,7550,25832.7,5.454,3.422,211.3,211.3,213.3,246.4,29.1,0,,,103,81,,146,,,1443,,,132,,,,,,,,,,,0,,0,,1,26372.3,,,,,,,,,,,,,,,,10593958,,,,,,,,,,0,3.308,7703.2,,,,,,,,,,,,,,,,,
7340462621,"Jun 20, 2022, 5:31:44 PM",Shake Out,Run,,871,3.3,171,20,FALSE,,HOKA Arahi 6,activities/7820783583.fit.gz,,,871,871,3307.4,4.858,3.797,17,17,234.4,252.1,5.5,0,,,86,82,,152,,,229,,,20,,,,,,,,,,,0,,0,,1,3325.4,,,,,,,,,,,,,,,,10593958,,,,,,,,,,0,3.797,0,,,,,,,,,,,,,,,,,
7345808180,"Jun 21, 2022, 3:24:58 PM",Morning Run,Run,,1420,5.34,177,27,FALSE,,HOKA Arahi 6,activities/7826612578.fit.gz,,,1420,1420,5345.4,6.053,3.764,32.9,32.5,234.2,252.1,6.3,0,,,86,82,,148,,,354,,,27,,,,,,,,,,,,,0,,1,5387.4,,,,,,,,,,,,,,,,10593958,,,,,,,,,,0,3.764,0,,,,,,,,,,,,,,,,,
7353069385,"Jun 22, 2022, 9:39:40 PM",Afternoon Run,Run,,3287,11.28,171,86,FALSE,,HOKA Arahi 6,activities/7834509518.fit.gz,,,3287,3173,11280.4,4.588,3.555,63,62.7,233.2,255,8.8,0,,,86,81,,155,,,818,,,86,,,,,,,,,,,,,0,,1,11361.1,,,,,,,,,,,,,,,,10593958,,,,,,,,,,0,3.432,0,,,,,,,,,,,,,,,,,
7359416872,"Jun 24, 2022, 2:19:38 AM",Night Run,Run,,3300,12.9,170,59,FALSE,,HOKA Arahi 6,activities/7841449645.fit.gz,,,3300,3250,12908,7.01,3.972,65.7,65.7,216,241.5,6.4,0,,,99,83,,146,,,744,,,59,,,,,,,,,,,,,0,,1,12973.2,,,,,,,,,,,,,,,,10593958,,,,,,,,,,0,3.912,477.8,,,,,,,,,,,,,,,,,
7361598046,"Jun 24, 2022, 2:45:56 PM","Yes, I rode my bike on the North Liberty track",Ride,Love this route,5247,36.87,153,36,FALSE,,,activities/7843838890.fit.gz,,,5247,4830,36876.3,17.018,7.635,442,442.1,205.5,258.1,18.2,0,,,,,,131,,151,774,,,36,,,,,,,,,,,0,,0,,1,,,,,,,,,,,,,,,,,,,,,,,,,,,0,7.028,5206.8,,,,,,,,,,,,,,,,,
7374525737,"Jun 26, 2022, 11:23:44 PM",Evening Run,Run,,4286,16.26,181,130,FALSE,,HOKA Arahi 6,activities/7858079504.fit.gz,,,4286,4286,16266.7,4.834,3.795,125.8,125.5,239.5,273.4,26.1,0,,,87,82,,158,,,1120,,,130,,,,,,,,,,,,,0,,1,16549.7,,,,,,,,,,,,,,,,10593958,,,,,,,,,,0,3.795,0,,,,,,,,,,,,,,,,,
7378485522,"Jun 27, 2022, 7:08:20 PM",Sorry not sorry Ryan,Run,should‚Äôve let me join the realm,3024,11.29,172,70,FALSE,,HOKA Arahi 6,activities/7862432584.fit.gz,,,3024,3024,11294.7,7.408,3.735,43.4,43.1,247.3,255.6,6,0,,,103,82,,151,,,750,,,70,,,,,,,,,,,0,,0,,1,11335.3,,,,,,,,,,,,,,,,10593958,,,,,,,,,,0,3.735,0,,,,,,,,,,,,,,,,,
7387671488,"Jun 29, 2022, 1:33:19 PM",Morning Run,Run,,2929,11.32,173,30,FALSE,,HOKA Arahi 6,activities/7872442041.fit.gz,,,2929,2926,11322.1,5.07,3.869,65.1,65.1,224.9,252.2,6.2,0,,,88,83,,136,,,568,,,30,,,,,,,,,,,,,0,,1,11379.9,,,,,,,,,,,,,,,,10593958,,,,,,,,,,0,3.866,0,,,,,,,,,,,,,,,,,
7395695891,"Jul 1, 2022, 12:25:52 AM",After a full day of helping my neighbor move her entire house.,Run,My back is so sore,3575,13.4,178,125,FALSE,,HOKA Arahi 6,activities/7881191750.fit.gz,,,3575,3507,13408,6.202,3.823,121.2,121.8,198,243.4,16.7,0,,,115,82,,162,,,958,,,125,,,,,,,,,,,0,,0,,1,13571.9,,,,,,,,,,,,,,,,10593958,,,,,,,,,,0,3.75,1853,,,,,,,,,,,,,,,,,
7400424069,"Jul 1, 2022, 9:27:18 PM",Afternoon Run,Run,,4540,12.88,172,72,FALSE,,HOKA Arahi 6,activities/7886385941.fit.gz,,,4540,3616,12887,6.888,3.564,161.8,162.2,210.5,264.1,31.3,0,,,90,81,,148,,,787,,,72,,,,,,,,,,,,,0,,1,13248,,,,,,,,,,,,,,,,10593958,,,,,,,,,,0,2.839,1776.4,,,,,,,,,,,,,,,,,
7410625958,"Jul 3, 2022, 2:37:32 PM",Was planning on running the 4th of July 5K tomorrow. Procrastinated signing up and now registration is closed. üò¢ ,Run,Top 10 saddest moment of my life,2110,8.05,170,41,FALSE,,HOKA Arahi 6,activities/7897599656.fit.gz,,,2110,2110,8057.4,4.502,3.819,45.6,45.9,225.1,254.9,7.7,0,,,87,83,,146,,,500,,,41,,,,,,,,,,,0,,0,,1,8107.7,,,,,,,,,,,,,,,,10593958,,,,,,,,,,0,3.819,0,,,,,,,,,,,,,,,,,
7427562901,"Jul 4, 2022, 11:46:50 AM",Morning Run,Run,,1043,3.35,134,3,FALSE,,HOKA Arahi 6,activities/7916160930.fit.gz,,,1043,935,3357.6,10.32,3.591,7,7.2,220.7,225.3,4.6,0,,,85,82,,123,,,164,,,3,,,,,,,,,,,,,0,,1,3362.2,,,,,,,,,,,,,,,,10593958,,,,,,,,,,0,3.219,0,,,,,,,,,,,,,,,,,
7427563639,"Jul 4, 2022, 1:28:16 PM",Morning Run,Run,,498,1.66,165,7,FALSE,,HOKA Arahi 6,activities/7916161725.fit.gz,,,498,498,1666.9,5.746,3.347,4.7,4.6,219.1,224.5,9.7,0,,,85,81,,143,,,120,,,7,,,,,,,,,,,,,0,,1,1675.4,,,,,,,,,,,,,,,,10593958,,,,,,,,,,0,3.347,26.3,,,,,,,,,,,,,,,,,
7427714728,"Jul 6, 2022, 5:58:36 PM",Lunch Run,Run,,2768,10.75,175,68,FALSE,,HOKA Arahi 6,activities/7916325959.fit.gz,,,2768,2768,10749.4,4.936,3.883,75.4,75,241.6,268,9.7,0,,,87,82,,153,,,706,,,68,,,,,,,,,,,,,0,,1,10843.5,,,,,,,,,,,,,,,,10593958,,,,,,,,,,0,3.883,0,,,,,,,,,,,,,,,,,
7433117143,"Jul 7, 2022, 9:01:22 PM",Afternoon Run,Run,,4638,16.46,190,158,FALSE,,HOKA Arahi 6,activities/7922217954.fit.gz,,,4638,4615,16461.5,6.756,3.567,71.6,73.1,225,264.1,9.5,0,,,91,81,,161,,,1233,,,158,,,,,,,,,,,,,0,,1,16553.3,,,,,,,,,,,,,,,,10593958,,,,,,,,,,0,3.549,1984.9,,,,,,,,,,,,,,,,,
7435252758,"Jul 8, 2022, 12:29:18 PM",Ouch,Run,Fartlek workout with Ryan but I think I‚Äôm sick. Couldn‚Äôt hang and then almost threw up. I laid down in the middle of the trail while it was raining.,5177,16.18,180,67,FALSE,,HOKA Arahi 6,activities/7924561582.fit.gz,,,5177,4305,16186.7,6.144,3.76,82.1,82.4,217.4,254.8,37.2,0,,,93,82,,143,,,885,,,67,,,,,,,,,,,0,,0,,1,16414.5,,,,,,,,,,,,,,,,10593958,,,,,,,,,,0,3.127,76.9,,,,,,,,,,,,,,,,,
7447668305,"Jul 10, 2022, 5:24:52 PM",Lunch Run,Run,,2731,10.74,189,59,FALSE,,HOKA Arahi 6,activities/7938246033.fit.gz,,,2731,2731,10746.8,4.82,3.935,75.2,74.8,241.6,268,11.5,0,,,87,83,,150,,,656,,,59,,,,,,,,,,,,,0,,1,10844.5,,,,,,,,,,,,,,,,10593958,,,,,,,,,,0,3.935,0,,,,,,,,,,,,,,,,,
7485962040,"Jul 16, 2022, 8:29:59 PM",Black mountain hike ,Hike,Somehow both forgot to start and stop this hike multiple times,6767,1.95,,,FALSE,,HOKA Arahi 6,activities/7485962040.gpx,,,6767,2114,1952.2,3.654,0.923,190.3,299.8,2632,2892,50,-5.6,,,,,,,,,163,,,,,,,,,,,,,,,,0,,1,,,,,,,,,,,,,,,,,10593958,,,,,,,,,,0,0.288,0,,,,,,,,,,,,,,,,,
7502039669,"Jul 18, 2022, 9:46:37 PM",Afternoon Run,Run,,3271,10.6,178,95,FALSE,,HOKA Arahi 6,activities/7998087672.fit.gz,,,3271,3012,10607.2,4.574,3.522,73.8,73.4,214.7,264.1,17,0,,,86,81,,159,,,800,,,95,,,,,,,,,,,,,0,,1,10800.3,,,,,,,,,,,,,,,,10593958,,,,,,,,,,0,3.243,2684.8,,,,,,,,,,,,,,,,,
7502041562,"Jul 19, 2022, 7:58:02 PM",Afternoon Run,Run,,1563,6.46,183,54,FALSE,,HOKA Arahi 6,activities/7998089798.fit.gz,,,1563,1556,6459.5,5.372,4.151,35.4,32.7,245.6,257.8,6.2,0,,,87,83,,161,,,418,,,54,,,,,,,,,,,,,0,,1,6498.4,,,,,,,,,,,,,,,,10593958,,,,,,,,,,0,4.133,0,,,,,,,,,,,,,,,,,
7502060146,"Jul 20, 2022, 5:13:06 PM",Good ride,Ride,Somehow I got to ride into the wind out and back. üòÅ I was dead to say the least.,19665,100.6,175,167,FALSE,,,activities/7998110194.fit.gz,,,19665,14787,100606.9,13.932,6.804,731.7,731.9,197.4,253.6,13.5,0,,,,,,135,,103,2208,,,167,,,,,,,,,,,0,,0,,1,,,,,,,,,,,,,,,,,,,,,,,,,,,0,5.116,4131.7,,,,,,,,,,,,,,,,,
7509975323,"Jul 22, 2022, 12:44:06 PM",Small tempo and cooldown,Run,,2715,8.81,171,39,FALSE,,HOKA Arahi 6,activities/8006836613.fit.gz,,,2715,2115,8813.3,6.548,4.167,35.9,36.5,241.6,255.8,18.9,0,,,94,84,,148,,,499,,,39,,,,,,,,,,,0,,0,,1,8864.1,,,,,,,,,,,,,,,,10593958,,,,,,,,,,0,3.246,0,,,,,,,,,,,,,,,,,
7510217107,"Jul 22, 2022, 12:24:28 PM",Morning Run,Run,,902,3.29,,,FALSE,,HOKA Arahi 6,#error#,,,902,902,3295.8,4.4,3.654,13,15,238,251,13.8,-0.1,,,,,,,,,280,,,,,,,,,,,,,,,,0,,1,3353.1,,,,,,,,,,,,,,,,10593958,,,,,,,,,,0,3.654,0,,,,,,,,,,,,,,,,,
7516765397,"Jul 23, 2022, 12:41:20 PM",Morning Run,Run,,3521,11.5,184,52,FALSE,,HOKA Arahi 6,activities/8014363307.fit.gz,,,3521,3075,11506.3,4.568,3.742,74.7,73.9,240.4,264.1,16.3,0,,,87,82,,143,,,675,,,52,,,,,,,,,,,,,0,,1,11606.4,,,,,,,,,,,,,,,,10593958,,,,,,,,,,0,3.268,3598.9,,,,,,,,,,,,,,,,,
7528844737,"Jul 25, 2022, 7:11:06 PM",Not happy the watch died on this one,Run,Was closing in around 5:30 feeling good. Then watch: üòµ,2073,9.19,180,77,FALSE,,HOKA Arahi 6,activities/8027894636.fit.gz,,,2073,2073,9195.2,5.506,4.436,68.3,66.9,241.6,268,10,0,,,90,85,,162,,,561,,,77,,,,,,,,,,,0,,0,,1,9288.3,,,,,,,,,,,,,,,,10593958,,,,,,,,,,0,4.436,0,,,,,,,,,,,,,,,,,
7534734154,"Jul 26, 2022, 8:55:15 PM",Afternoon Run,Run,,2478,9.66,151,11,FALSE,,HOKA Arahi 6,activities/8034413223.fit.gz,,,2478,2478,9668.7,5.252,3.902,45.5,45.3,218.6,252.2,7.2,0,,,87,82,,129,,,428,,,11,,,,,,,,,,,,,0,,1,9722.3,,,,,,,,,,,,,,,,10593958,,,,,,,,,,0,3.902,0,,,,,,,,,,,,,,,,,
7543974767,"Jul 28, 2022, 12:08:51 PM",Morning Run,Run,,3918,13.08,177,55,FALSE,,HOKA Arahi 6,activities/8044613967.fit.gz,,,3918,3495,13088.2,4.49,3.745,133.7,134,228.2,257.2,7.8,0,,,87,82,,143,,,762,,,55,,,,,,,,,,,,,0,,1,13255.2,,,,,,,,,,,,,,,,10593958,,,,,,,,,,0,3.341,1214.6,,,,,,,,,,,,,,,,,
7555761130,"Jul 29, 2022, 9:32:22 PM",Afternoon Run,Run,,2738,9.66,171,51,FALSE,,HOKA Arahi 6,activities/8057728989.fit.gz,,,2738,2677,9661.9,4.63,3.609,43.9,43.9,214.1,252.5,8.3,0,,,85,81,,148,,,646,,,51,,,,,,,,,,,,,0,,1,9712.9,,,,,,,,,,,,,,,,10593958,,,,,,,,,,0,3.529,1657.9,,,,,,,,,,,,,,,,,
7555798383,"Jul 30, 2022, 3:40:22 PM",Ragbrai finish leg,Ride,Was very fun. Much easier than last week‚Äôs 62 miler. Good sign,16804,106.57,163,83,FALSE,,,activities/8057771721.fit.gz,,,16804,14852,106575.9,18.242,7.176,872.7,1032.1,192.6,390.4,21,-0.1,,,,,,126,,110,1923,,,83,,,,,,,,,,,0,,0,,1,,,,,,,,,,,,,,,,,,,,,,,,,,,0,6.342,13766.5,,,,,,,,,,,,,,,,,
7561867831,"Jul 31, 2022, 7:38:17 PM",Afternoon Run,Run,,1680,6.9,172,38,FALSE,,HOKA Arahi 6,activities/8064588144.fit.gz,,,1680,1680,6903.9,4.936,4.109,39.9,39.6,233.2,252.2,7.5,0,,,88,83,,149,,,414,,,38,,,,,,,,,,,,,0,,1,6953.1,,,,,,,,,,,,,,,,10593958,,,,,,,,,,0,4.109,0,,,,,,,,,,,,,,,,,
7573110232,"Aug 2, 2022, 8:32:18 PM",Afternoon Run,Run,,203,0.83,168,3,FALSE,,HOKA Arahi 6,activities/8077010104.fit.gz,,,203,203,829.8,4.888,4.088,8.9,7.2,293.4,300,6.4,0.2,,,87,84,,143,,,48,,,3,,,,,,,,,,,,,0,,1,849,,,,,,,,,,,,,,,,10593958,,,,,,,,,,0,4.088,0,,,,,,,,,,,,,,,,,
7578907571,"Aug 3, 2022, 11:54:06 PM",Evening Run,Run,,3290,13.21,181,111,FALSE,,HOKA Arahi 6,activities/8083430382.fit.gz,,,3290,3290,13211.5,5.5,4.016,130.9,130.8,78.4,118,15.3,0,,,88,82,,160,,,889,,,111,,,,,,,,,,,,,0,,1,13448.2,,,,,,,,,,,,,,,,10593958,,,,,,,,,,0,4.016,0,,,,,,,,,,,,,,,,,
7586988252,"Aug 5, 2022, 1:28:10 PM",Morning Run,Run,,2589,9.33,182,96,FALSE,,HOKA Arahi 6,activities/8092401594.fit.gz,,,2589,2575,9329.3,5.272,3.623,122.1,122.2,53.6,122.1,14.1,0,,,90,81,,162,,,714,,,96,,,,,,,,,,,,,0,,1,9569.5,,,,,,,,,,,,,,,,10593958,,,,,,,,,,0,3.603,0,,,,,,,,,,,,,,,,,
7592994148,"Aug 6, 2022, 3:23:44 PM",Lunch Run,Run,,1467,5.61,176,53,FALSE,,HOKA Arahi 6,activities/8099088295.fit.gz,,,1467,1467,5611.9,5.034,3.825,45.8,45.8,82.9,115.2,9.6,0,,,88,83,,162,,,408,,,53,,,,,,,,,,,,,0,,1,5681.1,,,,,,,,,,,,,,,,10593958,,,,,,,,,,0,3.825,0,,,,,,,,,,,,,,,,,
7598537753,"Aug 7, 2022, 2:24:50 PM",Morning Run,Run,,2108,7.91,177,65,FALSE,,HOKA Arahi 6,activities/8105363591.fit.gz,,,2108,2108,7912.4,4.718,3.753,73.8,73.7,103.1,122.4,10.3,0,,,86,82,,158,,,563,,,65,,,,,,,,,,,,,0,,1,8014.8,,,,,,,,,,,,,,,,10593958,,,,,,,,,,0,3.753,0,,,,,,,,,,,,,,,,,
7605446036,"Aug 8, 2022, 4:05:40 PM",Lunch Run,Run,,2602,10.05,186,114,FALSE,,HOKA Arahi 6,activities/8113137673.fit.gz,,,2602,2597,10052.5,5.978,3.871,54.3,54.3,1.7,25.9,45.8,0,,,89,82,,167,,,739,,,114,,,,,,,,,,,,,0,,1,10186.1,,,,,,,,,,,,,,,,10593958,,,,,,,,,,0,3.863,552.4,,,,,,,,,,,,,,,,,
7611731889,"Aug 9, 2022, 6:27:11 PM",104 degrees w/ heat index,Run,Why do I run at the worst times.,2275,8.05,176,56,FALSE,,HOKA Arahi 6,activities/8120060778.fit.gz,,,2275,2275,8058,5.576,3.542,101.2,101.3,80.3,114.2,23.5,0,,,87,80,,153,,,567,,,56,,,,,,,,,,,0,,0,,1,8303,,,,,,,,,,,,,,,,10593958,,,,,,,,,,0,3.542,0,,,,,,,,,,,,,,,,,
7615729663,"Aug 10, 2022, 12:50:13 PM",To sailing marina,Ride,Dad almost got pancaked by a semi,10693,54.95,133,26,FALSE,,,activities/8124477261.fit.gz,,,10693,9160,54957.3,14.018,6,347.9,348.6,1.1,152.9,8.8,0,,,,,,106,,82,900,,,26,,,,,,,,,,,0,,0,,1,,,,,,,,,,,,,,,,,,,,,,,,,,,0,5.14,318.9,,,,,,,,,,,,,,,,,
7643044086,"Aug 15, 2022, 3:42:59 PM",Lunch Ride,Ride,,2974,18.16,117,5,FALSE,,,activities/8154966136.fit.gz,,,2974,2974,18167.5,9.38,6.109,25.6,39.7,2.7,20.1,4.4,-0.1,,,,,,87,,67,200,,,5,,,,,,,,,,,,,0,,1,,,,,,,,,,,,,,,,,,,,,,,,,,,0,6.109,77.9,,,,,,,,,,,,,,,,,
7643045467,"Aug 12, 2022, 5:06:18 PM",Precipice Trail,Hike,,9935,5.2,,,FALSE,,HOKA Arahi 6,activities/7643045467.gpx,,,9935,5520,5206.5,3.822,0.943,332.7,343,31.3,320.9,49.9,-0.2,,,,,,,,,479,,,,,,,,,,,,,,0,,0,,1,,,,,,,,,,,,,,,,,10593958,,,,,,,,,,0,0.524,3482.3,,,,,,,,,,,,,,,,,media/68291A5B-66EB-41BF-9A8D-2C173716EE90.mp4|media/6BB6855E-0FBF-42AB-BA43-59D53106C9D3.jpg|media/55EE1026-0A4D-45A6-93DF-90CD47398D7E.jpg|media/C1661C88-694E-4FC3-BAB1-4A9DFF207BA9.jpg|media/3C72FD44-5FA2-4A22-8148-01B83220415D.jpg|media/AF9C2561-87A5-4275-8294-F04C79ED5E07.jpg
7643630531,"Aug 15, 2022, 5:57:28 PM",Afternoon Ride,Ride,,977,4.64,134,1,FALSE,,,activities/8155617706.fit.gz,,,977,938,4639.1,8.398,4.946,16.3,14.6,3.3,11.4,6.3,0,,,,,,91,,60,82,,,1,,,,,,,,,,,,,0,,1,,,,,,,,,,,,,,,,,,,,,,,,,,,0,4.748,0,,,,,,,,,,,,,,,,,
7644437888,"Aug 15, 2022, 8:38:18 PM",Afternoon Ride,Ride,,3248,14.87,126,5,FALSE,,,activities/8156521491.fit.gz,,,3248,3121,14870.9,10.254,4.765,79.9,64.5,0.2,22.9,10.7,0.1,,,,,,87,,70,226,,,5,,,,,,,,,,,,,0,,1,,,,,,,,,,,,,,,,,,,,,,,,,,,0,4.578,0,,,,,,,,,,,,,,,,,
7654263240,"Aug 17, 2022, 2:53:05 PM",Morning Run,Run,,4065,13.68,194,180,FALSE,,HOKA Arahi 6,activities/8167409401.fit.gz,,,4065,3826,13680.7,4.824,3.576,5.4,5.4,5.6,11.8,14.8,0,,,120,80,,169,,,1084,,,180,,,,,,,,,,,,,0,,1,13710.9,,,,,,,,,,,,,,,,10593958,,,,,,,,,,0,3.365,287.1,,,,,,,,,,,,,,,,,
7664618545,"Aug 19, 2022, 1:26:07 PM",Morning Run,Run,,3413,12.01,177,43,FALSE,,HOKA Arahi 6,activities/8178981659.fit.gz,,,3413,3368,12009.9,5.528,3.566,56.2,56.3,0.3,12.2,23.5,0,,,85,81,,142,,,703,,,43,,,,,,,,,,,,,0,,1,12304.3,,,,,,,,,,,,,,,,10593958,,,,,,,,,,0,3.519,3.9,,,,,,,,,,,,,,,,,
7665567385,"Aug 19, 2022, 5:27:51 PM",Marsh Kayak. Tracked half,Kayaking,Saw a sea turtle,2014,2.26,121,4,FALSE,,,activities/8180049502.fit.gz,,,2014,1953,2263.8,4.98,1.159,5.1,2.8,-0.1,6,12.3,0.1,,,79,60,,94,,,190,,,4,,,,,,,,,,,0,,0,,1,2294,,,,,,,,,,,,,,,,,,,,,,,,,,0,1.124,0,,,,,,,,,,,,,,,,,
7678434026,"Aug 21, 2022, 11:15:01 PM",Back on campus,Run,,4010,16.11,177,138,FALSE,,HOKA Arahi 6,activities/8194667981.fit.gz,,,4010,4010,16114,6.98,4.018,200.5,190.2,615.5,647.9,18.6,0.1,,,88,83,,162,,,1041,,,138,,,,,,,,,,,0,,0,,1,16523.6,,,,,,,,,,,,,,,,10593958,,,,,,,,,,0,4.018,459.1,,,,,,,,,,,,,,,,,
7688285748,"Aug 22, 2022, 9:58:07 PM",Went with the Ultramarathon club for the first time,Run,They went a little slower than I‚Äôm used to,4628,10.1,172,24,FALSE,,HOKA Arahi 6,activities/8205702836.fit.gz,,,4628,3262,10104.4,8.496,3.098,96.8,96.1,616.1,650.3,15.3,0,,,83,78,,134,,,594,,,24,,,,,,,,,,,0,,0,,1,10259.7,,,,,,,,,,,,,,,,10593958,,,,,,,,,,0,2.183,553.3,,,,,,,,,,,,,,,,,
7688911685,"Aug 23, 2022, 8:53:30 PM",Missed my mountains,Run,,1741,7.13,184,58,FALSE,,HOKA Arahi 6,activities/8206408404.fit.gz,,,1741,1736,7133.3,6.978,4.109,135.4,135.1,625.8,704.5,20.8,0,,,95,83,,160,,,465,,,58,,,,,,,,,,,0,,0,,1,7445,,,,,,,,,,,,,,,,10593958,,,,,,,,,,0,4.097,175.9,,,,,,,,,,,,,,,,,media/7EDECB06-D957-441B-A6E9-A2878AA9A68F.jpg
7695340058,"Aug 24, 2022, 10:06:27 PM",Wednesday Worlds,Ride,First ‚Äúfast‚Äù ride,7460,51.31,187,115,FALSE,,,activities/8213578274.fit.gz,,,7460,6690,51315.5,17.254,7.67,862.5,839.5,466.6,691.7,23.3,0,,,,,,143,,181,1084,,,115,,,,,,,,,,,0,,0,,1,,,,,,,,,,,,,,,,,,,,,,,,,,,0,6.879,0,,,,,,,,,,,,,,,,,
7705554971,"Aug 26, 2022, 10:10:51 PM",Kinda spooky weather ,Run,Ran through a mini cloud at the highest point. Also hit some hills. Feeling sick though ü§í,2626,10.06,175,73,FALSE,,HOKA Arahi 6,activities/8225289676.fit.gz,,,2626,2613,10065.5,6.618,3.852,150.9,141.6,626.3,703.1,24.8,0.1,,,93,81,,155,,,678,,,73,,,,,,,,,,,0,,0,,1,10450.4,,,,,,,,,,,,,,,,10593958,,,,,,,,,,0,3.833,106,,,,,,,,,,,,,,,,,media/598FE30A-1516-40DB-AA29-5FF6EF7D89FA.jpg|media/04233269-475D-4B3A-987A-975A84653C94.jpg|media/6E2A1775-56CD-4A29-AB8B-44FA8B8E7EEB.jpg
7711891611,"Aug 27, 2022, 10:22:43 PM",Evening Run,Run,,1284,4.94,167,36,FALSE,,HOKA Arahi 6,activities/8232447804.fit.gz,,,1284,1284,4945.5,4.992,3.852,50,50.4,615.9,641.6,11,0,,,87,81,,155,,,341,,,36,,,,,,,,,,,,,0,,1,5025,,,,,,,,,,,,,,,,10593958,,,,,,,,,,0,3.852,10.8,,,,,,,,,,,,,,,,,
7727202352,"Aug 29, 2022, 7:12:42 PM",Afternoon Run,Run,,2917,12.13,182,116,FALSE,,HOKA Arahi 6,activities/8249687280.fit.gz,,,2917,2910,12130.6,6.732,4.169,127.4,127.4,619,684.7,17.4,0,,,90,83,,165,,,820,,,116,,,,,,,,,,,,,0,,1,12308.1,,,,,,,,,,,,,,,,10593958,,,,,,,,,,0,4.159,13.5,,,,,,,,,,,,,,,,,
7728282539,"Aug 30, 2022, 9:48:36 PM",Afternoon Run,Run,,700,2.65,171,17,FALSE,,HOKA Arahi 6,activities/8250905672.fit.gz,,,700,688,2656.6,5.382,3.861,46.6,10.1,626.7,663.6,11.3,1.4,,,88,82,,152,,,181,,,17,,,,,,,,,,,,,0,,1,2790.6,,,,,,,,,,,,,,,,10593958,,,,,,,,,,0,3.795,0,,,,,,,,,,,,,,,,,
7728284015,"Aug 30, 2022, 10:24:21 PM",Small track workout w/ frisbee team,Run,"300, 400 x2, 300, 10 min: 30s on 1:30s off",1128,3.31,186,34,FALSE,,HOKA Arahi 6,activities/8250907290.fit.gz,,,1128,845,3315.2,7.488,3.923,74.4,71.4,657.7,668,12.2,0.1,,,103,83,,168,,,246,,,34,,,,,,,,,,,0,,0,,1,3565.1,,,,,,,,,,,,,,,,10593958,,,,,,,,,,0,2.939,0,,,,,,,,,,,,,,,,,
7728285434,"Aug 30, 2022, 10:57:54 PM",Evening Run,Run,,870,3.24,167,24,FALSE,,HOKA Arahi 6,activities/8250908834.fit.gz,,,870,870,3239.8,4.56,3.724,20.6,58.1,624.2,664.2,7,-1.2,,,85,80,,154,,,235,,,24,,,,,,,,,,,,,0,,1,3202.2,,,,,,,,,,,,,,,,10593958,,,,,,,,,,0,3.724,0,,,,,,,,,,,,,,,,,
7739824342,"Sep 1, 2022, 11:13:10 PM",Evening Run,Run,,3930,12.07,174,78,FALSE,,HOKA Arahi 6,activities/8263811106.fit.gz,,,3930,3459,12069.8,8.342,3.489,133.5,135.4,618.7,641.5,21.3,0,,,99,81,,151,,,805,,,78,,,,,,,,,,,,,0,,1,12312.9,,,,,,,,,,,,,,,,10593958,,,,,,,,,,0,3.071,0,,,,,,,,,,,,,,,,,
7749361905,"Sep 3, 2022, 6:18:37 PM",The classic Saturday morning route.,Run,Reset,4312,16.25,177,140,FALSE,,HOKA Arahi 6,activities/8274688524.fit.gz,,,4312,4312,16257,5.904,3.77,148.8,149.1,599.6,644.1,11.3,0,,,86,82,,159,,,1159,,,140,,,,,,,,,,,0,,0,,1,16484.5,,,,,,,,,,,,,,,,10593958,,,,,,,,,,0,3.77,0,,,,,,,,,,,,,,,,,
7756191745,"Sep 5, 2022, 12:07:26 AM",Evening Run,Run,,1787,7.28,178,60,FALSE,,HOKA Arahi 6,activities/8282518783.fit.gz,,,1787,1787,7281.6,6.824,4.075,89.3,80.8,619,662.4,13.7,0.1,,,96,83,,161,,,499,,,60,,,,,,,,,,,,,0,,1,7437.3,,,,,,,,,,,,,,,,10593958,,,,,,,,,,0,4.075,0,,,,,,,,,,,,,,,,,
7767143498,"Sep 6, 2022, 8:56:08 PM",Afternoon Run,Run,,4121,16.12,173,122,FALSE,,HOKA Arahi 6,activities/8294782608.fit.gz,,,4121,4109,16128.1,5.484,3.925,247.2,247.3,609.4,684.7,17.6,0,,,89,83,,157,,,1034,,,122,,,,,,,,,,,,,0,,1,16674.1,,,,,,,,,,,,,,,,10593958,,,,,,,,,,0,3.914,1514.6,,,,,,,,,,,,,,,,,
7772389536,"Sep 7, 2022, 11:03:01 PM",Evening Run,Run,,2220,8.76,172,52,FALSE,,HOKA Arahi 6,activities/8300725935.fit.gz,,,2220,2220,8766.1,5.138,3.949,86.2,77.3,609.4,650.3,20.3,0.1,,,86,83,,150,,,556,,,52,,,,,,,,,,,,,0,,1,8931.3,,,,,,,,,,,,,,,,10593958,,,,,,,,,,0,3.949,134.5,,,,,,,,,,,,,,,,,
7780400332,"Sep 9, 2022, 2:45:09 AM",Needed this one,Run,Stress relief,3693,14.85,177,107,FALSE,,HOKA Arahi 6,activities/8309772168.fit.gz,,,3693,3693,14854.3,7.222,4.022,173,171.7,619,662.6,14.3,0,,,91,83,,156,,,973,,,107,,,,,,,,,,,0,,0,,1,15112,,,,,,,,,,,,,,,,10593958,,,,,,,,,,0,4.022,0,,,,,,,,,,,,,,,,,
7788243640,"Sep 10, 2022, 7:30:41 PM",Afternoon Run,Run,,2281,9.24,177,84,FALSE,,HOKA Arahi 6,activities/8318659989.fit.gz,,,2281,2275,9244.9,7.146,4.064,113.8,114.5,623.6,668.1,24.2,0,,,89,84,,163,,,660,,,84,,,,,,,,,,,,,0,,1,9460.1,,,,,,,,,,,,,,,,10593958,,,,,,,,,,0,4.053,12.4,,,,,,,,,,,,,,,,,
7793579158,"Sep 11, 2022, 8:50:56 PM",Afternoon Run,Run,,5015,18.52,171,96,FALSE,,HOKA Arahi 6,activities/8324750852.fit.gz,,,5015,4998,18519.5,6.272,3.705,255.6,246.4,581.2,641.6,20.2,0,,,88,81,,147,,,1118,,,96,,,,,,,,,,,,,0,,1,19136.6,,,,,,,,,,,,,,,,10593958,,,,,,,,,,0,3.693,2293.7,,,,,,,,,,,,,,,,,
7800089492,"Sep 13, 2022, 3:59:58 AM",Night Run,Run,,1352,4.85,171,23,FALSE,,HOKA Arahi 6,activities/8332068032.fit.gz,,,1352,1352,4850.6,5.07,3.588,56.5,56.8,618.9,641.6,10.7,0,,,86,81,,145,,,338,,,23,,,,,,,,,,,,,0,,1,4939.8,,,,,,,,,,,,,,,,10593958,,,,,,,,,,0,3.588,7,,,,,,,,,,,,,,,,,
7802659705,"Sep 13, 2022, 4:50:07 PM",Hustlin between classes,Run,,1983,8.06,172,51,FALSE,,HOKA Arahi 6,activities/8334937868.fit.gz,,,1983,1982,8062.1,5.23,4.068,84,84.2,622.4,645.5,11,0,,,89,84,,152,,,519,,,51,,,,,,,,,,,0,,0,,1,8188.2,,,,,,,,,,,,,,,,10593958,,,,,,,,,,0,4.066,0,,,,,,,,,,,,,,,,,
7835716507,"Sep 15, 2022, 1:37:47 PM",Morning Run,Run,,1194,4.83,173,36,FALSE,,HOKA Arahi 6,activities/8372165496.fit.gz,,,1194,1194,4833,6.946,4.048,54.4,55.4,619,641.5,11,0,,,87,83,,157,,,339,,,36,,,,,,,,,,,,,0,,1,4923.5,,,,,,,,,,,,,,,,10593958,,,,,,,,,,0,4.048,7.7,,,,,,,,,,,,,,,,,
7835718155,"Sep 19, 2022, 6:58:46 PM",Afternoon Run,Run,,2684,9.21,166,31,FALSE,,HOKA Arahi 6,activities/8372167255.fit.gz,,,2684,2673,9217.1,5.022,3.448,105.1,121.5,590.2,644.1,12.7,-0.2,,,83,79,,141,,,584,,,31,,,,,,,,,,,,,0,,1,9411.4,,,,,,,,,,,,,,,,10593958,,,,,,,,,,0,3.434,110.9,,,,,,,,,,,,,,,,,
7835718804,"Sep 19, 2022, 7:47:21 PM",Afternoon Run,Run,,653,2.26,155,9,FALSE,,HOKA Arahi 6,activities/8372167992.fit.gz,,,653,653,2265.9,4.472,3.47,15.7,-0.5,610.6,626.8,6.4,0.7,,,83,80,,143,,,163,,,9,,,,,,,,,,,,,0,,1,2313.2,,,,,,,,,,,,,,,,10593958,,,,,,,,,,0,3.47,123,,,,,,,,,,,,,,,,,
7838396806,"Sep 20, 2022, 1:20:10 PM",Morning Run,Run,,2709,10.49,173,79,FALSE,,HOKA Arahi 6,activities/8375173953.fit.gz,,,2709,2651,10498.6,5.3,3.96,118.4,118.7,622.4,661.6,11.2,0,,,88,83,,157,,,726,,,79,,,,,,,,,,,,,0,,1,10669.2,,,,,,,,,,,,,,,,10593958,,,,,,,,,,0,3.875,0,,,,,,,,,,,,,,,,,
7847271872,"Sep 21, 2022, 10:33:30 PM",Evening Run,Run,,3001,11.32,168,36,FALSE,,HOKA Arahi 6,activities/8385083590.fit.gz,,,3001,3001,11321.1,4.97,3.772,133.7,125.2,618.5,663.3,13.1,0.1,,,87,82,,142,,,648,,,36,,,,,,,,,,,,,0,,1,11567.7,,,,,,,,,,,,,,,,10593958,,,,,,,,,,0,3.772,59.9,,,,,,,,,,,,,,,,,
7861870245,"Sep 24, 2022, 12:16:35 AM",Evening Run,Run,,2803,11.1,189,163,FALSE,,HOKA Arahi 6,activities/8401529722.fit.gz,,,2803,2765,11099.1,6.374,4.014,180.6,180.6,613.6,654.8,13.6,0,,,90,83,,176,,,877,,,163,,,,,,,,,,,,,0,,1,11449.1,,,,,,,,,,,,,,,,10593958,,,,,,,,,,0,3.96,71.9,,,,,,,,,,,,,,,,,
7861872073,"Sep 24, 2022, 10:32:11 PM",Evening Ride,Ride,,3200,19.35,167,38,FALSE,,,activities/8401531779.fit.gz,,,3200,2640,19356.5,16.396,7.332,318.3,318.9,454.8,691.3,15.2,0,,,,,,141,,150,565,,,38,,,,,,,,,,,,,0,,1,,,,,,,,,,,,,,,,,,,,,,,,,,,0,6.049,0,,,,,,,,,,,,,,,,,
7871820839,"Sep 26, 2022, 8:37:51 PM",Crammed between nap time and circuits and devices exam,Run,,1859,8.1,179,80,FALSE,,HOKA Arahi 6,activities/8412925254.fit.gz,,,1859,1859,8101.7,5.36,4.358,71.4,71.5,609.4,642.9,15.7,0,,,90,85,,167,,,540,,,80,,,,,,,,,,,0,,0,,1,8214.7,,,,,,,,,,,,,,,,10593958,,,,,,,,,,0,4.358,842.1,,,,,,,,,,,,,,,,,
7877321552,"Sep 27, 2022, 9:59:06 PM",I ran up a mountain and sprinted down it. ,Run,Got a üëë.,3417,10.51,156,20,FALSE,,HOKA Arahi 6,activities/8419027095.fit.gz,,,3417,3379,10514.8,6.832,3.112,295.3,291.4,645,863.9,49.9,0,,,92,80,,131,,,594,,,20,,,,,,,,,,,0,,0,,1,11555.1,,,,,,,,,,,,,,,,10593958,,,,,,,,,,0,3.077,10516.4,,,,,,,,,,,,,,,,,
7882831395,"Sep 28, 2022, 8:54:18 PM",Afternoon Run,Run,,2269,8.26,159,27,FALSE,,HOKA Arahi 6,activities/8425161109.fit.gz,,,2269,2232,8263.8,7.068,3.702,30,30.8,605.1,627.1,10,0,,,109,82,,140,,,481,,,27,,,,,,,,,,,,,0,,1,8303,,,,,,,,,,,,,,,,10593958,,,,,,,,,,0,3.642,2486.9,,,,,,,,,,,,,,,,,
7886385302,"Sep 29, 2022, 6:04:29 PM",Afternoon Run,Run,,2559,10.35,173,66,FALSE,,HOKA Arahi 6,activities/8429152581.fit.gz,,,2559,2545,10354.4,5.298,4.069,99,89.7,615.3,641.5,42.1,0.1,,,89,84,,153,,,666,,,66,,,,,,,,,,,,,0,,1,10573.5,,,,,,,,,,,,,,,,10593958,,,,,,,,,,0,4.046,0,,,,,,,,,,,,,,,,,
7896194361,"Oct 1, 2022, 5:24:20 PM",I need a chiropractor ,Run,Wasn‚Äôt planning on climbing a mountain but exploration got the best of me. Spontaneity is the spice of life.,5902,19.49,175,168,FALSE,,HOKA Arahi 6,activities/8440192068.fit.gz,,,5902,5498,19493.3,5.512,3.546,419.3,419.5,580.1,808.9,34.2,0,,,91,81,,158,,,1406,,,168,,,,,,,,,,,0,,0,,1,20842.4,,,,,,,,,,,,,,,,10593958,,,,,,,,,,0,3.303,5968.5,,,,,,,,,,,,,,,,,
7907963828,"Oct 4, 2022, 2:23:08 AM",Night Run,Run,Maybe I‚Äôll be able to finally fall asleep like a normal person tonight. Also we made shirts,3137,13,181,103,FALSE,,HOKA Arahi 6,activities/8453530582.fit.gz,,,3137,3137,13006.1,5.698,4.146,153.7,154.4,618.9,641.6,10.1,0,,,90,83,,160,,,875,,,103,,,,,,,,,,,0,,0,,1,13244.3,,,,,,,,,,,,,,,,10593958,,,,,,,,,,0,4.146,0,,,,,,,,,,,,,,,,,media/6CB48688-C12C-41FB-A6CF-6DBDE031C6C8.jpg|media/5E1B7692-3A0E-43EC-B4D1-D5698F068D1B.jpg
7917538267,"Oct 5, 2022, 8:20:10 PM",Nice views,Run,Camera doesn‚Äôt do justice. Per usual,2960,10.61,172,58,FALSE,,HOKA Arahi 6,activities/8464237289.fit.gz,,,2960,2808,10613.7,5.574,3.78,233.8,233.7,626.2,704.5,22.5,0,,,95,82,,149,,,675,,,58,,,,,,,,,,,0,,0,,1,11217.9,,,,,,,,,,,,,,,,10593958,,,,,,,,,,0,3.586,292.5,,,,,,,,,,,,,,,,,media/DE89A942-0518-4524-BF7E-F4B67014F5AC.jpg
7922592903,"Oct 6, 2022, 8:07:18 PM",Afternoon Ride,Ride,Pretty mountains today. Some fall colors,2598,19.34,176,54,FALSE,,,activities/8469947455.fit.gz,,,2598,2469,19346.2,17.632,7.836,315.7,316.4,454.8,691.3,12.2,0,,,,,,150,,174,632,,,54,,,,,,,,,,,0,,0,,1,,,,,,,,,,,,,,,,,,,,,,,,,,,0,7.447,0,,,,,,,,,,,,,,,,,media/66909410-2145-4CBF-A001-CCDFD8A006BB.jpg|media/48EF94D4-BAA4-4665-9CD7-026D5D52F536.jpg
7928151133,"Oct 8, 2022, 1:20:45 AM",Night Run,Run,Gave Connor the DC tour,4714,14.04,178,75,FALSE,,HOKA Arahi 6,activities/8476251922.fit.gz,,,4714,4072,14041.5,7.648,3.448,84.6,83.1,2.5,26.9,14.2,0,,,94,82,,147,,,925,,,75,,,,,,,,,,,0,,0,,1,14173.7,,,,,,,,,,,,,,,,10593958,,,,,,,,,,0,2.979,1410.2,,,,,,,,,,,,,,,,,
7938381073,"Oct 9, 2022, 6:28:58 PM",Afternoon Run,Run,,3106,12.52,177,106,FALSE,,HOKA Arahi 6,activities/8487893847.fit.gz,,,3106,3105,12528.5,5.356,4.035,155.7,146.6,590.2,644.1,12.3,0.1,,,89,84,,161,,,864,,,106,,,,,,,,,,,,,0,,1,12863.3,,,,,,,,,,,,,,,,10593958,,,,,,,,,,0,4.034,112.5,,,,,,,,,,,,,,,,,
7943752987,"Oct 10, 2022, 10:22:42 PM",50 min swim,Swim,First swim in a long time. Honestly felt better than I was expecting.,3000,0,,,FALSE,,,,,,3000,3000,0,,0,,,,,,0,,,,,,,,,,,,,,,,,,,,,,,,,0,,0,,,,,,,,,,,,,,,,,,,,,,,,,,,0,0,0,,,,,,,,,,,,,,,,,
7955009659,"Oct 13, 2022, 1:52:41 AM",Night Run,Run,,2426,9.19,183,76,FALSE,,HOKA Arahi 6,activities/8506630246.fit.gz,,,2426,2366,9198.1,5.68,3.888,151.3,151.8,626.6,690,24.3,0,,,89,82,,160,,,660,,,76,,,,,,,,,,,,,0,,1,9544.4,,,,,,,,,,,,,,,,10593958,,,,,,,,,,0,3.791,0,,,,,,,,,,,,,,,,,
7975246360,"Oct 16, 2022, 8:00:19 PM",Drawing shapes with jet skis ,Workout,,315,4.4,137,0,FALSE,,,activities/8530491261.fit.gz,,,315,315,4406.5,19.8,13.989,0,0,0,0,0,0,,,81,58,,111,,,44,,,0,,,,,,,,,,,0,,0,,1,4406.5,,,,,,,,,,,,,,,,10593958,,,,,,,,,,0,13.989,0,,,,,,,,,,,,,,,,,
7975246455,"Oct 16, 2022, 8:06:15 PM",Drawing shapes with jetskis,Workout,,461,3.68,105,0,FALSE,,,activities/8530491392.fit.gz,,,461,309,3683.3,20.26,11.92,0,0,0,0,0,0,,,68,57,,90,,,29,,,0,,,,,,,,,,,0,,0,,1,3683.3,,,,,,,,,,,,,,,,10593958,,,,,,,,,,0,7.99,0,,,,,,,,,,,,,,,,,
8003093875,"Oct 22, 2022, 4:32:23 PM",Lunch Run,Run,,1769,6.7,169,48,FALSE,,HOKA Arahi 6,activities/8561900179.fit.gz,,,1769,1769,6703.7,5.146,3.79,64,55.4,609.4,642.9,11.8,0.1,,,85,81,,155,,,454,,,48,,,,,,,,,,,,,0,,1,6829.6,,,,,,,,,,,,,,,,10593958,,,,,,,,,,0,3.79,847.7,,,,,,,,,,,,,,,,,
8003096403,"Oct 19, 2022, 9:04:45 PM",Afternoon Run,Run,,2004,7.63,170,48,FALSE,,HOKA Arahi 6,activities/8561903037.fit.gz,,,2004,1988,7634.3,5.566,3.84,68.2,68.1,609.4,642.9,12.8,0,,,86,82,,154,,,520,,,48,,,,,,,,,,,,,0,,1,7752.6,,,,,,,,,,,,,,,,10593958,,,,,,,,,,0,3.81,119.4,,,,,,,,,,,,,,,,,
8003101158,"Oct 20, 2022, 6:29:01 PM",Afternoon Run,Run,,3607,12.89,173,82,FALSE,,HOKA Arahi 6,activities/8561908436.fit.gz,,,3607,3420,12889.1,5.394,3.769,140.9,139.7,622.4,650.3,11.2,0,,,88,82,,153,,,878,,,82,,,,,,,,,,,,,0,,1,13148,,,,,,,,,,,,,,,,10593958,,,,,,,,,,0,3.573,0,,,,,,,,,,,,,,,,,
8010344838,"Oct 24, 2022, 3:28:33 AM",Night Run,Run,,1195,4.83,169,18,FALSE,,HOKA Arahi 6 Sunsets,activities/8570270037.fit.gz,,,1195,1195,4831.6,6.934,4.043,56,56.5,618.9,641.5,10.1,0,,,87,82,,144,,,285,,,18,,,,,,,,,,,,,0,,1,4927.2,,,,,,,,,,,,,,,,11823218,,,,,,,,,,0,4.043,189.6,,,,,,,,,,,,,,,,,
8014415007,"Oct 24, 2022, 10:34:26 PM",Evening Run,Run,,3150,11.34,183,82,FALSE,,HOKA Arahi 6 Sunsets,activities/8574874264.fit.gz,,,3150,3064,11342.1,4.888,3.702,187.4,187,623.7,704.9,13.9,0,,,87,81,,155,,,795,,,82,,,,,,,,,,,,,0,,1,11796.7,,,,,,,,,,,,,,,,11823218,,,,,,,,,,0,3.601,509,,,,,,,,,,,,,,,,,
8024293943,"Oct 26, 2022, 8:06:32 PM",Really liked this loop,Run,Found a new trail to explore. Far right side of this map. Had to turn around because running short on time. I will return,3073,10.76,172,80,FALSE,,HOKA Arahi 6 Sunsets,activities/8585988871.fit.gz,,,3073,2877,10762.2,5.192,3.741,209.2,209.3,601.1,703.1,47.3,0,,,89,82,,156,,,736,,,80,,,,,,,,,,,0,,0,,1,11512.6,,,,,,,,,,,,,,,,11823218,,,,,,,,,,0,3.502,109.5,,,,,,,,,,,,,,,,,media/6BC6AA4E-2C13-4446-9C97-745A43E453A7.jpg|media/3517044D-2132-4D47-9B3F-95A4E9D1B95F.jpg
8045004599,"Oct 30, 2022, 7:48:30 PM",Afternoon Run,Run,,4184,10.99,186,95,FALSE,,HOKA Arahi 6 Sunsets,activities/8609591398.fit.gz,,,4184,3017,10995.1,5.262,3.644,250.7,250.9,557.1,699.3,49.1,0,,,89,82,,158,,,759,,,95,,,,,,,,,,,,,0,,1,12254.1,,,,,,,,,,,,,,,,11823218,,,,,,,,,,0,2.628,411.9,,,,,,,,,,,,,,,,,
8060181554,"Oct 31, 2022, 7:33:01 PM",Afternoon Run,Run,,2149,7.91,175,64,FALSE,,HOKA Arahi 6 Sunsets,activities/8626806804.fit.gz,,,2149,1959,7915.4,5.66,4.041,85.7,85.5,619,664.2,9.7,0,,,91,84,,159,,,523,,,64,,,,,,,,,,,,,0,,1,8040.2,,,,,,,,,,,,,,,,11823218,,,,,,,,,,0,3.683,8.9,,,,,,,,,,,,,,,,,
8060183127,"Nov 2, 2022, 9:27:52 PM",Afternoon Run,Run,,2581,10.02,191,105,FALSE,,HOKA Arahi 6 Sunsets,activities/8626808509.fit.gz,,,2581,2581,10028.1,5.272,3.885,117.5,109.5,621.3,661.6,21.2,0.1,,,88,83,,165,,,738,,,105,,,,,,,,,,,,,0,,1,10225,,,,,,,,,,,,,,,,11823218,,,,,,,,,,0,3.885,70.5,,,,,,,,,,,,,,,,,
8065234802,"Nov 4, 2022, 12:43:16 AM",Definitely lost some speed after being sick,Run,4:48 last 0.6 though. Didn‚Äôt feel too great,3053,12.3,178,100,FALSE,,HOKA Arahi 6 Sunsets,activities/8632476899.fit.gz,,,3053,3036,12299,7.01,4.051,199.1,198.9,626.6,703.6,20,0,,,98,83,,159,,,810,,,100,,,,,,,,,,,0,,0,,1,12771.7,,,,,,,,,,,,,,,,11823218,,,,,,,,,,0,4.028,56.8,,,,,,,,,,,,,,,,,
8069706734,"Nov 5, 2022, 2:58:57 AM",Night Run,Run,,905,4.31,141,3,FALSE,,HOKA Arahi 6 Sunsets,activities/8637550542.fit.gz,,,905,905,4309.2,6.268,4.762,49.7,50.4,618.9,641.5,10.7,0,,,94,87,,121,,,149,,,3,,,,,,,,,,,,,0,,1,4391.9,,,,,,,,,,,,,,,,11823218,,,,,,,,,,0,4.762,0,,,,,,,,,,,,,,,,,
8073755357,"Nov 5, 2022, 6:59:18 PM",Afternoon Run,Run,,2186,7.56,179,47,FALSE,,HOKA Arahi 6 Sunsets,activities/8642135064.fit.gz,,,2186,1985,7559.6,5.036,3.808,115,115,613.5,652.9,21.9,0,,,89,83,,153,,,502,,,47,,,,,,,,,,,,,0,,1,7800.6,,,,,,,,,,,,,,,,11823218,,,,,,,,,,0,3.458,8.2,,,,,,,,,,,,,,,,,
8084361533,"Nov 7, 2022, 9:28:57 PM",Afternoon Ride,Ride,,3364,21.8,171,53,FALSE,,,activities/8654282682.fit.gz,,,3364,2975,21805.5,19.036,7.33,350.6,339,454.8,691.3,32.1,0.1,,,,,,145,,158,670,,,53,,,,,,,,,,,,,0,,1,,,,,,,,,,,,,,,,,,,,,,,,,,,0,6.482,0,,,,,,,,,,,,,,,,,
8087396151,"Nov 8, 2022, 2:41:08 PM",Morning Run,Run,,1179,4.84,173,38,FALSE,,HOKA Arahi 6 Sunsets,activities/8657684379.fit.gz,,,1179,1179,4844.3,4.904,4.109,53.4,53.9,619,641.5,10.6,0,,,90,84,,160,,,321,,,38,,,,,,,,,,,,,0,,1,4933.1,,,,,,,,,,,,,,,,11823218,,,,,,,,,,0,4.109,0,,,,,,,,,,,,,,,,,
8095374109,"Nov 10, 2022, 6:18:09 AM",Burning late night oil,Run,Very very very productive day,1216,4.85,174,30,FALSE,,HOKA Arahi 6 Sunsets,activities/8666590764.fit.gz,,,1216,1212,4853.4,7.245,4.004,58.8,59,619,641.5,10.3,0,,,88,82,,154,,,317,,,30,,,,,,,,,,,0,,0,,1,4948.2,,,,,,,,,,,,,,,,11823218,,,,,,,,,,0,3.991,186.8,,,,,,,,,,,,,,,,,
8108708967,"Nov 12, 2022, 8:38:47 PM",Pre Gym and Swim,Run,,2205,8.42,172,57,FALSE,,HOKA Arahi 6 Sunsets,activities/8681701085.fit.gz,,,2205,2205,8428.2,4.874,3.822,78.6,69.6,609.4,644,10.4,0.1,,,87,82,,153,,,571,,,57,,,,,,,,,,,0,,0,,1,8575.3,,,,,,,,,,,,,,,,11823218,,,,,,,,,,0,3.822,849.5,,,,,,,,,,,,,,,,,
8149894845,"Nov 15, 2022, 2:24:58 PM",Morning Run,Run,,1918,7.17,146,11,FALSE,,HOKA Arahi 6 Sunsets,activities/8728446472.fit.gz,,,1918,1918,7175.6,5.376,3.741,70.3,70.7,626.6,668.1,13.9,0,,,89,82,,132,,,375,,,11,,,,,,,,,,,,,0,,1,7300.5,,,,,,,,,,,,,,,,11823218,,,,,,,,,,0,3.741,0,,,,,,,,,,,,,,,,,
8149897450,"Nov 21, 2022, 6:06:35 PM",Afternoon Run,Run,,3268,12.63,181,124,FALSE,,HOKA Arahi 6 Sunsets,activities/8728449268.fit.gz,,,3268,3234,12630.4,6.968,3.905,174,173.8,73.7,114.2,23.3,0,,,90,84,,164,,,914,,,124,,,,,,,,,,,,,0,,1,13020.9,,,,,,,,,,,,,,,,11823218,,,,,,,,,,0,3.865,430.8,,,,,,,,,,,,,,,,,
8154661499,"Nov 22, 2022, 7:24:47 PM",Afternoon Run,Run,A crown on an easy run is always a good feeling,2648,10.8,178,95,FALSE,,HOKA Arahi 6 Sunsets,activities/8733766333.fit.gz,,,2648,2648,10800.1,5.238,4.079,120.2,120.2,78.4,118,14.7,0,,,89,84,,162,,,737,,,95,,,,,,,,,,,0,,0,,1,11023.3,,,,,,,,,,,,,,,,11823218,,,,,,,,,,0,4.079,0,,,,,,,,,,,,,,,,,
8164777536,"Nov 23, 2022, 6:27:49 PM",Great Falls trail running,Run,Can‚Äôt believe I live 3 miles from a National park like this. Rolled my ankle pretty bad though. :(,3632,9.08,173,61,FALSE,,HOKA Arahi 6 Sunsets,activities/8745098899.fit.gz,,,3632,2851,9079.9,6.63,3.185,147.8,147.8,28.1,90.6,45.6,0,,,104,80,,149,,,681,,,61,,,,,,,,,,,0,,0,,1,9727.8,,,,,,,,,,,,,,,,11823218,,,,,,,,,,0,2.5,8350.3,,,,,,,,,,,,,,,,,media/24AB0F2A-EB48-4DFC-A9BC-B62CB472E581.jpg|media/432C89A3-2ED8-49BD-86E0-B3BAF932CE49.jpg|media/7375174C-91CF-40AE-8FA9-A7B2E54ED795.jpg|media/2991BB5F-234F-46C9-B373-467B611CE89E.jpg
8164777991,"Nov 24, 2022, 2:39:42 PM",2nd Annual Summerwood 5K,Run,We hosted the neighborhood. I ran with Penny.,1824,5.6,158,18,FALSE,,HOKA Arahi 6 Sunsets,activities/8745099463.fit.gz,,,1824,1708,5603.4,5.882,3.281,35.6,37.5,100,113.2,7.6,0,,,96,77,,139,,,382,,,18,,,,,,,,,,,0,,0,,1,5640.9,,,,,,,,,,,,,,,,11823218,,,,,,,,,,0,3.072,0,,,,,,,,,,,,,,,,,media/7E9FAC55-1517-427F-A33D-1789E0E747FB.jpg|media/427BCDE0-8CB3-4E1B-B898-1E0A58878217.jpg|media/CC247776-0DBF-4A66-AB52-6C4FF651BECE.jpg|media/33024E8A-ADA9-4BCD-AAB7-144F2DAF792E.jpg
8172984744,"Nov 26, 2022, 9:05:42 PM",Been craving some miles,Run,Burning off thanksgiving calories,5019,18.21,168,71,FALSE,,HOKA Arahi 6 Sunsets,activities/8754402261.fit.gz,,,5019,4888,18215.2,7.578,3.727,244.7,244.6,73.6,122.1,17.5,0,,,95,82,,144,,,1039,,,71,,,,,,,,,,,0,,0,,1,18738,,,,,,,,,,,,,,,,11823218,,,,,,,,,,0,3.629,581,,,,,,,,,,,,,,,,,media/8DEB1788-D9A5-4437-AD08-227365409B73.jpg
8178396614,"Nov 27, 2022, 8:42:31 PM",Afternoon Run,Run,,2904,11.66,178,102,FALSE,,HOKA Arahi 6 Sunsets,activities/8760592646.fit.gz,,,2904,2904,11663.9,5.338,4.016,120.1,120.2,590.2,644.1,12.3,0,,,88,83,,162,,,808,,,102,,,,,,,,,,,,,0,,1,11913.9,,,,,,,,,,,,,,,,11823218,,,,,,,,,,0,4.016,233.6,,,,,,,,,,,,,,,,,
8182091627,"Nov 28, 2022, 10:09:34 PM",Afternoon Run,Run,,1752,6.73,139,7,FALSE,,HOKA Arahi 6 Sunsets,activities/8764743721.fit.gz,,,1752,1752,6731.4,4.992,3.842,59.9,50.9,609.4,642.9,14.6,0.1,,,89,83,,130,,,327,,,7,,,,,,,,,,,,,0,,1,6844.1,,,,,,,,,,,,,,,,11823218,,,,,,,,,,0,3.842,844.6,,,,,,,,,,,,,,,,,
8211065621,"Dec 2, 2022, 9:11:59 PM",Afternoon Run,Run,,2558,9.74,176,68,FALSE,,HOKA Arahi 6 Sunsets,activities/8797319176.fit.gz,,,2558,2558,9748.7,7.596,3.811,119.5,114.1,625.3,668.1,18.2,0.1,,,89,82,,155,,,678,,,68,,,,,,,,,,,,,0,,1,10000.8,,,,,,,,,,,,,,,,11823218,,,,,,,,,,0,3.811,39.7,,,,,,,,,,,,,,,,,
8211066952,"Dec 3, 2022, 9:04:18 PM",Afternoon Run,Run,,1278,4.99,170,31,FALSE,,HOKA Arahi 6 Sunsets,activities/8797320696.fit.gz,,,1278,1265,4998.7,5.198,3.952,68,70.6,618.7,641.6,16.4,-0.1,,,89,84,,152,,,334,,,31,,,,,,,,,,,,,0,,1,5131.4,,,,,,,,,,,,,,,,11823218,,,,,,,,,,0,3.911,0,,,,,,,,,,,,,,,,,
8211070797,"Dec 4, 2022, 8:40:02 PM",Afternoon Run,Run,,3006,10.67,172,71,FALSE,,HOKA Arahi 6 Sunsets,activities/8797324996.fit.gz,,,3006,3003,10677.7,5.328,3.556,52,52.1,607.8,633.6,12.6,0,,,97,81,,152,,,768,,,71,,,,,,,,,,,,,0,,1,10764.5,,,,,,,,,,,,,,,,11823218,,,,,,,,,,0,3.552,975.2,,,,,,,,,,,,,,,,,
8212330998,"Dec 5, 2022, 10:07:35 PM",Afternoon Run,Run,,1972,8.21,185,72,FALSE,,HOKA Arahi 6 Sunsets,activities/8798720377.fit.gz,,,1972,1972,8210.9,5.866,4.164,112.1,116.7,621.9,684.6,27.9,-0.1,,,92,84,,161,,,545,,,72,,,,,,,,,,,,,0,,1,8450.9,,,,,,,,,,,,,,,,11823218,,,,,,,,,,0,4.164,204.3,,,,,,,,,,,,,,,,,
8225843535,"Dec 8, 2022, 6:30:12 PM",Finals üò≥,Run,HR crazy low,4080,16.12,153,22,FALSE,,HOKA Arahi 6 Sunsets,activities/8814333451.fit.gz,,,4080,4080,16122,6.196,3.951,149,140.1,599.6,644.1,11,0.1,,,92,84,,132,,,694,,,22,,,,,,,,,,,0,,0,,1,16359.3,,,,,,,,,,,,,,,,11823218,,,,,,,,,,0,3.951,0,,,,,,,,,,,,,,,,,
8228524115,"Dec 9, 2022, 6:14:55 PM",Finals!! üò≥,Run,,2717,10.25,175,81,FALSE,,HOKA Arahi 6 Sunsets,activities/8817396212.fit.gz,,,2717,2717,10254.5,4.902,3.774,113.9,114.1,622.4,662,9.9,0,,,87,82,,157,,,727,,,81,,,,,,,,,,,0,,0,,1,10418.1,,,,,,,,,,,,,,,,11823218,,,,,,,,,,0,3.774,0,,,,,,,,,,,,,,,,,
8232853880,"Dec 10, 2022, 6:17:11 PM",Fog for finals üò≥,Run,,2917,11.07,178,33,FALSE,,HOKA Arahi 6 Sunsets,activities/8822270154.fit.gz,,,2917,2900,11076.7,7.748,3.82,220.7,221.7,624.4,704.5,26.5,0,,,89,82,,140,,,623,,,33,,,,,,,,,,,0,,0,,1,11620.4,,,,,,,,,,,,,,,,11823218,,,,,,,,,,0,3.797,62.7,,,,,,,,,,,,,,,,,media/E611E6A7-84CA-4287-BC58-0CB2DB83C9D7.jpg|media/E8D2489B-AE00-48DF-9C9F-F6523B82AD6B.jpg
8244800405,"Dec 13, 2022, 6:28:07 PM",Free from finals üò≥,Run,(Almost),3049,10.99,175,83,FALSE,,HOKA Arahi 6 Sunsets,activities/8835764334.fit.gz,,,3049,2911,10998.2,8.196,3.778,215,215.2,608.5,703.1,42.5,0,,,87,82,,156,,,746,,,83,,,,,,,,,,,0,,0,,1,11742.4,,,,,,,,,,,,,,,,11823218,,,,,,,,,,0,3.607,106.8,,,,,,,,,,,,,,,,,media/02C0607A-E270-49BD-AFAB-AF45BAF93185.jpg
8248439769,"Dec 14, 2022, 5:25:12 PM",Lunch Run,Run,,1719,6.88,161,28,FALSE,,HOKA Arahi 6 Sunsets,activities/8839836179.fit.gz,,,1719,1719,6883.9,4.926,4.005,64.1,54.9,609.6,641.3,9.4,0.1,,,87,84,,143,,,406,,,28,,,,,,,,,,,,,0,,1,7008.6,,,,,,,,,,,,,,,,11823218,,,,,,,,,,0,4.005,850.6,,,,,,,,,,,,,,,,,
8256391759,"Dec 16, 2022, 8:39:41 PM",Afternoon Run,Run,,3869,10.68,185,133,FALSE,,HOKA Arahi 6 Sunsets,activities/8848759851.fit.gz,,,3869,3128,10687.9,5.782,3.417,64.4,64.3,1.7,24.4,30.2,0,,,90,81,,166,,,903,,,133,,,,,,,,,,,,,0,,1,10785.2,,,,,,,,,,,,,,,,11823218,,,,,,,,,,0,2.762,793.6,,,,,,,,,,,,,,,,,
8260014224,"Dec 17, 2022, 6:25:11 PM",Jog to coffee,Run,Flat White at Zeke‚Äôs üò≥,943,2.61,170,10,FALSE,,HOKA Arahi 6 Sunsets,activities/8852860191.fit.gz,,,943,904,2616.9,7.132,2.895,18.7,4.3,2,17.7,6.2,0.6,,,85,79,,138,,,203,,,10,,,,,,,,,,,0,,0,,1,2662.8,,,,,,,,,,,,,,,,11823218,,,,,,,,,,0,2.775,0,,,,,,,,,,,,,,,,,
8260344579,"Dec 17, 2022, 7:13:17 PM",Leisurely stroll,Run,,5242,11.67,171,75,FALSE,,HOKA Arahi 6 Sunsets,activities/8853241202.fit.gz,,,5242,3492,11673.4,5.31,3.343,40.9,55.7,0.9,18.1,19.4,-0.1,,,90,81,,149,,,793,,,75,,,,,,,,,,,0,,0,,1,11810.6,,,,,,,,,,,,,,,,11823218,,,,,,,,,,0,2.227,1516.9,,,,,,,,,,,,,,,,,
8268188239,"Dec 19, 2022, 8:36:34 PM",Afternoon Run,Run,Stupid private gate cutting the route short,3206,12.53,174,92,FALSE,,HOKA Arahi 6 Sunsets,activities/8862157459.fit.gz,,,3206,3116,12531.3,6.352,4.022,162.1,162,80.3,114.2,26.7,0,,,96,84,,157,,,818,,,92,,,,,,,,,,,0,,0,,1,12876.9,,,,,,,,,,,,,,,,11823218,,,,,,,,,,0,3.909,0,,,,,,,,,,,,,,,,,
8272662160,"Dec 20, 2022, 10:23:51 PM",Return,Run,,3985,12.61,173,63,FALSE,,HOKA Arahi 6 Sunsets,activities/8867132170.fit.gz,,,3985,3615,12618.3,5.62,3.491,18.6,17.1,244.3,255.8,6.7,0,,,97,81,,145,,,800,,,63,,,,,,,,,,,0,,0,,1,12655.5,,,,,,,,,,,,,,,,11823218,,,,,,,,,,0,3.166,0,,,,,,,,,,,,,,,,,
8275690017,"Dec 21, 2022, 6:23:16 PM",Lunch Run,Run,,1882,7.05,169,24,FALSE,,HOKA Arahi 6 Sunsets,activities/8870521968.fit.gz,,,1882,1882,7050.7,5.338,3.746,42.6,42.2,225,252.3,10,0,,,87,82,,140,,,418,,,24,,,,,,,,,,,,,0,,1,7099.5,,,,,,,,,,,,,,,,11823218,,,,,,,,,,0,3.746,1663.7,,,,,,,,,,,,,,,,,
8291151755,"Dec 25, 2022, 9:06:00 PM",Tour de Tundra,Run,Wouldn‚Äôt wanna spend Christmas any other way,7689,27.38,182,198,FALSE,,HOKA Arahi 6 Sunsets,activities/8887963343.fit.gz,,,7689,7320,27385.2,4.99,3.741,251.6,241,209.5,270.9,11.5,0,,,88,83,,155,,,1612,,,198,,,,,,,,,,,0,,0,,1,27821.3,,,,,,,,,,,,,,,,11823218,,,,,,,,,,0,3.562,15186.6,,,,,,,,,,,,,,,,,media/D0E0B843-027C-47D5-AA29-7696A717D64F.jpg|media/122918CE-72B1-40C7-A460-329DD5FC88D8.jpg
8295328328,"Dec 26, 2022, 9:50:07 PM",Parts of me froze that should not freeze,Run,Excruciating,3785,13.63,179,121,FALSE,,HOKA Arahi 6 Sunsets,activities/8892713968.fit.gz,,,3785,3781,13632.5,4.62,3.606,152.3,151.5,226.9,263,12.1,0,,,89,82,,159,,,1003,,,121,,,,,,,,,,,0,,0,,1,13870.3,,,,,,,,,,,,,,,,11823218,,,,,,,,,,0,3.602,5765.5,,,,,,,,,,,,,,,,,
8308162310,"Dec 29, 2022, 4:41:24 PM",Square ,Run,Square,5320,18.48,179,135,FALSE,,HOKA Arahi 6 Sunsets,activities/8907201307.fit.gz,,,5320,4742,18487.4,4.826,3.899,132.4,132.1,230.7,269.8,10.8,0,,,87,83,,157,,,1183,,,135,,,,,,,,,,,0,,0,,1,18638.1,,,,,,,,,,,,,,,,11823218,,,,,,,,,,0,3.475,12228.6,,,,,,,,,,,,,,,,,
8317872969,"Dec 31, 2022, 6:00:38 PM",Lunch Run,Run,,2529,9.68,173,53,FALSE,,HOKA Arahi 6 Sunsets,activities/8918153172.fit.gz,,,2529,2529,9684.7,4.832,3.829,47.3,47,239.2,256.1,6.4,0,,,86,82,,149,,,612,,,53,,,,,,,,,,,,,0,,1,9729.1,,,,,,,,,,,,,,,,11823218,,,,,,,,,,0,3.829,0,,,,,,,,,,,,,,,,,
8323210362,"Jan 1, 2023, 10:18:00 PM",With jack (the felon),Run,He got pulled over on the way to Solon,3622,13,171,78,FALSE,,HOKA Arahi 6 Sunsets,activities/8924303519.fit.gz,,,3622,3373,13006.7,4.908,3.856,89.1,89,222,251.1,12.1,0,,,89,82,,150,,,793,,,78,,,,,,,,,,,0,,0,,1,13158.3,,,,,,,,,,,,,,,,11823218,,,,,,,,,,0,3.591,586.8,,,,,,,,,,,,,,,,,
8327913148,"Jan 2, 2023, 3:37:49 PM",Morning Run,Run,,3601,12.89,176,102,FALSE,,HOKA Arahi 6 Sunsets,activities/8929950355.fit.gz,,,3601,3373,12890.8,4.802,3.822,130.9,131.1,215.4,265.5,12.3,0,,,88,83,,158,,,899,,,102,,,,,,,,,,,,,0,,1,13121.1,,,,,,,,,,,,,,,,11823218,,,,,,,,,,0,3.58,9345.3,,,,,,,,,,,,,,,,,
8333535640,"Jan 3, 2023, 8:24:19 PM",Afternoon Run,Run,,3172,12.52,165,62,FALSE,,HOKA Arahi 6 Sunsets,activities/8936355141.fit.gz,,,3172,3169,12525.7,5.204,3.953,84.6,84.2,234.4,256.4,6.9,0,,,87,83,,146,,,738,,,62,,,,,,,,,,,,,0,,1,12614.8,,,,,,,,,,,,,,,,11823218,,,,,,,,,,0,3.949,0,,,,,,,,,,,,,,,,,
8338566789,"Jan 4, 2023, 7:20:59 PM",Afternoon Run,Run,,2178,7.38,183,42,FALSE,,HOKA Arahi 6 Sunsets,activities/8941970272.fit.gz,,,2178,1902,7382.9,6.014,3.882,32.9,33.4,224.3,252.3,5.4,0,,,87,83,,149,,,483,,,42,,,,,,,,,,,,,0,,1,7415.9,,,,,,,,,,,,,,,,11823218,,,,,,,,,,0,3.39,0,,,,2655,,,,,,,,,,,,,
8344736337,"Jan 5, 2023, 6:43:45 PM",Ate a massive bfast burrito directly before this,Run,Was 4.5 miles. Watch died. Almost yakked. Unlucky day,935,3.39,164,9,FALSE,,HOKA Arahi 6 Sunsets,activities/8948844895.fit.gz,,,935,935,3397,4.726,3.633,32.5,22.1,249.7,268,7.7,0.3,,,88,82,,135,,,206,,,9,,,,,,,,,,,0,,0,,1,3465.2,,,,,,,,,,,,,,,,11823218,,,,,,,,,,0,3.633,0,,,,1293,,,,,,,,,,,,,
8355535042,"Jan 7, 2023, 11:58:51 PM",Afternoon Run,Run,,1819,7.21,169,37,FALSE,,HOKA Arahi 6 Sunsets,activities/8960947271.fit.gz,,,1819,1819,7218.8,6.755,3.969,27.1,27,244,255.1,6.1,0,,,88,83,,148,,,454,,,37,,,,,,,,,,,,,0,,1,7250.6,,,,,,,,,,,,,,,,11823218,,,,,,,,,,0,3.969,0,,,,5052,,,,,,,,,,,,,
8371182563,"Jan 9, 2023, 8:24:15 PM",Afternoon Run,Run,,3224,13.14,184,103,FALSE,,HOKA Arahi 6 Sunsets,activities/8978416337.fit.gz,,,3224,3221,13140.7,7.008,4.08,90.6,90.3,241.4,268.3,10.2,0,,,89,83,,160,,,886,,,103,,,,,,,,,,,,,0,,1,13258.8,,,,,,,,,,,,,,,,11823218,,,,,,,,,,0,4.076,0,,,,9014,,,,,,,,,,,,,
8371184367,"Jan 10, 2023, 8:22:13 PM",Afternoon Run,Run,,2057,7.92,177,52,FALSE,,HOKA Arahi 6 Sunsets,activities/8978418359.fit.gz,,,2057,2052,7920,4.628,3.86,44.8,45.1,232,252.3,8.3,0,,,89,83,,155,,,538,,,52,,,,,,,,,,,,,0,,1,7968.2,,,,,,,,,,,,,,,,11823218,,,,,,,,,,0,3.85,0,,,,5714,,,,,,,,,,,,,
8376201525,"Jan 11, 2023, 6:42:43 PM",Lunch Run,Run,,1895,7.5,175,55,FALSE,,HOKA Arahi 6 Sunsets,activities/8983966949.fit.gz,,,1895,1890,7501.5,4.984,3.969,38.2,38.1,244,256.9,4.4,0,,,90,83,,156,,,494,,,55,,,,,,,,,,,,,0,,1,7531.1,,,,,,,,,,,,,,,,11823218,,,,,,,,,,0,3.959,0,,,,5246,,,,,,,,,,,,,
8423806665,"Jan 19, 2023, 7:25:59 PM",Afternoon Run,Run,,1672,7.21,180,15,FALSE,,HOKA Arahi 6 Sunsets,activities/9036738324.fit.gz,,,1672,1617,7211.1,6.352,4.46,70.7,71.1,626.4,668.6,11,0,,,95,85,,139,,,348,,,15,,,,,,,,,,,,,0,,1,7335.8,,,,,,,,,,,,,,,,11823218,,,,,,,,,,0,4.313,0,,,,4590,,,,,,,,,,,,,
8423809124,"Jan 14, 2023, 11:17:31 PM",Evening Run,Run,,2188,9.03,175,76,FALSE,,HOKA Arahi 6 Sunsets,activities/9036741177.fit.gz,,,2188,2181,9030.2,6.308,4.14,83.6,83.6,100.4,123.2,14.8,0,,,90,84,,161,,,598,,,76,,,,,,,,,,,,,0,,1,9154.2,,,,,,,,,,,,,,,,11823218,,,,,,,,,,0,4.127,0,,,,6148,,,,,,,,,,,,,
8423809690,"Jan 15, 2023, 11:10:07 PM",Evening Run,Run,,540,2.25,151,4,FALSE,,HOKA Arahi 6 Sunsets,activities/9036741817.fit.gz,,,540,540,2254.4,5.134,4.175,0,,,,0,0,,,89,84,,134,,,114,,,4,,,,,,,,,,,,,0,,1,,,,,,,,,,,,,,,,,11823218,,,,,,,,,,0,4.175,0,,,,1512,,,,,,,,,,,,,
8428714367,"Jan 21, 2023, 3:02:49 PM",Morning Run,Run,,4310,16.24,178,132,FALSE,,HOKA Arahi 6 Sunsets,activities/9042175099.fit.gz,,,4310,4226,16240.6,9.148,3.843,150.6,148.5,599.9,644,13.9,0,,,88,83,,160,,,1129,,,132,,,,,,,,,,,,,0,,1,16471.8,,,,,,,,,,,,,,,,11823218,,,,,,,,,,0,3.768,0,,,,11734,,,,,,,,,,,,,
8453703815,"Jan 25, 2023, 9:40:24 PM",Afternoon Run,Run,,2478,9.86,171,56,FALSE,,HOKA Arahi 6 Sunsets,activities/9069868695.fit.gz,,,2478,2478,9859.7,7.8,3.979,113.6,106.4,621.3,661.8,8.3,0.1,,,87,83,,152,,,620,,,56,,,,,,,,,,,,,0,,1,10019.8,,,,,,,,,,,,,,,,11823218,,,,,,,,,,0,3.979,0,,,,6862,,,,,,,,,,,,,
8462445424,"Jan 27, 2023, 9:38:47 PM",Afternoon Run,Run,,5683,21.09,184,169,FALSE,,HOKA Arahi 6 Sunsets,activities/9079510740.fit.gz,,,5683,5590,21096.3,5.348,3.774,307.5,307.5,623.4,687.2,23.3,0,,,89,82,,157,,,1369,,,169,,,,,,,,,,,,,0,,1,21732.6,,,,,,,,,,,,,,,,11823218,,,,,,,,,,0,3.712,0,,,,15408,,,,,,,,,,,,,
8468035088,"Jan 28, 2023, 6:33:52 PM",Kept forgetting to start recording,Alpine Ski,Wayyyyy more than 5 runs üòÇ,14295,8.93,,,FALSE,,,activities/8468035088.gpx,,,14295,4235,8938.8,17.618,2.111,474.8,547.6,922.9,1080,50,-0.8,,,,,,,,,,,,,,5,,,,,,,,,0,,0,,1,,,,,,,,,,,,,,,,,,,,,,,,,,,0,0.625,0,,,,,,,,,,,,,,,,,
8490227947,"Feb 1, 2023, 5:50:13 PM",Lunch Run,Run,,2840,11.38,177,85,FALSE,,HOKA Arahi 6 Sunsets,activities/9111527720.fit.gz,,,2840,2840,11382.2,5.468,4.008,109.4,111.8,590.4,644.1,11.3,0,,,88,83,,158,,,756,,,85,,,,,,,,,,,,,0,,1,11605.8,,,,,,,,,,,,,,,,11823218,,,,,,,,,,0,4.008,965.1,,,,7928,,,,,,,,,,,,,
8516707138,"Feb 6, 2023, 6:51:14 PM",Post frisbee tourney tempo,Run,Pre-gym too,2102,8.84,168,22,FALSE,,HOKA Arahi 6 Sunsets,activities/9141148478.fit.gz,,,2102,2099,8842.8,5.496,4.213,114.5,104.9,618.9,682.2,10.1,0.1,,,90,85,,140,,,461,,,22,,,,,,,,,,,0,,0,,1,9041.9,,,,,,,,,,,,,,,,11823218,,,,,,,,,,0,4.207,0,,,,5938,,,,,,,,,,,,,
8524441201,"Feb 8, 2023, 3:29:31 AM",nightrunstudybreak ,Run,,1904,7.47,154,18,FALSE,,HOKA Arahi 6 Sunsets,activities/9149646621.fit.gz,,,1904,1892,7476.8,5.154,3.952,128.3,129.1,626.4,703.6,16.1,0,,,93,83,,138,,,418,,,18,,,,,,,,,,,0,,0,,1,7742.6,,,,,,,,,,,,,,,,11823218,,,,,,,,,,0,3.927,0,,,,5244,,,,,,,,,,,,,
8528658083,"Feb 8, 2023, 8:10:26 PM",Afternoon Run,Run,,2413,10.01,174,56,FALSE,,HOKA Arahi 6 Sunsets,activities/9154309306.fit.gz,,,2413,2392,10016.7,5.49,4.188,172.8,172.8,609.5,653,25.6,0,,,90,84,,152,,,626,,,56,,,,,,,,,,,,,0,,1,10398.9,,,,,,,,,,,,,,,,11823218,,,,,,,,,,0,4.151,0,,,,6712,,,,,,,,,,,,,
8545282159,"Feb 11, 2023, 3:20:24 AM",Night Run,Run,,1601,6.48,171,38,FALSE,,HOKA Arahi 6 Sunsets,activities/9172757805.fit.gz,,,1601,1584,6479,6.33,4.09,78.1,78.2,623.6,664.1,8.1,0,,,90,84,,152,,,425,,,38,,,,,,,,,,,,,0,,1,6588.5,,,,,,,,,,,,,,,,11823218,,,,,,,,,,0,4.047,0,,,,4454,,,,,,,,,,,,,
8545283442,"Feb 11, 2023, 9:36:06 PM",Kinda moving,Run,,1816,7.68,173,38,FALSE,,HOKA Arahi 6 Sunsets,activities/9172759237.fit.gz,,,1816,1766,7689,6.278,4.354,79.7,79.5,626.1,668.6,16.2,0,,,93,85,,148,,,454,,,38,,,,,,,,,,,0,,0,,1,7832,,,,,,,,,,,,,,,,11823218,,,,,,,,,,0,4.234,0,,,,5010,,,,,,,,,,,,,
8556456421,"Feb 13, 2023, 8:29:43 PM",Afternoon Run,Run,,3638,14.51,191,196,FALSE,,HOKA Arahi 6 Sunsets,activities/9185325575.fit.gz,,,3638,3638,14513.4,5.476,3.989,222.4,222.6,626.1,684.5,32.1,0,,,89,83,,172,,,1127,,,196,,,,,,,,,,,,,0,,1,15048.7,,,,,,,,,,,,,,,,11823218,,,,,,,,,,0,3.989,4.5,,,,10132,,,,,,,,,,,,,
8578736425,"Feb 18, 2023, 12:56:46 AM",Evening Run,Run,,2348,9.3,181,54,FALSE,,HOKA Arahi 6 Sunsets,activities/9209903848.fit.gz,,,2348,2330,9302.5,5.62,3.993,137.3,137.1,623.6,663.4,15.1,0,,,94,83,,153,,,615,,,54,,,,,,,,,,,,,0,,1,9575,,,,,,,,,,,,,,,,11823218,,,,,,,,,,0,3.962,0,,,,6488,,,,,,,,,,,,,
8594264973,"Feb 20, 2023, 5:46:59 PM",Lunch Run,Run,,4108,16.17,184,135,FALSE,,HOKA Arahi 6 Sunsets,activities/9226613994.fit.gz,,,4108,4083,16170.8,5.72,3.961,294.4,294.9,555.5,684.5,14.6,0,,,89,83,,160,,,1117,,,135,,,,,,,,,,,,,0,,1,16842.7,,,,,,,,,,,,,,,,11823218,,,,,,,,,,0,3.936,10.1,,,,11396,,,,,,,,,,,,,
8606103174,"Feb 22, 2023, 7:57:59 PM",Afternoon Ride,Ride,,2628,19.48,158,11,FALSE,,,activities/9239095468.fit.gz,,,2628,2493,19485.7,17.132,7.816,319.4,324.9,454.9,691.4,12.6,0,,,,,,113,,168,354,,,11,,,,,,,,,,,,,0,,1,,,,,,,,,,,,,,,,,,,,,,,,,,,0,7.415,0,,,,,,,,,,,,,,,,,
8612057428,"Feb 23, 2023, 11:01:45 PM",Evening Run,Run,,2905,11.21,172,62,FALSE,,HOKA Arahi 6 Sunsets,activities/9245353581.fit.gz,,,2905,2879,11210.8,5.12,3.894,126.1,126.3,590.4,644.1,12.5,0,,,98,82,,150,,,700,,,62,,,,,,,,,,,,,0,,1,11477.2,1677193216,1,18.8,18.8,5.3,0.41,1015.9,1.3,3.4,222,0,1677153664,1677193856,0.14,,11823218,0,,0.01,16093,0,259.7,,,,0,3.859,816.7,,,,7900,,,,,,,,,,,,,
8616539228,"Feb 24, 2023, 9:54:33 PM",Afternoon Run,Run,,2163,8.46,164,38,FALSE,,HOKA Arahi 6 Sunsets,activities/9250080869.fit.gz,,,2163,2083,8462,5.136,4.062,96,88.7,626.7,679.7,12.2,0.1,,,90,84,,147,,,517,,,38,,,,,,,,,,,,,0,,1,8647.9,1677272448,2,12.1,12.1,-11.5,0.18,1029,2,4.8,301,0,1677240064,1677280256,0.18,,11823218,0,,0.65,16093,1,254.3,,,,0,3.912,0,,,,5864,,,,,,,,,,,,,
8631431282,"Feb 27, 2023, 4:17:30 PM",One of my crazier run scenarios,Run,,890,3.17,,,FALSE,,HOKA Arahi 6 Sunsets,activities/8631431282.gpx,,,890,727,3174.6,5.992,4.367,10.7,10.1,90.7,97.5,13.2,0,,,,,,,,,267,,,,,,,,,,,,,,,,0,,1,3195.1,1677513600,2,10.8,10.8,-0.6,0.45,1013.8,3,4.6,128,0,1677498368,1677538816,0.27,,11823218,0,,0.78,16093,3,325,,,,0,3.567,0,,,,284,,,,,,,,,,,,,
8644440120,"Mar 1, 2023, 9:26:18 PM",Afternoon Run,Run,,3685,14.77,180,137,FALSE,,HOKA Arahi 6 Sunsets,activities/9279420249.fit.gz,,,3685,3581,14774.5,5.502,4.126,199.3,198.7,579.9,653,9.4,0,,,92,84,,164,,,1028,,,137,,,,,,,,,,,,,0,,1,15118.7,1677704448,2,17.3,17.3,8.3,0.55,1013.4,1.4,4.1,170,0,1677671680,1677712640,0.33,,11823218,0,,0.61,16093,2,269.6,,,,0,4.009,0,,,,10056,,,,,,,,,,,,,
8655041294,"Mar 3, 2023, 10:48:05 PM",Very wet and rainy,Run,,1941,7.73,178,55,FALSE,,HOKA Arahi 6 Sunsets,activities/9290508494.fit.gz,,,1941,1910,7735.8,5.558,4.05,75.4,77.3,615.3,641.7,11.6,0,,,89,83,,156,,,523,,,55,,,,,,,,,,,0,,0,,1,7852.8,1677880832,5,4.9,2.3,4.3,0.96,999,3.1,6.8,74,2.3,1677844224,1677885568,0.39,,11823218,1,5,1,5530,0,278.1,,,,0,3.985,0,,,,5300,,,,,,,,,,,,,
8680926828,"Mar 8, 2023, 2:20:28 PM",Iceland üáÆüá∏ run,Run,Big rock,121,0.41,146,0,FALSE,,HOKA Arahi 6 Sunsets,activities/9318224828.fit.gz,,,121,121,417.5,4.528,3.45,11.1,62.7,0,56.6,15.1,-12.4,,,87,82,,127,,,24,,,0,,,,,,,,,,,0,,0,,1,446.9,1678284032,1,-3.4,-10.6,-11.7,0.53,1013.1,7.7,9,26,0,1678262400,1678301696,0.54,,11823218,0,,0.03,16093,1,500.9,,,,0,3.45,0,,,,330,,,,,,,,,,,,,media/4DE77654-8999-4826-94AA-9562D51A4B8C.mp4
8731660595,"Mar 17, 2023, 5:29:34 PM",Afternoon Run,Run,,3000,11.67,177,66,FALSE,,HOKA Arahi 6 Sunsets,activities/9371672759.fit.gz,,,3000,2998,11674.1,4.748,3.894,120.4,120.4,590.4,644.1,13,0,,,88,82,,151,,,772,,,66,,,,,,,,,,,,,0,,1,11932.1,1679072384,3,13.5,13.5,6.3,0.62,1006.5,2.2,7.3,231,0,1679052672,1679095936,0.86,,11823218,0,,1,16093,4,309.6,,,,0,3.891,958,,,,0,,,,,,,,,,,,,
8759531067,"Mar 21, 2023, 7:03:55 PM",Afternoon Run,Run,,2431,9.8,173,69,FALSE,,HOKA Arahi 6 Sunsets,activities/9400985769.fit.gz,,,2431,2431,9808.1,8.41,4.035,158.2,158.7,624.4,687.2,13.8,0,,,87,83,,156,,,644,,,69,,,,,,,,,,,,,0,,1,10148.9,1679425152,2,14.5,13,-5.8,0.24,1027.6,2.8,5.7,190,0,1679397888,1679441664,0,,11823218,0,1,0.6,47409,4,,,,,0,4.035,0,,,,6744,,,,,,,,,,,,,
8760273830,"Mar 22, 2023, 7:17:33 PM",Afternoon Run,Run,,2913,11.31,183,107,FALSE,,HOKA Arahi 6 Sunsets,activities/9401768166.fit.gz,,,2913,2869,11309.1,5.578,3.942,206.7,206,626.1,704.5,24.6,0,,,91,83,,163,,,811,,,107,,,,,,,,,,,,,0,,1,11795.1,1679511552,3,9.9,8.7,5.5,0.74,1025.4,2.5,6.2,229,0.2,1679484160,1679528064,0,,11823218,0.36,5,0.97,15280.2,4,,,,,0,3.882,121.8,,,,7994,,,,,,,,,,,,,
8766133690,"Mar 23, 2023, 8:46:57 PM",Afternoon Run,Run,,1585,6.51,179,45,FALSE,,HOKA Arahi 6 Sunsets,activities/9407902618.fit.gz,,,1585,1518,6518.8,5.98,4.294,80.9,80.9,623.6,664.1,11.7,0,,,91,85,,158,,,420,,,45,,,,,,,,,,,,,0,,1,6647.1,,,,,,,,,,,,,,,,11823218,,,,,,,,,,0,4.113,0,,,,4308,,,,,,,,,,,,,
8776431667,"Mar 25, 2023, 4:45:10 PM",Should‚Äôve kept going,Run,Runner‚Äôs high,6575,25.78,185,216,FALSE,,HOKA Arahi 6 Sunsets,activities/9418801966.fit.gz,,,6575,6571,25781.3,6.028,3.923,282,282.3,599.9,648.9,13.4,0,,,90,83,,159,,,1696,,,216,,,,,,,,,,,0,,0,,1,26291.8,,,,,,,,,,,,,,,,11823218,,,,,,,,,,0,3.921,1676.1,,,,18334,,,,,,,,,,,,,
8803562244,"Mar 28, 2023, 8:38:29 PM",Afternoon Run,Run,,1966,7.96,175,60,FALSE,,HOKA Arahi 6 Sunsets,activities/9447396183.fit.gz,,,1966,1921,7963,5.524,4.145,85.3,86.2,619.2,664.1,8.3,0,,,90,85,,158,,,538,,,60,,,,,,,,,,,,,0,,1,8088.5,,,,,,,,,,,,,,,,11823218,,,,,,,,,,0,4.05,0,,,,5436,,,,,,,,,,,,,
8803567016,"Mar 29, 2023, 9:31:53 PM",Afternoon Ride,Ride,,3725,21.65,121,9,FALSE,,,activities/9447401190.fit.gz,,,3725,3262,21652.7,11.896,6.638,189.4,203.2,599.9,650.7,9.6,-0.1,,,,,,107,,99,362,,,9,,,,,,,,,,,,,0,,1,,,,,,,,,,,,,,,,,,,,,,,,,,,0,5.813,0,,,,,,,,,,,,,,,,,
8809929972,"Mar 31, 2023, 4:55:14 PM",Lunch Run,Run,,1782,7.11,192,77,FALSE,,HOKA Arahi 6 Sunsets,activities/9454085937.fit.gz,,,1782,1782,7113.5,5.23,3.992,54.5,54.9,624.5,659.7,11.5,0,,,88,83,,166,,,531,,,77,,,,,,,,,,,,,0,,1,7194.2,,,,,,,,,,,,,,,,11823218,,,,,,,,,,0,3.992,197.2,,,,4950,,,,,,,,,,,,,
8833099184,"Apr 4, 2023, 7:19:55 PM",Afternoon Run,Run,,2533,9.72,168,63,FALSE,,HOKA Arahi 6 Sunsets,activities/9478495824.fit.gz,,,2533,2522,9719.2,12.43,3.854,115.9,107.8,620.9,659.7,10.3,0.1,,,93,82,,152,,,647,,,63,,,,,,,,,,,,,0,,1,9920,,,,,,,,,,,,,,,,11823218,,,,,,,,,,0,3.837,157.9,,,,6914,,,,,,,,,,,,,
8833218386,"Apr 4, 2023, 8:30:03 PM",Afternoon Run,Run,,252,0.95,172,7,FALSE,,HOKA Arahi 6 Sunsets,activities/9478622065.fit.gz,,,252,252,953.8,5.956,3.785,8.2,16.4,626.2,641.7,17.7,-0.9,,,86,81,,156,,,71,,,7,,,,,,,,,,,,,0,,1,956.8,,,,,,,,,,,,,,,,11823218,,,,,,,,,,0,3.785,0,,,,684,,,,,,,,,,,,,
8839613249,"Apr 5, 2023, 6:41:43 PM",Afternoon Run,Run,,1511,5.97,182,48,FALSE,,HOKA Arahi 6 Sunsets,activities/9485314455.fit.gz,,,1511,1503,5969.6,4.96,3.972,60.8,60.8,615.3,641.7,10.3,0,,,88,83,,159,,,421,,,48,,,,,,,,,,,,,0,,1,6070,,,,,,,,,,,,,,,,11823218,,,,,,,,,,0,3.951,0,,,,4166,,,,,,,,,,,,,
8855045681,"Apr 8, 2023, 2:54:19 PM",Morning Run,Run,,4595,18.22,200,211,FALSE,,HOKA Arahi 6 Sunsets,activities/9501574827.fit.gz,,,4595,4591,18224.8,5.78,3.97,225,224.8,592.7,641.2,14.1,0,,,92,84,,169,,,1288,,,211,,,,,,,,,,,,,0,,1,18587.6,,,,,,,,,,,,,,,,11823218,,,,,,,,,,0,3.966,14.3,,,,12878,,,,,,,,,,,,,
8875856931,"Apr 12, 2023, 4:29:16 AM",Night Run,Run,,2669,8.4,188,98,FALSE,,HOKA Arahi 6 Sunsets,activities/9524125922.fit.gz,,,2669,2139,8403.3,5.562,3.929,97,96.7,619.3,675.5,22.2,0,,,89,82,,168,,,626,,,98,,,,,,,,,,,,,0,,1,8610.1,,,,,,,,,,,,,,,,11823218,,,,,,,,,,0,3.148,20.8,,,,5894,,,,,,,,,,,,,
8879231788,"Apr 12, 2023, 5:08:26 PM",Afternoon Run,Run,,2468,8.98,167,42,FALSE,,HOKA Arahi 6 Salmons,activities/9527714743.fit.gz,,,2468,2291,8981.2,5.542,3.92,151.3,151.4,609.5,653,47.5,0,,,93,83,,147,,,558,,,42,,,,,,,,,,,,,0,,1,9417.3,,,,,,,,,,,,,,,,13132886,,,,,,,,,,0,3.639,0,,,,6322,,,,,,,,,,,,,
8891254682,"Apr 14, 2023, 5:01:28 PM",Afternoon Run,Run,,2678,6.92,171,33,FALSE,,HOKA Arahi 6 Salmons,activities/9540474117.fit.gz,,,2678,1782,6924.3,5.7,3.886,105.4,105.1,624.6,681.1,11.3,0,,,88,83,,147,,,434,,,33,,,,,,,,,,,,,0,,1,7113.2,,,,,,,,,,,,,,,,13132886,,,,,,,,,,0,2.586,0,,,,4894,,,,,,,,,,,,,
8894834018,"Apr 15, 2023, 1:07:51 PM",Hokie Run In Remembrance,Run,,2416,4.84,142,8,FALSE,,HOKA Arahi 6 Salmons,activities/9544262508.fit.gz,,,2416,2182,4840.8,3.698,2.219,66.9,72.7,616.8,646.4,14.3,-0.1,,,109,73,,122,,,350,,,8,,,,,,,,,,,0,,0,,1,5005.5,,,,,,,,,,,,,,,,13132886,,,,,,,,,,0,2.004,0,,,,5274,,,,,,,,,,,,,media/E65A7C05-B7ED-4FB5-BF0E-2C6D93FB0CBA.jpg|media/C147C42F-69F6-4BCF-B5BB-726BF6FA14D2.jpg|media/B78660CE-AFB5-4CB3-BA64-C3E54049A2A0.mp4
8990961071,"Apr 29, 2023, 5:17:41 AM",Yeah this was an interesting run,Run,,903,3.67,181,42,FALSE,,HOKA Arahi 6 Salmons,activities/9646432253.fit.gz,,,903,903,3670.4,6.464,4.065,60.9,19,624.1,673.9,12.8,1.1,,,90,82,,168,,,261,,,42,,,,,,,,,,,0,,0,,1,3840.1,,,,,,,,,,,,,,,,13132886,,,,,,,,,,0,4.065,0,,,,2490,,,,,,,,,,,,,
8990963137,"Apr 29, 2023, 3:23:06 PM",Lunch Run,Run,,954,3.72,180,31,FALSE,,HOKA Arahi 6 Salmons,activities/9646434376.fit.gz,,,954,954,3726.3,5.614,3.906,25.2,67.4,624.4,673.9,9.8,-1.1,,,87,82,,160,,,266,,,31,,,,,,,,,,,,,0,,1,3678.5,,,,,,,,,,,,,,,,13132886,,,,,,,,,,0,3.906,378.4,,,,2612,,,,,,,,,,,,,
8990970733,"Apr 17, 2023, 4:56:25 PM",Lunch Run,Run,,5546,12.05,172,68,FALSE,,HOKA Arahi 6 Salmons,activities/9646441417.fit.gz,,,5546,3650,12051.8,5.462,3.302,134.6,135,590.4,644.1,12.2,0,,,89,82,,149,,,775,,,68,,,,,,,,,,,,,0,,1,12327.9,,,,,,,,,,,,,,,,13132886,,,,,,,,,,0,2.173,963.6,,,,8850,,,,,,,,,,,,,
8990974135,"Apr 19, 2023, 4:38:57 PM",Lunch Run,Run,,2373,9.67,178,52,FALSE,,HOKA Arahi 6 Salmons,activities/9646445963.fit.gz,,,2373,2370,9674.9,5.342,4.082,161.1,162,622.4,684.5,34.9,0,,,91,83,,151,,,614,,,52,,,,,,,,,,,,,0,,1,10059.7,,,,,,,,,,,,,,,,13132886,,,,,,,,,,0,4.077,0,,,,6616,,,,,,,,,,,,,
8990980095,"Apr 21, 2023, 4:56:01 PM",Lunch Run,Run,,3237,12.31,177,103,FALSE,,HOKA Arahi 6 Salmons,activities/9646452031.fit.gz,,,3237,3236,12318.7,5.87,3.807,131.1,134.7,590.4,644.1,16.7,0,,,90,82,,159,,,896,,,103,,,,,,,,,,,,,0,,1,12581.4,,,,,,,,,,,,,,,,13132886,,,,,,,,,,0,3.806,943.8,,,,8914,,,,,,,,,,,,,
8990983422,"Apr 24, 2023, 7:30:04 PM",Afternoon Run,Run,,1928,7.49,174,53,FALSE,,HOKA Arahi 6 Salmons,activities/9646455615.fit.gz,,,1928,1923,7496,5.426,3.898,68.7,63.8,609.5,642.7,13.6,0.1,,,87,83,,154,,,505,,,53,,,,,,,,,,,,,0,,1,7625.9,,,,,,,,,,,,,,,,13132886,,,,,,,,,,0,3.888,831.7,,,,5356,,,,,,,,,,,,,
8990990338,"Apr 28, 2023, 5:35:35 PM",Afternoon Run,Run,,3963,14.66,180,71,FALSE,,HOKA Arahi 6 Salmons,activities/9646462861.fit.gz,,,3963,3757,14663.5,5.35,3.903,244.6,244,622.4,687.2,22.3,0,,,89,83,,142,,,828,,,71,,,,,,,,,,,,,0,,1,15223.5,,,,,,,,,,,,,,,,13132886,,,,,,,,,,0,3.7,36.1,,,,10486,,,,,,,,,,,,,
9005317823,"May 3, 2023, 6:47:13 PM",Didn‚Äôt even know this part of Blacksburg existed,Run,,4809,16.99,170,64,FALSE,,HOKA Arahi 6 Salmons,activities/9661618904.fit.gz,,,4809,4545,16993.4,6.42,3.739,233.4,228.3,605.9,666.1,26.5,0,,,90,82,,143,,,921,,,64,,,,,,,,,,,0,,0,,1,17535.8,,,,,,,,,,,,,,,,13132886,,,,,,,,,,0,3.534,62.8,,,,12500,,,,,,,,,,,,,
9037341757,"May 6, 2023, 12:21:35 AM",Evening Run,Run,,1891,8.4,174,73,FALSE,,HOKA Arahi 6 Salmons,activities/9695565953.fit.gz,,,1891,1891,8401.7,7.158,4.443,81.2,80.6,615.3,641.8,11.4,0,,,91,84,,164,,,534,,,73,,,,,,,,,,,,,0,,1,8520.6,,,,,,,,,,,,,,,,13132886,,,,,,,,,,0,4.443,4.8,,,,5344,,,,,,,,,,,,,
9037343315,"May 9, 2023, 3:12:25 AM",Getting in some campus laps before leaving for summer. ,Run,Very close to camping out in hammock on drillfield. Beautiful night out.,3188,12.9,176,77,FALSE,,HOKA Arahi 6 Salmons,activities/9695567672.fit.gz,,,3188,3188,12904,8.216,4.048,151.1,151.6,618.9,641.7,10.3,0,,,88,83,,153,,,828,,,77,,,,,,,,,,,0,,0,,1,13142.6,,,,,,,,,,,,,,,,13132886,,,,,,,,,,0,4.048,179.7,,,,8922,,,,,,,,,,,,,media/28814769-1C9F-48DE-87A1-29D4F9BD6C6D.jpg
9059165073,"May 12, 2023, 4:38:36 PM",Lunch Run,Run,,6571,22.99,181,213,FALSE,,HOKA Arahi 6 Salmons,activities/9718670652.fit.gz,,,6571,6236,22990.2,6.07,3.687,87.7,87.6,0.4,27.7,16.6,0,,,92,82,,161,,,1661,,,213,,,,,,,,,,,,,0,,1,23129.7,,,,,,,,,,,,,,,,13132886,,,,,,,,,,0,3.499,1482.5,,,,17014,,,,,,,,,,,,,
9066415031,"May 13, 2023, 8:41:46 PM",Got lost on trail run but ended up in private neighborhood I‚Äôve always wanted to run in. So total win.,Run,,5629,17.02,171,96,FALSE,,HOKA Arahi 6 Salmons,activities/9726347409.fit.gz,,,5629,4879,17027.5,5.542,3.49,263.1,263.1,63.8,114.4,39.8,0,,,89,81,,150,,,1173,,,96,,,,,,,,,,,0,,0,,1,17672.6,,,,,,,,,,,,,,,,13132886,,,,,,,,,,0,3.025,1010.1,,,,13014,,,,,,,,,,,,,
9077867810,"May 15, 2023, 6:36:19 PM",Afternoon Run,Run,,4456,18.23,183,169,FALSE,,HOKA Arahi 6 Salmons,activities/9738581751.fit.gz,,,4456,4456,18233.4,5.864,4.092,204.7,204.7,58.6,122.4,20.3,0,,,96,83,,163,,,1248,,,169,,,,,,,,,,,,,0,,1,18591.5,,,,,,,,,,,,,,,,13132886,,,,,,,,,,0,4.092,398.7,,,,12472,,,,,,,,,,,,,
9109039114,"May 20, 2023, 8:39:21 PM",Small beach jog because I walked too far away and lost track of time and needed to get back faster than the speed I walked away with so I ran because running is fast than walking and I needed to go faster because I walked away,Run,,208,0.69,157,1,FALSE,,HOKA Arahi 6 Salmons,activities/9771508991.fit.gz,,,208,201,695.3,4.252,3.459,0,0,1,1,0,0,,,84,82,,138,,,49,,,1,,,,,,,,,,,0,,0,,1,695.3,,,,,,,,,,,,,,,,13132886,,,,,,,,,,0,3.343,0,,,,574,,,,,,,,,,,,,
9146897717,"May 25, 2023, 9:31:11 PM",Afternoon Ride,Ride,,5795,40.95,150,37,FALSE,,,activities/9814111061.fit.gz,,,5795,5420,40956.8,17.106,7.557,585.4,585.2,54,111.5,28.2,0,,,,,,130,,168,881,,,37,,,,,,,,,,,,,0,,1,,,,,,,,,,,,,,,,,,,,,,,,,,,0,7.068,0,,,,,,,,,,,,,,,,,
9146899863,"May 26, 2023, 4:45:53 PM",With Coby,Run,,2656,10.23,178,63,FALSE,,HOKA Arahi 6 Salmons,activities/9814113301.fit.gz,,,2656,2656,10229.6,6.424,3.852,102.9,103,79,118.1,10.7,0,,,88,82,,152,,,692,,,63,,,,,,,,,,,0,,0,,1,10394.1,,,,,,,,,,,,,,,,13132886,,,,,,,,,,0,3.852,0,,,,7290,,,,,,,,,,,,,
9159708732,"May 28, 2023, 6:20:29 PM",Death,Ride,Serious caloric deficit,12763,77.19,174,155,FALSE,,,activities/9827815178.fit.gz,,,12763,10538,77194.9,22.188,7.325,1292.8,1292.4,103.5,563.3,46.3,0,,,,,,141,,161,1687,,,155,,,,,,,,,,,0,,0,,1,,,,,,,,,,,,,,,,,,,,,,,,,,,0,6.048,1420.1,,,,,,,,,,,,,,,,,
9167078924,"May 29, 2023, 10:16:27 PM",Evening Run,Run,,2683,9.88,171,65,FALSE,,HOKA Arahi 6 Salmons,activities/9835661781.fit.gz,,,2683,2659,9885.8,5.22,3.718,88.2,88.1,69.5,122.4,20.2,0,,,88,81,,154,,,670,,,65,,,,,,,,,,,,,0,,1,10036.3,,,,,,,,,,,,,,,,13132886,,,,,,,,,,0,3.685,0,,,,6946,,,,,,,,,,,,,
9179407245,"May 31, 2023, 3:38:51 PM",Driveway to Downtown,Ride,Crashed my sister‚Äôs 6th grade downtown field trip.,19874,55.89,168,110,FALSE,,,activities/9848635470.fit.gz,,,19874,7688,55890,15.486,7.27,485.7,485.8,1.3,124.1,35.5,0,,,,,,141,,133,1463,,,110,,,,,,,,,,,0,,0,,1,,,,,,,,,,,,,,,,,,,,,,,,,,,0,2.812,236.6,,,,,,,,,,,,,,,,,
9183944233,"Jun 1, 2023, 6:22:14 PM",Testing out new watch,Run,Swim workout later,1200,4.66,169,34,FALSE,,HOKA Arahi 6 Salmons,activities/9853425710.fit.gz,,,1200,1200,4661.6,4.998,3.885,45,45,86.4,117.2,10.4,0,,,89,83,,156,,,323,,30,34,,,,,,,,,,,0,,0,,1,4726.5,,,,,,,,,,,,,,,,13132886,,,,,,,,,,0,3.885,0,,,,3294,,,,,,,,,,,,,
9185040197,"Jun 1, 2023, 8:56:12 PM",Afternoon Swim,Swim,,3481,"2,000",162,47,FALSE,,,activities/9854579700.fit.gz,,,3481,1879,2000,3.334,1.064,0,,,,0,0,,,,28,,129,,,367,,,47,,,,,,,,,,,,,0,,1,,,,,,,,,,,,,,,,,,,,,,,,,,,0,0.575,0,,,,,,,,,,,,,,,,,
9196587936,"Jun 3, 2023, 3:55:27 PM",Rock Creek Run,Run,Didn‚Äôt bring water. Should‚Äôve brought water. Highest I‚Äôve ever seen my heart rate.,11543,32.21,208,504,FALSE,,HOKA Arahi 6 Salmons,activities/9866807973.fit.gz,,,11543,9165,32214.4,6.096,3.515,179,178,1.8,65.4,25,0,,,103,82,,173,,369,2485,,,504,3377602,,,,,,,,361,10362,0,,0,,1,32624.7,,,,,,,,,,,,,,,,13132886,,,,,,,,,,0,2.791,707.1,,,,24918,,,,,,,,,,,,,
9216561458,"Jun 6, 2023, 9:10:38 PM",Afternoon Run,Run,,2994,11.8,176,95,FALSE,,HOKA Arahi 6 Salmons,activities/9887909213.fit.gz,,,2994,2966,11803,5.206,3.979,155,156,79.8,121.8,17.9,0,,,88,83,,159,,423,782,,,95,1254784,,,,,,,,426,2995,,,0,,1,12146.6,,,,,,,,,,,,,,,,13132886,,,,,,,,,,0,3.942,0,,,,8156,,,,,,,,,,,,,
9223095023,"Jun 7, 2023, 10:03:44 PM",Evening Run,Run,,2336,8.83,176,68,FALSE,,HOKA Arahi 6 Salmons,activities/9894836353.fit.gz,,,2336,2221,8835.6,5.862,3.978,86,90,75.4,117.4,18,0,,,92,83,,157,,409,586,,,68,908800,,,,,,,,403,2338,,,0,,1,9028.3,,,,,,,,,,,,,,,,13132886,,,,,,,,,,0,3.782,0,,,,6154,,,,,,,,,,,,,
9229939066,"Jun 8, 2023, 10:56:56 PM",Evening Swim,Swim,,4714,"2,423",160,46,FALSE,,,activities/9902027263.fit.gz,,,4714,2688,2423.2,22.86,0.901,0,,,,0,0,,,,25,,118,,,565,,,46,,,,,,,,,,,,,0,,1,,,,,,,,,,,,,,,,,,,,,,,,,,,0,0.514,0,,,,,,,,,,,,,,,,,
9241718375,"Jun 10, 2023, 10:27:21 PM",Evening Run,Run,,627,2.61,179,24,FALSE,,HOKA Arahi 6 Salmons,activities/9914447419.fit.gz,,,627,627,2616.3,5.404,4.173,16,19,103.2,115.8,21.7,-0.1,,,88,84,,163,,425,172,,,24,266674,,,,,,,,419,628,,,0,,1,2636.9,,,,,,,,,,,,,,,,13132886,,,,,,,,,,0,4.173,0,,,,1732,,,,,,,,,,,,,
9248549157,"Jun 11, 2023, 9:41:55 PM",Afternoon Run,Run,,3489,12.96,177,134,FALSE,,HOKA Arahi 6 Salmons,activities/9921700893.fit.gz,,,3489,3317,12966.8,5.262,3.909,84,79,1.4,27.2,33.2,0,,,88,84,,165,,411,907,,,134,1361834,,,,,,,,404,3490,,,0,,1,13167.1,,,,,,,,,,,,,,,,13132886,,,,,,,,,,0,3.716,457.1,,,,9222,,,,,,,,,,,,,
9254321974,"Jun 12, 2023, 10:00:04 PM",Evening Run,Run,,3887,14.5,171,104,FALSE,,HOKA Arahi 6 Salmons,activities/9927777509.fit.gz,,,3887,3887,14501.9,4.8,3.731,194,193,74,126.8,21.9,0,,,88,82,,153,,397,962,,,104,1545166,,,,,,,,402,3888,,,0,,1,14977.1,,,,,,,,,,,,,,,,13132886,,,,,,,,,,0,3.731,0,,,,10692,,,,,,,,,,,,,
9260989105,"Jun 13, 2023, 9:08:54 PM",Skyline drive,Ride,,9352,65.33,165,102,FALSE,,,activities/9934808587.fit.gz,,,9352,9265,65335.5,22.232,7.052,1465,1462,181.8,1003.6,11.9,0,,,,,,129,,198,1307,,,102,,,,,,,,,,,0,,0,,1,,,,,,,,,,,,,,,,,,,,,,,,,,,0,6.986,0,,,,,,,,,,,,,,,,,
9266958461,"Jun 14, 2023, 8:45:14 PM",Afternoon Run,Run,,2033,7.58,163,41,FALSE,,HOKA Arahi 6 Salmons,activities/9941107367.fit.gz,,,2033,2028,7580,5.186,3.738,85,83,78.4,122,12,0,,,89,82,,148,,398,492,,,41,808200,,,,,,,,401,2034,,,0,,1,7756,,,,,,,,,,,,,,,,13132886,,,,,,,,,,0,3.728,0,,,,5520,,,,,,,,,,,,,
9273794338,"Jun 16, 2023, 12:06:34 AM",Evening Run,Run,,3065,10.76,158,54,FALSE,,HOKA Arahi 6 Salmons,activities/9948301883.fit.gz,,,3065,3065,10762,4.95,3.511,114,115,97,126.8,14.4,0,,,86,81,,145,,368,717,,,54,1128232,,,,,,,,371,3066,,,0,,1,10991.3,,,,,,,,,,,,,,,,13132886,,,,,,,,,,0,3.511,0,,,,8296,,,,,,,,,,,,,
9277731365,"Jun 16, 2023, 4:40:22 PM",Lunch Run,Run,,3837,14.51,190,128,FALSE,,HOKA Arahi 6 Salmons,activities/9952465049.fit.gz,,,3837,3837,14512,7.068,3.782,215,218,73.8,115,24.9,0,,,100,83,,160,,398,1007,,,128,1528734,,,,,,,,406,3838,,,0,,1,15023,,,,,,,,,,,,,,,,13132886,,,,,,,,,,0,3.782,0,,,,10672,,,,,,,,,,,,,
9295495403,"Jun 19, 2023, 2:23:57 PM",Morning Run,Run,,5990,19.96,183,250,FALSE,,HOKA Arahi 6 Salmons,activities/9971342130.fit.gz,,,5990,5548,19961.4,5.252,3.598,276,278,-500,122,18.9,-0.2,,,88,83,,168,,381,1464,,,250,2096656,,,,,,,,376,5991,,,0,,1,20590.9,,,,,,,,,,,,,,,,13132886,,,,,,,,,,0,3.332,30.9,,,,15244,,,,,,,,,,,,,
9304917428,"Jun 21, 2023, 1:37:30 AM",Santa Monica Pier Run,Run,,2719,8.43,141,10,FALSE,,HOKA Arahi 6 Salmons,activities/9981497841.fit.gz,,,2719,2578,8432.4,3.98,3.271,8,24,-1,17.4,15.6,-0.2,,,101,81,,128,,336,518,,,10,863001,,,,,,,,329,2720,0,,0,,1,8455.9,,,,,,,,,,,,,,,,13132886,,,,,,,,,,0,3.101,68.4,,,,6934,,,,,,,,,,,,,media/B5860A49-3486-4327-B185-BD5AB3E1FFA7.jpg|media/062A14D2-4CB5-4870-AF39-B71FD481E216.jpg
9322077660,"Jun 23, 2023, 10:35:08 PM",Evening Run,Run,,2690,9.81,164,60,FALSE,,HOKA Arahi 6 Salmons,activities/9999602495.fit.gz,,,2690,2690,9817.1,4.928,3.649,97,145,105.2,127.2,13.3,0,,,87,83,,150,,383,647,,,60,1031496,,,,,,,,386,2691,,,0,,1,9982.7,,,,,,,,,,,,,,,,13132886,,,,,,,,,,0,3.649,0,,,,7450,,,,,,,,,,,,,
9328082259,"Jun 24, 2023, 6:13:51 PM",Afternoon Run,Run,,3489,12.68,176,121,FALSE,,HOKA Arahi 6 Salmons,activities/10005963328.fit.gz,,,3489,3466,12682.7,5.176,3.659,164,165,86,121,12.9,0,,,94,84,,161,,384,894,,,121,1331710,,,,,,,,387,3490,,,0,,1,13024.8,,,,,,,,,,,,,,,,13132886,,,,,,,,,,0,3.635,1310.2,,,,9668,,,,,,,,,,,,,
9334971780,"Jun 25, 2023, 9:26:30 PM",Afternoon Run,Run,,3402,12.94,180,145,FALSE,,HOKA Arahi 6 Salmons,activities/10013276660.fit.gz,,,3402,3402,12944.8,5.722,3.805,203,208,66.8,116.4,27,0,,,89,84,,166,,399,912,,,145,1357261,,,,,,,,404,3403,,,0,,1,13463,,,,,,,,,,,,,,,,13132886,,,,,,,,,,0,3.805,13.9,,,,9578,,,,,,,,,,,,,
9341366548,"Jun 27, 2023, 1:49:21 AM",Night Run,Run,,2167,8.07,166,48,FALSE,,HOKA Arahi 6 Salmons,activities/10020032928.fit.gz,,,2167,2163,8072.3,5.412,3.732,78,79,102.8,122,15.4,0,,,90,83,,150,,387,537,,,48,837120,,,,,,,,387,2168,,,0,,1,8223.1,,,,,,,,,,,,,,,,13132886,,,,,,,,,,0,3.725,0,,,,5964,,,,,,,,,,,,,
9346714025,"Jun 27, 2023, 8:14:40 PM",Afternoon Run,Run,,3059,11.27,169,81,FALSE,,HOKA Arahi 6 Salmons,activities/10025676462.fit.gz,,,3059,3050,11273.1,4.922,3.696,170,174,71.2,116.8,26.5,0,,,89,83,,154,,393,768,,,81,1197622,,,,,,,,396,3060,,,0,,1,11667,,,,,,,,,,,,,,,,13132886,,,,,,,,,,0,3.685,0,,,,8388,,,,,,,,,,,,,
9353507340,"Jun 28, 2023, 10:29:43 PM",Evening Ride,Ride,,3021,25.72,180,69,FALSE,,,activities/10032796414.fit.gz,,,3021,2920,25726.2,13.133,8.81,44,44,0.4,8.6,12.6,0,,,,,,151,,174,648,,,69,,,,,,,,,,,,,0,,1,,,,,,,,,,,,,,,,,,,,,,,,,,,0,8.516,0,,,,,,,,,,,,,,,,,
9353658630,"Jun 28, 2023, 11:23:48 PM",Post bike tempo-ish run,Run,Getting that tri training in,2327,9.22,183,84,FALSE,,HOKA Arahi 6 Salmons,activities/10032954085.fit.gz,,,2327,2238,9222.4,7.958,4.121,40,36,2.2,20.6,25.9,0,,,112,85,,163,,431,605,,,84,964799,,,,,,,,430,2329,0,,0,,1,9340.3,,,,,,,,,,,,,,,,13132886,,,,,,,,,,0,3.963,0,,,,6310,,,,,,,,,,,,,
9359244150,"Jun 29, 2023, 9:23:47 PM",Afternoon Run,Run,,2130,6.06,154,28,FALSE,,HOKA Arahi 6 Salmons,activities/10038866778.fit.gz,,,2130,1784,6063,4.328,3.399,71,67,83.6,125.6,11.3,0,,,83,81,,143,,358,407,,,28,638389,,,,,,,,349,1994,,,0,,1,6208.9,,,,,,,,,,,,,,,,13132886,,,,,,,,,,0,2.846,0,,,,4784,,,,,,,,,,,,,
9364824473,"Jun 30, 2023, 9:55:28 PM",Afternoon Run,Run,,3563,12.7,165,80,FALSE,,HOKA Arahi 6 Salmons,activities/10044874313.fit.gz,,,3563,3439,12704.1,5.814,3.694,155,157,90.2,155.8,22,0,,,90,83,,150,,386,850,,,80,1323360,,,,,,,,383,3564,,,0,,1,13009.2,,,,,,,,,,,,,,,,13132886,,,,,,,,,,0,3.566,0,,,,9450,,,,,,,,,,,,,
9370180642,"Jul 1, 2023, 6:16:44 PM",Swamp weather,Run,humidity has entered the chat,2602,9.83,180,81,FALSE,,HOKA Arahi 6 Salmons,activities/10050934231.fit.gz,,,2602,2595,9829.1,5.508,3.788,96,97,41.2,123,17.8,0,,,96,83,,158,,394,665,,,81,1020806,,,,,,,,398,2604,0,,0,,1,10029.8,,,,,,,,,,,,,,,,13132886,,,,,,,,,,0,3.778,123.1,,,,7146,,,,,,,,,,,,,
9382740894,"Jul 3, 2023, 7:17:25 PM",Afternoon Run,Run,,2232,8.42,170,59,FALSE,,HOKA Arahi 6 Salmons,activities/10064226207.fit.gz,,,2232,2232,8425.6,4.82,3.775,117,119,82.8,115.2,12.9,0,,,87,83,,154,,396,562,,,59,883385,,,,,,,,399,2233,,,0,,1,8675.2,,,,,,,,,,,,,,,,13132886,,,,,,,,,,0,3.775,1076.9,,,,6138,,,,,,,,,,,,,
9386108382,"Jul 4, 2023, 10:36:31 AM",Good morning and happy birthday America,Run,Had to get some alone time with downtown this morning before the crowd arrives. üá∫üá∏,5982,22.63,187,162,FALSE,,HOKA Arahi 6 Salmons,activities/10067772503.fit.gz,,,5982,5964,22637,6.37,3.796,87,90,-0.2,24.6,19,0,,,96,84,,154,,388,1503,,,162,2315028,,,,,,,,393,5983,0,,0,,1,22795.4,,,,,,,,,,,,,,,,13132886,,,,,,,,,,0,3.784,6486.3,,,,16734,,,,,,,,,,,,,
9395894865,"Jul 5, 2023, 9:03:07 PM",Afternoon Run,Run,,2774,9.92,183,58,FALSE,,HOKA Arahi 6 Salmons,activities/10078064491.fit.gz,,,2774,2688,9919.4,7.894,3.69,108,108,78,126.4,19.5,0,,,111,83,,150,,382,653,,,58,1012466,,,,,,,,377,2776,,,0,,1,10158.4,,,,,,,,,,,,,,,,13132886,,,,,,,,,,0,3.576,0,,,,7304,,,,,,,,,,,,,
9402640691,"Jul 6, 2023, 11:04:45 PM",Evening Run,Run,,1995,7.5,162,40,FALSE,,HOKA Arahi 6 Salmons,activities/10085154775.fit.gz,,,1995,1995,7506.7,4.638,3.763,93,100,85,115.6,21.7,0,,,87,83,,148,,393,493,,,40,783723,,,,,,,,395,1996,,,0,,1,7722,,,,,,,,,,,,,,,,13132886,,,,,,,,,,0,3.763,1011.1,,,,5518,,,,,,,,,,,,,
9414783459,"Jul 8, 2023, 10:44:45 PM",Nostalgia,Run,I think I‚Äôm just emotional but damn I miss PXC,1330,4.86,157,27,FALSE,,HOKA Arahi 6 Salmons,activities/10098019487.fit.gz,,,1330,1306,4868.8,4.65,3.728,27,20,242,260.2,12.2,0.1,,,88,83,,148,,384,318,,,27,499774,,,,,,,,377,1332,0,,0,,1,4921.2,,,,,,,,,,,,,,,,13132886,,,,,,,,,,0,3.661,0,,,,3612,,,,,,,,,,,,,
9418954724,"Jul 9, 2023, 12:50:01 PM","With Jack, Ryan, Brady, Carson, Ian rez loop",Run,Felt super good. Nice to run with other people ü•≥,6860,25.91,178,208,FALSE,,HOKA Arahi 6 Salmons,activities/10102441210.fit.gz,,,6860,6640,25912.6,5.316,3.903,256,250,196.8,248.2,15.2,0,,,90,85,,158,,403,1724,,,208,2677992,,,,,,,,405,6862,0,,0,,1,26396,,,,,,,,,,,,,,,,13132886,,,,,,,,,,0,3.777,1554.6,,,,18664,,,,,,,,,,,,,
9419313068,"Jul 9, 2023, 3:36:06 PM",Had to hit 50 on the week,Run,Did this while waiting for table at brunch place,354,1.17,155,6,FALSE,,HOKA Arahi 6 Salmons,activities/10102832282.fit.gz,,,354,354,1172.6,4.226,3.312,2,3,235.4,240,5.4,-0.2,,,86,82,,145,,338,82,,,6,119621,,,,,,,,326,355,0,,0,,1,1175.5,,,,,,,,,,,,,,,,13132886,,,,,,,,,,0,3.312,0,,,,960,,,,,,,,,,,,,
9419382920,"Jul 9, 2023, 3:47:06 PM",Walk from table to bathroom inside Bluebird Cafe,Run,Needed 0.01 miles to hit 50. Might start logging the dumbest stuff on this app,362,0.02,116,0,FALSE,,HOKA Arahi 6 Salmons,activities/10102909295.fit.gz,,,362,62,25.1,1.651,0.405,0,0,236.4,241.2,42.3,18.3,,,57,54,,107,,0,8,,,0,739,,,,,,,,7,289,0,,0,,1,26.8,,,,,,,,,,,,,,,,13132886,,,,,,,,,,0,0.069,0,,,,68,,,,,,,,,,,,,
9427061413,"Jul 10, 2023, 9:25:36 PM",Afternoon Run,Run,,2658,9.68,167,67,FALSE,,HOKA Arahi 6 Salmons,activities/10111036374.fit.gz,,,2658,2543,9685.5,5.982,3.809,92,93,107.8,153.6,10.5,0,,,98,84,,153,,404,640,,,67,1021805,,,,,,,,398,2659,,,0,,1,9853.1,,,,,,,,,,,,,,,,13132886,,,,,,,,,,0,3.644,0,,,,7080,,,,,,,,,,,,,
9433903549,"Jul 11, 2023, 10:23:49 PM",Evening Run,Run,,2390,9.38,167,55,FALSE,,HOKA Arahi 6 Salmons,activities/10118231126.fit.gz,,,2390,2390,9387.5,5.174,3.928,106,106,85,123.6,18.9,0,,,94,84,,151,,406,603,,,55,971061,,,,,,,,409,2391,,,0,,1,9585.8,,,,,,,,,,,,,,,,13132886,,,,,,,,,,0,3.928,0,,,,6626,,,,,,,,,,,,,
9452237471,"Jul 14, 2023, 10:38:55 PM",Pre gym treadmill ,Run,,805,3.5,186,30,FALSE,,HOKA Arahi 6 Salmons,activities/10137500454.fit.gz,,,805,788,3508.4,4.838,4.452,0,,,,0,0,,,92,85,,160,,393,209,,,30,316762,,,,,,,,403,791,0,,0,,1,,,,,,,,,,,,,,,,,13132886,,,,,,,,,,0,4.358,0,,,,2230,,,,,,,,,,,,,
9458295545,"Jul 15, 2023, 6:24:35 PM",Afternoon Ride,Ride,,11464,50.81,161,48,FALSE,,,activities/10143907746.fit.gz,,,11464,8536,50810.9,14.47,5.953,573,563,0,129.4,26.5,0,,,,,,121,,106,1142,,,48,,,,,,,,,,,,,0,,1,,,,,,,,,,,,,,,,,,,,,,,,,,,0,4.432,62,,,,,,,,,,,,,,,,,
9458295851,"Jul 15, 2023, 9:36:13 PM",Afternoon Ride,Ride,,671,3.85,155,4,FALSE,,,activities/10143908165.fit.gz,,,671,524,3855.7,13.978,7.358,60,56,88.6,125.2,12.1,-0.4,,,,,,129,,143,96,,,4,,,,,,,,,,,,,0,,1,,,,,,,,,,,,,,,,,,,,,,,,,,,0,5.746,0,,,,,,,,,,,,,,,,,
9465341739,"Jul 16, 2023, 11:15:47 PM",Evening Run,Run,,4379,16.65,172,117,FALSE,,HOKA Arahi 6 Salmons,activities/10151431483.fit.gz,,,4379,4379,16650.8,5.298,3.802,183,185,63.2,123.4,15.3,0,,,88,82,,154,,406,1102,,,117,1777340,,,,,,,,412,4380,,,0,,1,16988.8,,,,,,,,,,,,,,,,13132886,,,,,,,,,,0,3.802,0,,,,11942,,,,,,,,,,,,,
9471073303,"Jul 17, 2023, 10:14:45 PM",Evening Swim,Swim,,3162,"1,554",173,49,FALSE,,,activities/10157470609.fit.gz,,,3162,1757,1554.5,13.716,0.885,0,,,,0,0,,,,27,,131,,,408,,,49,,,,,,,,,,,,,0,,1,,,,,,,,,,,,,,,,,,,,,,,,,,,0,0.492,0,,,,,,,,,,,,,,,,,
9471493262,"Jul 18, 2023, 12:06:36 AM",Evening Ride,Ride,,3129,20.6,156,19,FALSE,,,activities/10157904415.fit.gz,,,3129,2976,20600.5,16.012,6.922,326,308,66.2,134.8,34.9,0.1,,,,,,129,,145,464,,,19,,,,,,,,,,,,,0,,1,,,,,,,,,,,,,,,,,,,,,,,,,,,0,6.584,0,,,,,,,,,,,,,,,,,
9477971153,"Jul 18, 2023, 10:27:31 PM",Evening Run,Run,,4915,6.67,162,28,FALSE,,HOKA Arahi 6 Salmons,activities/10164701302.fit.gz,,,4915,1699,6670.7,5.252,3.926,69,73,105.2,129.4,48.9,0,,,88,83,,142,,407,416,,,28,690647,,,,,,,,395,1913,,,0,,1,6800,,,,,,,,,,,,,,,,13132886,,,,,,,,,,0,1.357,0,,,,4674,,,,,,,,,,,,,
9484611902,"Jul 19, 2023, 11:24:54 PM",great loop except for the crossing the highway part ,Run,,2370,9.44,185,85,FALSE,,HOKA Arahi 6 Salmons,activities/10171662754.fit.gz,,,2370,2246,9443.7,6.574,4.205,87,90,108.8,151.6,11.8,0,,,96,85,,164,,428,624,,,85,960999,,,,,,,,422,2371,0,,0,,1,9583,,,,,,,,,,,,,,,,13132886,,,,,,,,,,0,3.985,154.5,,,,6286,,,,,,,,,,,,,
9490622745,"Jul 20, 2023, 9:41:07 PM",Afternoon Ride,Ride,,2808,25.67,172,59,FALSE,,,activities/10177998731.fit.gz,,,2808,2808,25669,12.216,9.141,44,38,-1.2,6.8,8.7,0,,,,,,148,,179,632,,,59,,,,,,,,,,,,,0,,1,,,,,,,,,,,,,,,,,,,,,,,,,,,0,9.141,0,,,,,,,,,,,,,,,,,
9490754987,"Jul 20, 2023, 10:30:37 PM",Evening Run,Run,,2129,8.32,166,60,FALSE,,HOKA Arahi 6 Salmons,activities/10178137200.fit.gz,,,2129,2080,8327.8,6.506,4.004,20,20,1.6,18.2,27.5,0,,,90,84,,156,,410,543,,,60,853570,,,,,,,,404,2130,,,0,,1,8397.4,,,,,,,,,,,,,,,,13132886,,,,,,,,,,0,3.912,12.5,,,,5812,,,,,,,,,,,,,
9507031569,"Jul 23, 2023, 12:20:08 PM",Williamsburg Triathlon Swim leg,Swim,6th overall. 2:24:28. https://www.secondwindtiming.com/result-page/?id=254116#2_1A6A72,1955,"1,608",177,128,FALSE,,,activities/10195514436.fit.gz,,,1955,1955,1608.1,3.558,0.823,4.8,0.1,-0.1,5.3,30.9,0.3,,,155,28,,168,,,547,,29,128,,,,,,,,,,,0,,0,,1,,,,,,,,,,,,,,,,,,,,,,,,,,,0,0.823,0,,,,,,,,,,,,,,,,,
9507031637,"Jul 23, 2023, 12:54:05 PM",Williamsburg Triathlon Bike leg,Ride,6th overall. 2:24:28. First Olympic distance ever. https://www.secondwindtiming.com/result-page/?id=254116#2_1A6A72,4322,39.38,171,141,FALSE,,,activities/10195514741.fit.gz,,,4322,4322,39381.4,13.866,9.112,132.4,142,-1.6,22.2,10.5,0,,,,,,159,,174,880,,,141,,,,,,,,,,,0,,0,,1,,,,,,,,,,,,,,,,,,,,,,,,,,,0,9.112,0,,,,,,,,,,,,,,,,,
9507031707,"Jul 23, 2023, 2:06:58 PM",Williamsburg Triathlon Run leg,Run,6th overall. 2:24:28. (Had the fastest run üò≥) https://www.secondwindtiming.com/result-page/?id=254116#2_1A6A72,2270,10.14,189,141,FALSE,,HOKA Arahi 6 Salmons,activities/10195514809.fit.gz,,,2270,2264,10141.5,6.368,4.479,20.2,18,-0.6,7.2,29.6,0,,,98,87,,176,,446,654,,,141,1010504,,,,,,,,444,2271,0,,0,,1,10168.1,,,,,,,,,,,,,,,,13132886,,,,,,,,,,0,4.468,0,,,,6486,,,,,,,,,,,,,
9515524071,"Jul 25, 2023, 12:10:21 AM",Evening Run,Run,was feeling good so i picked it up last mile. happened to be a segment. let‚Äôs go,2068,8.42,181,62,FALSE,,HOKA Arahi 6 Salmons,activities/10204462705.fit.gz,,,2068,2068,8419.9,6.32,4.071,80,80,83.2,123.2,11.9,0,,,90,83,,156,,420,542,,,62,868043,,,,,,,,425,2069,0,,0,,1,8564.3,,,,,,,,,,,,,,,,13132886,,,,,,,,,,0,4.071,0,,,,5716,,,,,,,,,,,,,
9522257571,"Jul 26, 2023, 12:00:56 AM",Evening Run,Run,,3971,15.04,165,95,FALSE,,HOKA Arahi 6 Salmons,activities/10211534286.fit.gz,,,3971,3971,15044.6,5.164,3.789,210,216,78.4,114.6,22.5,0,,,87,82,,151,,399,997,,,95,1583887,,,,,,,,403,3972,,,0,,1,15562.2,,,,,,,,,,,,,,,,13132886,,,,,,,,,,0,3.789,0,,,,10858,,,,,,,,,,,,,
9528269796,"Jul 26, 2023, 9:58:33 PM",Afternoon Swim,Swim,,2886,"1,829",168,57,FALSE,,,activities/10217869895.fit.gz,,,2886,1977,1828.8,4.572,0.925,0,0,0,0,0,0,,,,25,,136,,,526,,,57,,,,,,,,,,,,,0,,1,,,,,,,,,,,,,,,,,,,,,,,,,,,0,0.634,0,,,,,,,,,,,,,,,,,
9535170552,"Jul 28, 2023, 12:28:03 AM",Evening Run,Run,,2881,10.43,169,87,FALSE,,HOKA Arahi 6 Salmons,activities/10225124643.fit.gz,,,2881,2842,10435.9,5.228,3.672,55,57,1.6,30.2,23.2,0,,,87,81,,158,,383,740,,,87,1077017,,,,,,,,378,2882,,,0,,1,10553.1,,,,,,,,,,,,,,,,13132886,,,,,,,,,,0,3.622,1897.5,,,,7554,,,,,,,,,,,,,
9545838484,"Jul 29, 2023, 5:04:06 PM",I run this city (literally),Run,,12106,32.1,183,282,FALSE,,,activities/10236387128.gpx.gz,,,12106,8554,32104.8,12.018,3.753,126,126.8,1.6,36.5,10.1,0,,,88,82,,160,,373,2699,,,282,,,,,,,,,369,9347,,,0,,1,32283.3,,,,,,,,,,,,,,,,,,,,,,,,,,0,2.652,1086.2,,,,,,,,,,,,,,,,,
9566032511,"Aug 2, 2023, 12:51:11 AM",Evening Run,Run,,1930,7.08,168,32,FALSE,,HOKA Arahi 6 Salmons,activities/10257868689.fit.gz,,,1930,1877,7081.5,5.47,3.773,72,75,106,156.4,14.4,0,,,88,82,,146,,397,457,,,32,743884,,,,,,,,396,1932,,,0,,1,7215.3,,,,,,,,,,,,,,,,13132886,,,,,,,,,,0,3.669,0,,,,5040,,,,,,,,,,,,,
9578603296,"Aug 3, 2023, 11:39:08 PM",Evening Run,Run,,2793,10.86,165,68,FALSE,,HOKA Arahi 6 Salmons,activities/10271097641.fit.gz,,,2793,2793,10859,5.356,3.888,136,203,80,124.2,14.6,0,,,88,82,,152,,416,702,,,68,1160741,,,,,,,,421,2794,,,0,,1,11140,,,,,,,,,,,,,,,,13132886,,,,,,,,,,0,3.888,0,,,,7624,,,,,,,,,,,,,
9596334688,"Aug 6, 2023, 3:44:17 PM",Lunch Run,Run,,5400,17.48,174,129,FALSE,,HOKA Arahi 6 Salmons,activities/10289858129.fit.gz,,,5400,4656,17488.3,6.434,3.756,55,52,6.6,23,29.5,0,,,97,82,,156,,391,1196,,,129,1816305,,,,,,,,379,5119,,,0,,1,17619,,,,,,,,,,,,,,,,13132886,,,,,,,,,,0,3.239,430,,,,12720,,,,,,,,,,,,,
9602581429,"Aug 7, 2023, 9:05:41 PM",Tornado watch run üå™Ô∏è ,Run,Got stuck in storm on way home,1823,7.08,176,70,FALSE,,HOKA Arahi 6 Salmons,activities/10296471848.fit.gz,,,1823,1819,7086.1,5.538,3.896,54,63,97.8,117.6,22.9,-0.1,,,88,83,,163,,401,495,,,70,730178,,,,,,,,404,1825,0,,0,,1,7214.5,,,,,,,,,,,,,,,,13132886,,,,,,,,,,0,3.887,0,,,,4940,,,,,,,,,,,,,
9610276888,"Aug 9, 2023, 12:23:10 AM",Evening Run,Run,,5412,5.62,177,54,FALSE,,HOKA Arahi 6 Salmons,activities/10304546909.fit.gz,,,5412,1379,5620.1,5.876,4.075,68,62,105.6,150.2,13.9,0.1,,,91,83,,164,,422,382,,,54,582024,,,,,,,,420,1402,,,0,,1,5750.5,,,,,,,,,,,,,,,,13132886,,,,,,,,,,0,1.038,80.3,,,,3784,,,,,,,,,,,,,
9616421527,"Aug 9, 2023, 9:44:29 PM",Afternoon Run,Run,,4660,17.74,178,151,FALSE,,HOKA Arahi 6 WHITE OUT,activities/10311052924.fit.gz,,,4660,4420,17744.8,5.53,4.015,203,204,82.8,123.2,16.3,0,,,94,84,,161,,414,1183,,,151,1830114,,,,,,,,411,4628,,,0,,1,18127.6,,,,,,,,,,,,,,,,14366253,,,,,,,,,,0,3.808,0,,,,12292,,,,,,,,,,,,,
9623588047,"Aug 11, 2023, 12:54:57 AM",Evening Run,Run,,1947,7.34,158,38,FALSE,,HOKA Arahi 6 WHITE OUT,activities/10318618501.fit.gz,,,1947,1947,7341.2,4.998,3.77,50,52,104.2,116,8.3,0,,,86,83,,146,,391,471,,,38,761655,,,,,,,,392,1948,,,0,,1,7402.7,,,,,,,,,,,,,,,,14366253,,,,,,,,,,0,3.77,0,,,,5342,,,,,,,,,,,,,
9635564058,"Aug 12, 2023, 9:32:21 PM",Last DC run for a while,Run,,2344,8.53,159,58,FALSE,,HOKA Arahi 6 WHITE OUT,activities/10331279852.fit.gz,,,2344,2272,8538.2,4.802,3.758,25,29,5,13.8,15,0,,,85,83,,152,,387,571,,,58,878747,,,,,,,,379,2346,0,,0,,1,8589.7,,,,,,,,,,,,,,,,14366253,,,,,,,,,,0,3.643,3057.2,,,,6200,,,,,,,,,,,,,
9647027384,"Aug 14, 2023, 4:56:28 PM",i won‚Äôt be running at this time of day again,Run,couldn‚Äôt even breathe. nothing compares to the humidity of the swamp,2246,8.99,181,121,FALSE,,HOKA Arahi 6 WHITE OUT,activities/10343398308.fit.gz,,,2246,2246,8995.3,4.906,4.005,7,8,0.6,7.2,9,0,,,87,84,,172,,409,632,,,121,919217,,,,,,,,408,2247,0,,0,,1,9017.8,,,,,,,,,,,,,,,,14366253,,,,,,,,,,0,4.005,45,,,,6274,,,,,,,,,,,,,
9647856919,"Aug 14, 2023, 7:16:05 PM",Swam to some island thing and ran around because I csn,Run,,424,1.31,170,10,FALSE,,HOKA Arahi 6 WHITE OUT,activities/10344265324.fit.gz,,,424,371,1318.1,4.722,3.553,6,6,4.2,9.2,13.1,0.1,,,100,84,,157,,371,98,,,10,137832,,,,,,,,338,426,0,,0,,1,1344,,,,,,,,,,,,,,,,14366253,,,,,,,,,,0,3.109,0,,,,1020,,,,,,,,,,,,,
9647857028,"Aug 14, 2023, 7:23:36 PM",i just be swimming and stuff,Swim,,116,119,161,3,FALSE,,,activities/10344265586.fit.gz,,,116,116,119.2,1.354,1.028,0,0,1,1,0,0,,,42,34,,150,,,30,,34,3,,,,,,,,,,,0,,0,,1,,,,,,,,,,,,,,,,,,,,,,,,,,,0,1.028,0,,,,,,,,,,,,,,,,,
9655839055,"Aug 15, 2023, 10:45:06 PM",Evening Run,Run,,1377,5.45,171,41,FALSE,,HOKA Arahi 6 WHITE OUT,activities/10352632476.fit.gz,,,1377,1377,5458.5,4.752,3.964,7,12,-0.8,7.2,5.4,-0.1,,,87,83,,157,,409,366,,,41,562896,,,,,,,,408,1378,,,0,,1,5465.6,,,,,,,,,,,,,,,,14366253,,,,,,,,,,0,3.964,0,,,,3806,,,,,,,,,,,,,
9660183452,"Aug 16, 2023, 3:01:21 PM",Lunch Run,Run,,2719,8.97,168,71,FALSE,,HOKA Arahi 6 WHITE OUT,activities/10357213362.fit.gz,,,2719,2503,8972.4,4.476,3.585,1,9,5.6,13.2,13.7,-0.1,,,90,85,,156,,363,627,,,71,908296,,,,,,,,354,2711,,,0,,1,8991.5,,,,,,,,,,,,,,,,14366253,,,,,,,,,,0,3.3,0,,,,7096,,,,,,,,,,,,,
9681751716,"Aug 19, 2023, 9:42:31 PM",Afternoon Run,Run,,2334,8.27,163,46,FALSE,,HOKA Arahi 6 WHITE OUT,activities/10379983686.fit.gz,,,2334,2172,8274.5,5.08,3.81,129,131,650,696.6,12,0,,,91,83,,149,,408,534,,,46,883097,,,,,,,,404,2336,,,0,,1,8570.5,,,,,,,,,,,,,,,,14366253,,,,,,,,,,0,3.545,0,,,,5986,,,,,,,,,,,,,
9701869927,"Aug 22, 2023, 9:59:36 PM",Afternoon Run,Run,,4505,18.06,184,200,FALSE,,HOKA Arahi 6 WHITE OUT,activities/10401831229.fit.gz,,,4505,4458,18059.3,5.858,4.051,228,225,618.8,666.6,23.6,0,,,97,85,,168,,433,1241,,,200,1903120,,,,,,,,437,4506,,,0,,1,18520.7,,,,,,,,,,,,,,,,14366253,,,,,,,,,,0,4.009,5.2,,,,12358,,,,,,,,,,,,,
9708945641,"Aug 23, 2023, 11:34:52 PM",i live at the top of a hill üò†,Run,,3174,12.26,176,98,FALSE,,HOKA Arahi 6 WHITE OUT,activities/10409308060.fit.gz,,,3174,3174,12260.4,4.988,3.863,153,148,623.4,667.2,14.6,0,,,115,83,,157,,404,818,,,98,1282218,,,,,,,,408,3175,0,,0,,1,12495,,,,,,,,,,,,,,,,14366253,,,,,,,,,,0,3.863,397.7,,,,8768,,,,,,,,,,,,,
9714609231,"Aug 24, 2023, 8:44:45 PM",Afternoon Run,Run,,2536,9.89,177,87,FALSE,,HOKA Arahi 6 WHITE OUT,activities/10415310237.fit.gz,,,2536,2536,9889.5,5.166,3.9,145,138,625,688.4,22.7,0,,,88,83,,161,,411,685,,,87,1043178,,,,,,,,414,2537,,,0,,1,10254.6,,,,,,,,,,,,,,,,14366253,,,,,,,,,,0,3.9,1524.3,,,,6968,,,,,,,,,,,,,
9726676698,"Aug 26, 2023, 7:45:29 PM",Afternoon Run,Run,,2405,9.49,177,82,FALSE,,HOKA Arahi 6 WHITE OUT,activities/10428076450.fit.gz,,,2405,2405,9494.7,5.408,3.948,184,186,615.8,687.2,15.9,0,,,90,84,,160,,424,643,,,82,1020679,,,,,,,,431,2406,,,0,,1,9939.6,,,,,,,,,,,,,,,,14366253,,,,,,,,,,0,3.948,0,,,,6722,,,,,,,,,,,,,
9733340567,"Aug 27, 2023, 7:15:14 PM",Halfie,Run,,5390,21.34,184,182,FALSE,,HOKA Arahi 6 WHITE OUT,activities/10435160721.fit.gz,,,5390,5390,21348,5.368,3.961,294,290,626.6,686.6,14.8,0,,,90,83,,160,,415,1416,,,182,2236500,,,,,,,,419,5391,0,,0,,1,21912.1,,,,,,,,,,,,,,,,14366253,,,,,,,,,,0,3.961,193.1,,,,14932,,,,,,,,,,,,,
9739665715,"Aug 28, 2023, 10:20:29 PM",Ran with XCTF Club‚ÄºÔ∏è,Run,,3688,13.88,168,87,FALSE,,HOKA Arahi 6 WHITE OUT,activities/10441824502.fit.gz,,,3688,3614,13880.5,5.316,3.841,135,127,603,647,13.4,0,,,88,83,,151,,407,902,,,87,1469304,,,,,,,,405,3689,0,,0,,1,14133,,,,,,,,,,,,,,,,14366253,,,,,,,,,,0,3.764,0,,,,9964,,,,,,,,,,,,,
9752649373,"Aug 30, 2023, 9:54:23 PM",Afternoon Ride,Ride,,5018,36.59,177,106,FALSE,,,activities/10455606429.fit.gz,,,5018,4891,36591.7,20.76,7.481,800,804,446.4,683.2,30.6,0,,,,,,149,,193,996,,,106,,,,,,,,,,,,,0,,1,,,,,,,,,,,,,,,,,,,,,,,,,,,0,7.292,0,,,,,,,,,,,,,,,,,
9758937499,"Aug 31, 2023, 7:46:05 PM",So nice out,Ride,"I finally didn‚Äôt cramp up past 35 miles. I ate 7 mini cliff bars, a pouch of fruit snacks, 4 water bottles and a Fanta. The key to biking is simply calories.",12659,92.52,166,214,FALSE,,,activities/10462286762.fit.gz,,,12659,11804,92519.5,21.966,7.838,1515,1513,378.2,694.6,19.6,0,,,,,,145,,192,2058,,,214,,,,,,,,,,,0,,0,,1,,,,,,,,,,,,,,,,,,,,,,,,,,,0,7.309,0,,,,,,,,,,,,,,,,,
9764795966,"Sep 1, 2023, 11:05:38 PM",Evening Run,Run,,1949,7.7,165,40,FALSE,,HOKA Arahi 6 WHITE OUT,activities/10468456844.fit.gz,,,1949,1949,7705.9,5.44,3.954,129,130,632.6,686.2,23.1,0,,,90,83,,149,,416,489,,,40,810229,,,,,,,,421,1950,,,0,,1,8029.8,,,,,,,,,,,,,,,,14366253,,,,,,,,,,0,3.954,846.9,,,,5408,,,,,,,,,,,,,
9777142268,"Sep 3, 2023, 4:16:16 PM",Lunch Run,Run,,3696,14.1,172,109,FALSE,,HOKA Arahi 6 WHITE OUT,activities/10481613399.fit.gz,,,3696,3680,14104.3,5.256,3.833,189,188,583,663.8,13.8,0,,,88,84,,157,,399,957,,,109,1470039,,,,,,,,401,3698,,,0,,1,14487.7,,,,,,,,,,,,,,,,14366253,,,,,,,,,,0,3.816,0,,,,10268,,,,,,,,,,,,,
9782580441,"Sep 4, 2023, 4:11:00 PM",i think I‚Äôm sick :/,Run,,1868,6.23,164,27,FALSE,,HOKA Arahi 6 WHITE OUT,activities/10487385692.fit.gz,,,1868,1865,6235.1,4.122,3.343,109,109,629.4,686.8,15.5,0,,,102,82,,143,,355,428,,,27,662765,,,,,,,,361,1870,0,,0,,1,6510.4,,,,,,,,,,,,,,,,14366253,,,,,,,,,,0,3.338,0,,,,5090,,,,,,,,,,,,,
9805027326,"Sep 7, 2023, 9:36:17 PM",Afternoon Run,Run,,4079,16.13,183,170,FALSE,,HOKA Arahi 6 WHITE OUT,activities/10510950445.fit.gz,,,4079,4023,16135.7,5.344,4.011,270,275,633.6,708.4,16.8,0,,,91,83,,166,,423,1103,,,170,1702919,,,,,,,,428,4080,,,0,,1,16790,,,,,,,,,,,,,,,,14366253,,,,,,,,,,0,3.956,249.3,,,,11166,,,,,,,,,,,,,
9810917440,"Sep 8, 2023, 10:18:10 PM",Evening Run,Run,,3104,12.07,177,102,FALSE,,HOKA Arahi 6 WHITE OUT,activities/10517166482.fit.gz,,,3104,2991,12069.7,5.83,4.035,139,137,614.4,666.8,47.2,0,,,93,84,,161,,425,799,,,102,1249839,,,,,,,,422,3106,,,0,,1,12390,,,,,,,,,,,,,,,,14366253,,,,,,,,,,0,3.888,0,,,,8290,,,,,,,,,,,,,
9823541006,"Sep 10, 2023, 3:56:14 PM",Halfieeeee,Run,,5488,21.11,175,149,FALSE,,HOKA Arahi 6 WHITE OUT,activities/10530487660.fit.gz,,,5488,5374,21118,5.412,3.93,267,260,620.4,684.2,14.6,0,,,90,84,,155,,409,1392,,,149,2196115,,,,,,,,410,5490,0,,0,,1,21591.9,,,,,,,,,,,,,,,,14366253,,,,,,,,,,0,3.848,4.6,,,,15048,,,,,,,,,,,,,
9829071764,"Sep 11, 2023, 4:26:16 PM",Lunch Swim,Swim,,2443,"1,509",163,39,FALSE,,,activities/10536360035.fit.gz,,,2443,1561,1508.8,3.266,0.967,0,0,0,0,0,0,,,,23,,133,,,436,,,39,,,,,,,,,,,,,0,,1,,,,,,,,,,,,,,,,,,,,,,,,,,,0,0.618,0,,,,,,,,,,,,,,,,,
9838068000,"Sep 12, 2023, 10:14:22 PM",First practice with the tri club,Ride,Can‚Äôt wait for some races üòà,3487,31.53,175,57,FALSE,,,activities/10545770758.fit.gz,,,3487,3487,31530.3,15.192,9.042,300,304,451.8,503.4,11.8,0,,,,,,143,,194,655,,,57,,,,,,,,,,,0,,0,,1,,,,,,,,,,,,,,,,,,,,,,,,,,,0,9.042,0,,,,,,,,,,,,,,,,,
9838069660,"Sep 12, 2023, 11:14:20 PM",Brickkkkkk üß±,Run,After buke,1241,4.76,171,30,FALSE,,HOKA Arahi 6 WHITE OUT,activities/10545772427.fit.gz,,,1241,1241,4760.3,4.908,3.836,43,54,455,503.4,12.4,-0.2,,,89,85,,151,,390,318,,,30,483930,,,,,,,,392,1242,0,,0,,1,4822.2,,,,,,,,,,,,,,,,14366253,,,,,,,,,,0,3.836,0,,,,3484,,,,,,,,,,,,,
9842574510,"Sep 13, 2023, 4:42:32 PM",Lunch Run,Run,,2382,9.31,173,67,FALSE,,HOKA Arahi 6 WHITE OUT,activities/10550524205.fit.gz,,,2382,2350,9318.5,5.88,3.965,154,151,622.6,687.4,19.5,0,,,90,84,,156,,418,625,,,67,982055,,,,,,,,419,2384,,,0,,1,9679.1,,,,,,,,,,,,,,,,14366253,,,,,,,,,,0,3.912,920.4,,,,6572,,,,,,,,,,,,,
9850983092,"Sep 14, 2023, 10:06:08 PM",Evening Run,Run,,4266,14.68,187,119,FALSE,,HOKA Arahi 6 WHITE OUT,activities/10559282677.fit.gz,,,4266,3650,14679.7,6.716,4.022,35,36,626.6,640,18.8,0,,,96,84,,160,,398,955,,,119,1448592,,,,,,,,404,3868,,,0,,1,14771.6,,,,,,,,,,,,,,,,14366253,,,,,,,,,,0,3.441,0,,,,10118,,,,,,,,,,,,,
9856498022,"Sep 15, 2023, 8:24:49 PM",Afternoon Ride,Ride,,6795,30.01,156,20,FALSE,,,activities/10565079679.fit.gz,,,6795,4770,30018.5,16.825,6.293,463,444,550.6,660.4,24.2,0.1,,,,,,116,,124,577,,,20,,,,,,,,,,,,,0,,1,,,,,,,,,,,,,,,,,,,,,,,,,,,0,4.418,31,,,,,,,,,,,,,,,,,
9856619899,"Sep 15, 2023, 10:30:24 PM",Evening Run,Run,,1262,4.9,186,35,FALSE,,HOKA Arahi 6 WHITE OUT,activities/10565205586.fit.gz,,,1262,1262,4901.6,5.792,3.884,106,106,631.6,678.6,20.1,0,,,89,83,,157,,414,339,,,35,522881,,,,,,,,420,1263,,,0,,1,5220.7,,,,,,,,,,,,,,,,14366253,,,,,,,,,,0,3.884,0,,,,3482,,,,,,,,,,,,,
9867194090,"Sep 17, 2023, 11:32:24 AM",Lead Bike for Hokie Halfff üî•,Ride,Actually really enjoyed being the lead bike üòÇ wish I would‚Äôve raced though‚ÄºÔ∏è,4755,20.66,149,17,FALSE,,,activities/10576336086.fit.gz,,,4755,4220,20660.2,9.828,4.896,199,202,601,660.8,11.4,0,,,,,,118,,65,525,,,17,,,,,,,,,,,0,,0,,1,,,,,,,,,,,,,,,,,,,,,,,,,,,0,4.345,0,,,,,,,,,,,,,,,,,media/F99E1A02-AE2B-42CB-AE7F-0D464A763D55.mp4
9870701948,"Sep 17, 2023, 10:01:42 PM",Deer and Slugs and Deer and Slugs and a rainbow!!,Run,Counted 43 deer on this run it was actually insane. Even more than 43 slugs on the ground. Double rainbow!! And I got chased by a dog.,4656,17.56,161,63,FALSE,,HOKA Arahi 6 WHITE OUT,activities/10580010066.fit.gz,,,4656,4656,17566.6,4.816,3.773,296,298,574,685,16.9,0,,,89,83,,142,,401,1117,,,63,1867338,,,,,,,,410,4657,0,,0,,1,18194.4,,,,,,,,,,,,,,,,14366253,,,,,,,,,,0,3.773,626.2,,,,12830,,,,,,,,,,,,,
9883168949,"Sep 19, 2023, 10:10:24 PM",Evening Ride,Ride,,3466,31.55,170,66,FALSE,,,activities/10593066791.fit.gz,,,3466,3466,31551.2,15.216,9.103,298,305,449.2,503.4,13.3,0,,,,,,145,,196,719,,,66,,,,,,,,,,,,,0,,1,,,,,,,,,,,,,,,,,,,,,,,,,,,0,9.103,0,,,,,,,,,,,,,,,,,
9883170880,"Sep 19, 2023, 11:09:43 PM",Evening Run,Run,,1618,6.45,197,78,FALSE,,HOKA Arahi 6 WHITE OUT,activities/10593068670.fit.gz,,,1618,1618,6455,5.026,3.99,54,66,446.6,503.4,13,-0.2,,,90,85,,172,,408,455,,,78,659908,,,,,,,,408,1619,,,0,,1,6528.8,,,,,,,,,,,,,,,,14366253,,,,,,,,,,0,3.99,0,,,,4554,,,,,,,,,,,,,
9887569020,"Sep 20, 2023, 4:25:11 PM",Lunch Swim,Swim,,2793,"1,829",168,67,FALSE,,,activities/10597683915.fit.gz,,,2793,2016,1828.8,5.168,0.907,0,0,0,0,0,0,,,,23,,142,,,533,,,67,,,,,,,,,,,,,0,,1,,,,,,,,,,,,,,,,,,,,,,,,,,,0,0.655,0,,,,,,,,,,,,,,,,,
9889873370,"Sep 20, 2023, 11:53:23 PM",Evening Pickleball,Workout,just found out my watch tracks this üòÇ,3038,1.15,141,5,FALSE,,,activities/10600061657.fit.gz,,,3038,1763,1149,2.832,0.652,0,7.9,638.7,647.1,8.5,-0.7,,,96,57,,110,,,207,,,5,,,,,,,,,,,0,,0,,1,,,,,,,,,,,,,,,,,,,,,,,,,,,0,0.378,0,,,,,,,,,,,,,,,,,
9898593733,"Sep 22, 2023, 12:50:28 PM",Morning Run,Run,,2168,8.2,170,49,FALSE,,HOKA Arahi 6 WHITE OUT,activities/10609213470.fit.gz,,,2168,2168,8205.1,4.682,3.785,129,128,623.4,688.8,25.7,0,,,89,83,,150,,401,549,,,49,868317,,,,,,,,406,2169,,,0,,1,8521,,,,,,,,,,,,,,,,14366253,,,,,,,,,,0,3.785,945.3,,,,5980,,,,,,,,,,,,,
9904046839,"Sep 23, 2023, 11:35:29 AM",Morning Run,Run,,334,1.21,162,7,FALSE,,HOKA Arahi 6 WHITE OUT,activities/10614939847.fit.gz,,,334,334,1217,4.8,3.644,24,26,93.4,119.4,27.8,0,,,86,83,,149,,390,84,,,7,130522,,,,,,,,383,335,,,0,,1,1289.3,,,,,,,,,,,,,,,,14366253,,,,,,,,,,0,3.644,0,,,,920,,,,,,,,,,,,,
9905238538,"Sep 23, 2023, 12:36:47 PM",Morning Ride,Ride,,4442,37.37,159,22,FALSE,,,activities/10616189128.fit.gz,,,4442,4386,37377.7,15.206,8.522,324,367,82.8,158,17.3,-0.1,,,,,,112,,167,540,,,22,,,,,,,,,,,,,0,,1,,,,,,,,,,,,,,,,,,,,,,,,,,,0,8.415,0,,,,,,,,,,,,,,,,,
9905242819,"Sep 23, 2023, 1:51:16 PM",Tri Run,Run,,2245,9.95,189,134,FALSE,,HOKA Arahi 6 WHITE OUT,activities/10616193517.fit.gz,,,2245,2245,9951.5,7.006,4.433,103,113,78.2,120.4,15.1,-0.1,,,93,87,,176,,449,666,,,134,1008044,,,,,,,,450,2246,,,0,,1,10147.3,,,,,,,,,,,,,,,,14366253,,,,,,,,,,0,4.433,0,,,,6432,,,,,,,,0,,,,,
9920640341,"Sep 25, 2023, 10:29:57 PM",Sick :/,Run,,3075,11.96,172,83,FALSE,,HOKA Arahi 6 WHITE OUT,activities/10632402586.fit.gz,,,3075,3064,11964.5,5.396,3.905,210,215,624.2,705.2,21.7,0,,,89,84,,155,,413,792,,,83,1263633,,,,,,,,419,3077,0,,0,,1,12467.6,,,,,,,,,,,,,,,,14366253,,,,,,,,,,0,3.891,440.7,,,,8536,,,,,,,,,,,,,
9933097814,"Sep 27, 2023, 7:36:23 PM",Afternoon Run,Run,,2563,10.33,176,83,FALSE,,HOKA Arahi 6 WHITE OUT,activities/10645453601.fit.gz,,,2563,2563,10337.6,5.29,4.033,158,160,587.4,660,14.5,0,,,92,84,,159,,423,697,,,83,1085030,,,,,,,,431,2564,,,0,,1,10729.4,,,,,,,,,,,,,,,,14366253,,,,,,,,,,0,4.033,0,,,,7182,,,,,,,,,,,,,
9944377204,"Sep 29, 2023, 4:36:00 PM",Lunch Swim,Swim,,3158,"1,394",168,36,FALSE,,,activities/10657206956.fit.gz,,,3158,1486,1394.5,9.144,0.938,0,0,0,0,0,0,,,,25,,124,,,429,,,36,,,,,,,,,,,,,0,,1,,,,,,,,,,,,,,,,,,,,,,,,,,,0,0.442,0,,,,,,,,,,,,,,,,,
9945216115,"Sep 29, 2023, 7:55:40 PM",Harding x3,Ride,Sorry @[strava://athletes/22938731/12]Hugh Grennan I promise I‚Äôll come to spin class when the weather isn‚Äôt nice üìà,3840,27.34,170,84,FALSE,,,activities/10658081762.fit.gz,,,3840,3840,27342.1,19.268,7.12,699,690,489.6,693.2,19,0,,,,,,149,,200,834,,,84,,,,,,,,,,,0,,0,,1,,,,,,,,,,,,,,,,,,,,,,,,,,,0,7.12,0,,,,,,,,,,,,,,,,,
9959266069,"Oct 1, 2023, 10:27:16 PM",Evening Run,Run,,4414,16.56,163,70,FALSE,,HOKA Arahi 6 WHITE OUT,activities/10672877188.fit.gz,,,4414,4393,16568.4,4.902,3.772,234,222,624,688.6,16.3,0.1,,,89,82,,145,,399,1091,,,70,1743780,,,,,,,,402,4415,,,0,,1,17017.4,,,,,,,,,,,,,,,,14366253,,,,,,,,,,0,3.754,650.6,,,,11916,,,,,,,,,,,,,
9964469344,"Oct 2, 2023, 6:30:15 PM",Afternoon Ride,Ride,,6311,48.82,167,88,FALSE,,,activities/10678345286.fit.gz,,,6311,6130,48823.4,16.637,7.965,881,880,466.8,692.8,20,0,,,,,,140,,193,1091,,,88,,,,,,,,,,,,,0,,1,,,,,,,,,,,,,,,,,,,,,,,,,,,0,7.736,0,,,,,,,,,,,,,,,,,
9969768001,"Oct 3, 2023, 4:21:27 PM",Lunch Swim,Swim,,2263,"1,303",172,35,FALSE,,,activities/10683887508.fit.gz,,,2263,1370,1303,1.906,0.951,0,0,0,0,0,0,,,,26,,130,,,378,,,35,,,,,,,,,,,,,0,,1,,,,,,,,,,,,,,,,,,,,,,,,,,,0,0.576,0,,,,,,,,,,,,,,,,,
9978221777,"Oct 4, 2023, 9:45:26 PM",Afternoon Run,Run,,3689,14.07,195,126,FALSE,,HOKA Arahi 6 WHITE OUT,activities/10692678038.fit.gz,,,3689,3613,14077.5,5.4,3.896,150,149,614.4,664.8,14.1,0,,,92,83,,161,,408,951,,,126,1473180,,,,,,,,407,3690,,,0,,1,14342.4,,,,,,,,,,,,,,,,14366253,,,,,,,,,,0,3.816,195.4,,,,9964,,,,,,,,,,,,,
9989537067,"Oct 6, 2023, 8:00:31 PM",Afternoon Run,Run,,1627,3.49,159,15,FALSE,,HOKA Arahi 6 WHITE OUT,activities/10704471367.fit.gz,,,1627,1075,3494.3,4.376,3.25,46,37,75.6,89.8,15.3,0.1,,,85,80,,142,,348,245,,,15,373262,,,,,,,,324,1330,,,0,,1,3581.3,,,,,,,,,,,,,,,,14366253,,,,,,,,,,0,2.148,0,,,,2866,,,,,,,,,,,,,
9994532347,"Oct 7, 2023, 1:06:16 PM",Pleasant Landing Triathlon Swim Leg,Swim,Swim was cut in half because of weather :/ 13:41,1037,785,122,3,FALSE,,,activities/10709684302.fit.gz,,,1037,919,785,1.45,0.854,0,0,75.9,75.9,0,0,,,165,30,,110,,,110,,24,3,,,,,,,,,,,0,,0,,1,,,,,,,,,,,,,,,,,,,,,,,,,,,0,0.757,0,,,,,,,,,,,,,,,,,
9994532421,"Oct 7, 2023, 1:25:39 PM",Pleasant Landing Triathlon Bike Leg,Ride,1:09:06,4173,38.16,132,9,FALSE,,,activities/10709684543.fit.gz,,,4173,4173,38159.1,13.872,9.144,363.4,359,68.4,108.8,11.2,0,,,,,,93,,199,303,,,9,,,,,,,,,,,0,,0,,1,,,,,,,,,,,,,,,,,,,,,,,,,,,0,9.144,0,,,,,,,,,,,,,,,,,
9994532501,"Oct 7, 2023, 2:36:03 PM",Pleasant Landing Triathlon Run Leg,Run,36:20:00,2608,10.21,181,88,FALSE,,HOKA Arahi 6 WHITE OUT,activities/10709684599.fit.gz,,,2608,2291,10218.5,5.974,4.46,113,101,60.2,86.8,26.4,0,,,94,86,,163,,446,652,,,88,1019765,,,,,,,,443,2609,0,,0,,1,10400.4,,,,,,,,,,,,,,,,14366253,,,,,,,,,,0,3.918,0,,,,6614,,,,,,,,,,,,,
10032318401,"Oct 13, 2023, 4:56:22 PM",Lunch Run,Run,,1781,7.03,174,63,FALSE,,HOKA Arahi 6 WHITE OUT,activities/10748984391.fit.gz,,,1781,1777,7030.6,5.258,3.956,113,103,630.6,672.2,20.5,0.1,,,93,84,,162,,415,489,,,63,736944,,,,,,,,416,1782,,,0,,1,7293.1,,,,,,,,,,,,,,,,14366253,,,,,,,,,,0,3.948,0,,,,4992,,,,,,,,,,,,,
10033489191,"Oct 13, 2023, 8:50:55 PM",Leo‚Äôs first real ride,Ride,,8416,38.39,164,43,FALSE,,,activities/10750203525.fit.gz,,,8416,5851,38389.3,19.694,6.561,578,565,414.8,694.2,19.8,0,,,,,,129,,136,860,,,43,,,,,,,,,,,0,,0,,1,,,,,,,,,,,,,,,,,,,,,,,,,,,0,4.561,49.5,,,,,,,,,,,,,,,,,
10044978403,"Oct 15, 2023, 2:53:16 PM",Slowly (very slowly) turning into a cyclist,Ride,,7811,43.51,166,39,FALSE,,,activities/10762189043.fit.gz,,,7811,6019,43511.4,18.742,7.229,721,700,520,665.6,30.3,0,,,,,,124,,161,793,,,39,,,,,,,,,,,0,,0,,1,,,,,,,,,,,,,,,,,,,,,,,,,,,0,5.571,0,,,,,,,,,,,,,,,,,
10051716533,"Oct 16, 2023, 9:34:06 PM",Afternoon Run,Run,,3949,14.54,182,98,FALSE,,HOKA Arahi 6 WHITE OUT,activities/10769209618.fit.gz,,,3949,3829,14541.9,4.918,3.798,289,276,608.8,687.2,20.3,0,,,93,84,,153,,407,993,,,98,1557495,,,,,,,,411,3951,,,0,,1,15290.1,,,,,,,,,,,,,,,,14366253,,,,,,,,,,0,3.682,0,,,,10686,,,,,,,,,,,,,
10059164264,"Oct 18, 2023, 4:34:20 AM",Midnight run club meeting but I only invited myself,Run,,1804,7.28,178,62,FALSE,,HOKA Arahi 6 WHITE OUT,activities/10776949820.fit.gz,,,1804,1804,7285,4.952,4.038,94,91,624,664.2,27.9,0.1,,,89,85,,160,,421,493,,,62,759339,,,,,,,,424,1805,0,,0,,1,7468.9,,,,,,,,,,,,,,,,14366253,,,,,,,,,,0,4.038,194.1,,,,5098,,,,,,,,,,,,,media/C867B53E-8264-4239-981E-EEA65E78AE1F.jpg
10063459813,"Oct 18, 2023, 7:26:55 PM",Afternoon Swim,Swim,,2889,"1,920",161,61,FALSE,,,activities/10781406435.fit.gz,,,2889,2199,1920.2,1.43,0.873,0,0,0,0,0,0,,,,24,,139,,,550,,,61,,,,,,,,,,,,,0,,1,,,,,,,,,,,,,,,,,,,,,,,,,,,0,0.665,0,,,,,,,,,,,,,,,,,
10069731420,"Oct 19, 2023, 9:11:17 PM",Afternoon Ride,Ride,,6178,48.83,167,83,FALSE,,,activities/10787900817.fit.gz,,,6178,6023,48834,17.456,8.108,884,885,465,693.2,23.5,0,,,,,,140,,199,1024,,,83,,,,,,,,,,,,,0,,1,,,,,,,,,,,,,,,,,,,,,,,,,,,0,7.904,49.1,,,,,,,,,,,,,,,,,
10074950078,"Oct 20, 2023, 11:24:53 PM",Just your normal up the mountain run in the dark on a Friday night,Run,I won or something,1706,4.55,180,45,FALSE,,HOKA Arahi 6 WHITE OUT,activities/10793353858.fit.gz,,,1706,1589,4550.9,6.696,2.864,230,225,591.6,823.2,37.5,0.1,,,95,82,,155,,326,398,,,45,512414,,,,,,,,359,1707,0,,0,,1,5701.1,,,,,,,,,,,,,,,,14366253,,,,,,,,,,0,2.668,4551.5,,,,4222,,,,,,,,,,,,,media/13733C67-214C-4DF8-8B7B-0469394C9E1C.mp4
10080627969,"Oct 21, 2023, 3:26:52 PM",Lunch Hike,Hike,,14227,9.58,138,28,FALSE,,,activities/10799269328.fit.gz,,,14227,10546,9582.1,2.48,0.909,519,513,534.6,939.2,49.6,0,,,112,51,,104,,,1190,,,28,,,,,,,,,,,,,0,,1,,,,,,,,,,,,,,,,,,,,,,,,,,,0,0.674,9452.1,,,,,,,,,,,,,,,,,
10086229299,"Oct 22, 2023, 1:54:52 PM",Morning Ride,Ride,,13024,78.15,189,53,FALSE,,,activities/10805111497.fit.gz,,,13024,10044,78150.7,18.164,7.781,1102,1073,369.6,662.8,35.2,0,,,,,,116,,175,1194,,,53,,,,,,,,,,,0,,0,,1,,,,,,,,,,,,,,,,,,,,,,,,,,,0,6.001,0,,,,,,,,,,,,,,,,,media/EDE7FDC7-4966-4420-B66A-64230A8CEF1C.jpg|media/3D44FB86-3754-4A7B-A8B3-5A3E0E2B4A6C.jpg
10092996813,"Oct 23, 2023, 9:28:35 PM",Afternoon Run,Run,,5077,20.33,178,147,FALSE,,HOKA Arahi 6 WHITE OUT,activities/10812190934.fit.gz,,,5077,5049,20334.1,6.914,4.027,287,281,610,685,20.7,0,,,97,85,,156,,418,1349,,,147,2110523,,,,,,,,424,5079,,,0,,1,21016,,,,,,,,,,,,,,,,14366253,,,,,,,,,,0,4.005,770,,,,14222,,,,,,,,,,,,,
10105888195,"Oct 26, 2023, 4:42:46 AM",im batman,Run,I spent 11 hours working on electromagnetics project today üòê this was stress relief before sleep,1936,7.36,163,38,FALSE,,HOKA Arahi 6 WHITE OUT,activities/10825565021.fit.gz,,,1936,1930,7365.7,4.756,3.816,91,90,624.2,671.8,10.7,0,,,88,83,,148,,399,480,,,38,770504,,,,,,,,400,1937,0,,0,,1,7513,,,,,,,,,,,,,,,,14366253,,,,,,,,,,0,3.805,43,,,,5362,,,,,,,,,,,,,
10109525441,"Oct 26, 2023, 5:37:44 PM",Secret quarry run for today,Run,Threw in a 4x400 at the end for sudo track work. But I don‚Äôt like running in circles so,4250,13.95,185,127,FALSE,,HOKA Arahi 6 WHITE OUT,activities/10829356943.fit.gz,,,4250,3659,13957.8,7.014,3.815,255,242,624.2,699.2,32.7,0,,,107,84,,161,,408,977,,,127,1456303,,,,,,,,399,4109,0,,0,,1,14653.2,,,,,,,,,,,,,,,,14366253,,,,,,,,,,0,3.284,60.7,,,,9986,,,,,,,,,,,,,media/3949F5DC-AE83-46D7-AF08-CF6F6694243D.jpg|media/E440596B-E436-477B-B3BC-85E9E421A970.jpg
10121234403,"Oct 28, 2023, 6:03:23 PM",Spruce Run,Ride,I live in pretty place,10047,79.69,173,194,FALSE,,,activities/10841614071.fit.gz,,,10047,9790,79695,19.938,8.14,1300,1297,506.6,700.2,27.1,0,,,,,,146,,196,1755,,,194,,,,,,,,,,,0,,0,,1,,,,,,,,,,,,,,,,,,,,,,,,,,,0,7.932,0,,,,,,,,,,,,,,,,,media/C5647147-D3EF-474E-8BFD-611C064624B8.jpg|media/73C04F25-CACA-4366-BFAA-4D50C3FED6E5.mp4|media/06D83D48-E3E8-4622-8B51-F1384E0232E6.mp4|media/93720273-FD7E-4C57-9DAF-AF096BC963F6.jpg
10127750445,"Oct 29, 2023, 8:16:10 PM",Afternoon Swim,Swim,,2053,"1,650",144,28,FALSE,,,activities/10848467716.fit.gz,,,2053,2053,1650.1,1.684,0.804,0,0,562.5,562.6,1,0,,,130,29,,132,,,366,,19,28,,,,,,,,,,,,,0,,1,,,,,,,,,,,,,,,,,,,,,,,,,,,0,0.804,0,,,,,,,,,,,,,,,,,
10127993358,"Oct 29, 2023, 10:14:38 PM",Evening Run,Run,,2380,9.37,170,64,FALSE,,HOKA Arahi 6 WHITE OUT,activities/10848728716.fit.gz,,,2380,2380,9369.6,4.862,3.937,108,113,624.8,663.4,15.4,0,,,89,85,,154,,410,621,,,64,976975,,,,,,,,412,2381,,,0,,1,9540.4,,,,,,,,,,,,,,,,14366253,,,,,,,,,,0,3.937,190.9,,,,6704,,,,,,,,,,,,,
10132867705,"Oct 30, 2023, 8:54:11 PM",Afternoon Swim,Swim,,3205,"2,537",164,72,FALSE,,,activities/10853841654.fit.gz,,,3205,2115,2537.5,22.86,1.2,0,0,0,0,0,0,,,,25,,141,,,562,,,72,,,,,,,,,,,,,0,,1,,,,,,,,,,,,,,,,,,,,,,,,,,,0,0.792,0,,,,,,,,,,,,,,,,,
10139893863,"Nov 1, 2023, 5:31:43 AM",Night Teleporting,Run,Traversing the sacred lands,401,1.34,161,7,FALSE,,HOKA Arahi 6 WHITE OUT,activities/10861186992.fit.gz,,,401,349,1344.3,5.06,3.852,26,7,630,658.8,21.2,1.1,,,89,84,,150,,445,101,,,7,151639,,,,,,,,435,402,0,,0,,1,1454.3,,,,,,,,,,,,,,,,14366253,,,,,,,,,,0,3.352,0,,,,950,,,,,,,,,,,,,media/6C1F05EB-1016-4861-B2FC-77318E664F70.mp4|media/2A8A1171-315B-42CD-AD19-A010E3136C1F.mp4|media/0102254C-E7A2-453D-AF66-7E9C0D8BAAB3.mp4
10145505362,"Nov 2, 2023, 12:06:39 AM",Evening Swim,Swim,Tri team swim meet üòé. Pace is so wrong,4150,869,145,31,FALSE,,,activities/10867072245.fit.gz,,,4150,507,868.7,22.86,1.713,0,0,0,0,0,0,,,,24,,114,,,85,,,31,,,,,,,,,,,0,,0,,1,,,,,,,,,,,,,,,,,,,,,,,,,,,0,0.209,0,,,,,,,,,,,,,,,,,
10150047692,"Nov 2, 2023, 8:57:18 PM",Afternoon Run,Run,,2805,11.29,177,78,FALSE,,HOKA Arahi 6 WHITE OUT,activities/10871844982.fit.gz,,,2805,2792,11290.4,5.69,4.044,174,169,585.6,668,17.3,0,,,98,85,,155,,425,738,,,78,1185740,,,,,,,,429,2807,,,0,,1,11712.3,,,,,,,,,,,,,,,,14366253,,,,,,,,,,0,4.025,1429.5,,,,7856,,,,,,,,,,,,,
10155092599,"Nov 3, 2023, 8:07:04 PM",Spin class with instructor Hugh,Ride,Was  a way better workout than I was expecting! HR was UP,3932,0,173,75,FALSE,,,activities/10877139222.fit.gz,,,3932,3932,0,0,0,0,0,0,0,0,0,,,,,,145,,,772,,,75,,,,,,,,,,,0,,0,,1,,,,,,,,,,,,,,,,,,,,,,,,,,,0,0,0,,,,,,,,,,,,,,,,,
10161137976,"Nov 4, 2023, 6:55:41 PM",Hot Sauce Run ü•µ,Run,I did a hot sauce challenge last night and it RUINED my stomach. For reference my friend threw up 3 min in. I made it 10 min without food/drink and beat the challenge and got a shirt. But it made this run awful. Stomach was killing me. None the less we survived,10112,32.23,189,323,FALSE,,HOKA Arahi 6 WHITE OUT,activities/10883487806.fit.gz,,,10112,9057,32235.1,4.876,3.559,470,461,594.4,685.6,28.1,0,,,100,82,,161,,376,2306,,,323,3406361,,,,,,,,377,9395,0,,0,,1,33442.5,,,,,,,,,,,,,,,,14366253,,,,,,,,,,0,3.188,831.1,,,,24746,,,,,,,,,,,,,
10172880696,"Nov 6, 2023, 7:30:45 PM",Afternoon Ride,Ride,,6440,50.62,168,109,FALSE,,,activities/10895843913.fit.gz,,,6440,6230,50628.2,19.472,8.127,829,824,380.6,694.2,27.3,0,,,,,,144,,195,1183,,,109,,,,,,,,,,,,,0,,1,,,,,,,,,,,,,,,,,,,,,,,,,,,0,7.862,17.3,,,,,,,,,,,,,,,,,
10185451887,"Nov 8, 2023, 9:46:19 PM",Afternoon Run,Run,,3517,13.46,172,85,FALSE,,HOKA Arahi 6 WHITE OUT,activities/10908855863.fit.gz,,,3517,3465,13466.8,5.364,3.887,261,257,630.2,705.4,36.1,0,,,93,83,,152,,422,905,,,85,1451602,,,,,,,,427,3519,,,0,,1,14145,,,,,,,,,,,,,,,,14366253,,,,,,,,,,0,3.829,200.1,,,,9556,,,,,,,,,,,,,
10191962294,"Nov 10, 2023, 3:17:06 AM",Got better tonight üìà,Run,hit some nice splits,3593,14.26,187,119,FALSE,,HOKA Arahi 6 WHITE OUT,activities/10915587531.fit.gz,,,3593,3587,14268.2,6.438,3.978,163,156,623.2,666.4,25.9,0,,,98,84,,159,,405,937,,,119,1454082,,,,,,,,419,3594,0,,0,,1,14565.1,,,,,,,,,,,,,,,,14366253,,,,,,,,,,0,3.971,190,,,,10034,,,,,,,,,,,,,
10196541969,"Nov 11, 2023, 12:19:41 AM",Evening Swim,Swim,,1764,"1,440",170,29,FALSE,,,activities/10920336673.fit.gz,,,1764,1526,1440.2,1.204,0.944,0,0,0,0,0,0,,,,24,,130,,,314,,,29,,,,,,,,,,,,,0,,1,,,,,,,,,,,,,,,,,,,,,,,,,,,0,0.816,0,,,,,,,,,,,,,,,,,
10211430514,"Nov 13, 2023, 2:17:23 PM",I was way overdressed for this,Run,Spiked the heart rate,3022,10.88,210,146,FALSE,,HOKA Arahi 6 WHITE OUT,activities/10935849238.fit.gz,,,3022,3009,10887.1,4.918,3.618,243,240,632.8,689.4,27.5,0,,,89,83,,175,,389,870,,,146,1171947,,,,,,,,399,3024,0,,0,,1,11580,,,,,,,,,,,,,,,,14366253,,,,,,,,,,0,3.603,31.3,,,,8322,,,,,,,,,,,,,
10220537927,"Nov 15, 2023, 2:56:08 AM",Night Run,Run,,1805,6.7,158,30,FALSE,,HOKA Arahi 6 WHITE OUT,activities/10945243777.fit.gz,,,1805,1805,6699.6,4.74,3.712,95,97,625.8,666.8,34.1,0,,,88,83,,145,,392,436,,,30,707179,,,,,,,,395,1806,,,0,,1,6893.5,,,,,,,,,,,,,,,,14366253,,,,,,,,,,0,3.712,175.7,,,,4962,,,,,,,,,,,,,
10225787473,"Nov 15, 2023, 8:52:41 PM",Afternoon Ride,Ride,,6220,48.81,161,59,FALSE,,,activities/10950674388.fit.gz,,,6220,6186,48818.6,16.128,7.892,926,921,463,690,21,0,,,,,,133,,196,937,,,59,,,,,,,,,,,,,0,,1,,,,,,,,,,,,,,,,,,,,,,,,,,,0,7.849,6.5,,,,,,,,,,,,,,,,,
10231014024,"Nov 16, 2023, 7:08:43 PM",Met up with my iclicker dealer,Ride,@[strava://athletes/114370512/8]Ben Hart,6659,47.16,165,50,FALSE,,,activities/10956142297.fit.gz,,,6659,6186,47160,21.162,7.624,751,727,532.8,665.2,28.9,0,,,,,,131,,170,905,,,50,,,,,,,,,,,0,,0,,1,,,,,,,,,,,,,,,,,,,,,,,,,,,0,7.082,0,,,,,,,,,,,,,,,,,media/49BB8000-9E29-4E31-A0B8-C9557EA67B23.jpg|media/8BEC3AAB-198C-48AE-BDDC-C2B286388D21.jpg
10231539198,"Nov 16, 2023, 11:08:11 PM",Post bike ride track workout,Run,"3x800, 3x500, 3x300, 800, dropping pace each set, 200 rest each rep.",3143,9.58,171,58,FALSE,,HOKA Arahi 6 WHITE OUT,activities/10956684583.fit.gz,,,3143,2531,9588.9,6.988,3.789,15,16,620.4,628.8,11.2,0,,,107,84,,151,,371,599,,,58,935268,,,,,,,,383,2863,0,,0,,1,9609.3,,,,,,,,,,,,,,,,14366253,,,,,,,,,,0,3.051,0,,,,6972,,,,,,,,,,,,,
10265873822,"Nov 23, 2023, 12:26:12 AM",Hello Georgetown. Hello Rosslyn. Long time no see.,Run,"I saw a guy blasting party music and live-streaming himself fishing with all neon gear, a black light and a ring light. It was a legit operation. I yelled ‚Äúhell yeah‚Äù and he said ‚Äúwhat‚Äôs up man‚Äù",3728,13.36,202,130,FALSE,,HOKA Arahi 6 WHITE OUT,activities/10992377988.fit.gz,,,3728,3659,13363.3,9.672,3.652,121,115,-3.4,54.2,43.3,0,,,90,83,,162,,399,956,,,130,1452491,,,,,,,,402,3701,0,,0,,1,13679.5,,,,,,,,,,,,,,,,14366253,,,,,,,,,,0,3.585,243.9,,,,10104,,,,,,,,,,,,,
10269543825,"Nov 23, 2023, 2:35:02 PM",3rd annual Summerwood Gobble,Run,Walked with dogs this year üî•,1676,3.39,158,8,FALSE,,HOKA Arahi 6 WHITE OUT,activities/10996229088.fit.gz,,,1676,1578,3397.9,3.714,2.153,33,38,99.4,119.4,14.6,-0.1,,,115,70,,123,,204,264,,,8,321644,,,,,,,,237,1677,0,,0,,1,3495.5,,,,,,,,,,,,,,,,14366253,,,,,,,,,,0,2.027,0,,,,3738,,,,,,,,,,,,,media/DF27ECF5-9726-4893-8380-45EDD1B642D0.jpg|media/D26B1AB2-199A-4B36-823C-57D72E2F3719.jpg|media/25712279-1C58-4F05-8928-0C5BBA14C529.jpg|media/2F5FEAAB-F250-4250-B43E-2531A5D77F1F.jpg
10275839240,"Nov 24, 2023, 9:18:33 PM",Ice skating,Ice Skate,i sent 6 toddlers to the hospital. new pr. ran those losers over like soda cans under a pickup truck,3721,4.97,134,7,FALSE,,,activities/11002779915.fit.gz,,,3721,2573,4969.1,4.58,1.931,5,12,-3.8,3.8,12.8,-0.1,,,100,55,,107,,,377,,,7,,,,,,,,,,,0,,0,,1,,,,,,,,,,,,,,,,,,,,,,,,,,,0,1.335,0,,,,1496,,,,,,,,,,,,,
10280237121,"Nov 25, 2023, 4:26:22 PM",Lunch Run,Run,,3123,12.01,193,155,FALSE,,HOKA Arahi 6 WHITE OUT,activities/11007348690.fit.gz,,,3123,3123,12009.3,5.118,3.845,172,178,75,116.4,22.7,0,,,88,83,,171,,405,893,,,155,1264692,,,,,,,,410,3124,,,0,,1,12434.1,,,,,,,,,,,,,,,,14366253,,,,,,,,,,0,3.845,0,,,,8614,,,,,,,,,,,,,
10292309154,"Nov 27, 2023, 10:05:16 PM",Afternoon Run,Run,,3000,11.73,187,121,FALSE,,HOKA Arahi 6 WHITE OUT,activities/11019896781.fit.gz,,,3000,2975,11730.3,5.338,3.943,130,125,622.4,662.2,30,0,,,91,83,,164,,422,815,,,121,1254674,,,,,,,,424,3000,,,0,,1,12017.5,,,,,,,,,,,,,,,,14366253,,,,,,,,,,0,3.91,379.7,,,,8218,,,,,,,,,,,,,
10303534076,"Nov 29, 2023, 9:50:37 PM",Got jumpscared by two raccoons ü¶ù,Run,i was running on a small trail through some woods in the dark with no light and they just jumpscared me. Honestly not cool,4195,15.34,201,140,FALSE,,HOKA Arahi 6 WHITE OUT,activities/11031507167.fit.gz,,,4195,4124,15348.6,6.032,3.722,238,244,621.2,688.6,27.8,0,,,94,82,,161,,391,1060,,,140,1609217,,,,,,,,397,4197,0,,0,,1,16006.5,,,,,,,,,,,,,,,,14366253,,,,,,,,,,0,3.659,567.7,,,,11244,,,,,,,,,,,,,
10309031184,"Dec 1, 2023, 12:04:07 AM",Evening Run,Run,,2370,8.94,167,47,FALSE,,HOKA Arahi 6 WHITE OUT,activities/11037197176.fit.gz,,,2370,2275,8945,5.974,3.932,119,115,614.6,668.6,34.7,0,,,89,84,,148,,413,575,,,47,939977,,,,,,,,411,2372,,,0,,1,9191.1,,,,,,,,,,,,,,,,14366253,,,,,,,,,,0,3.774,0,,,,6314,,,,,,,,,,,,,
10318930221,"Dec 2, 2023, 10:23:14 PM",i‚Äôve got to stop running in the dark with no lights,Run,,4059,16.3,188,105,FALSE,,HOKA Arahi 6 WHITE OUT,activities/11047469815.fit.gz,,,4059,4041,16306.5,5.81,4.035,198,197,622.8,665.6,27.1,0,,,91,84,,153,,420,1046,,,105,1697912,,,,,,,,424,4060,0,,0,,1,16623.1,,,,,,,,,,,,,,,,14366253,,,,,,,,,,0,4.017,189.7,,,,11182,,,,,,,,,,,,,
10324505056,"Dec 3, 2023, 8:04:27 PM",Afternoon Ride,Ride,,7355,45.84,162,32,FALSE,,,activities/11053302168.fit.gz,,,7355,6306,45848.7,22.82,7.271,746,747,434,679,22.8,0,,,,,,116,,162,739,,,32,,,,,,,,,,,,,0,,1,,,,,,,,,,,,,,,,,,,,,,,,,,,0,6.234,0,,,,,,,,,,,,,,,,,
10334404369,"Dec 5, 2023, 5:59:25 PM",Lunch Run,Run,,1757,6.8,170,41,FALSE,,HOKA Arahi 6 WHITE OUT,activities/11063594693.fit.gz,,,1757,1733,6799.2,4.964,3.923,123,116,639.2,687.6,29.3,0.1,,,89,84,,151,,418,446,,,41,724484,,,,,,,,420,1759,,,0,,1,7117.4,,,,,,,,,,,,,,,,14366253,,,,,,,,,,0,3.87,48.6,,,,4804,,,,,,,,,,,,,
10341311335,"Dec 7, 2023, 6:10:39 AM",treadmill speed,Run,late (early) hours,765,3.35,180,27,FALSE,,HOKA Arahi 6 WHITE OUT,activities/11070747800.fit.gz,,,765,765,3349.6,6.17,4.379,0,0,0,0,0,0,,,92,84,,159,,402,201,,,27,307507,,,,,,,,425,766,0,,0,,1,3349.6,,,,,,,,,,,,,,,,14366253,,,,,,,,,,0,4.379,0,,,,2082,,,,,,,,,,,,,
10345131357,"Dec 7, 2023, 9:29:06 PM",Afternoon Run,Run,,2047,8.17,173,53,FALSE,,HOKA Arahi 6 WHITE OUT,activities/11074696744.fit.gz,,,2047,2047,8172.2,5.116,3.992,133,134,616.8,687.6,28.2,0,,,94,85,,152,,415,533,,,53,850468,,,,,,,,422,2048,,,0,,1,8518.9,,,,,,,,,,,,,,,,14366253,,,,,,,,,,0,3.992,1083.2,,,,5764,,,,,,,,,,,,,
10349864582,"Dec 8, 2023, 9:05:37 PM",Afternoon Run,Run,,2720,11.36,180,98,FALSE,,HOKA Arahi 6 WHITE OUT,activities/11079607608.fit.gz,,,2720,2678,11362,5.732,4.243,120,124,608.6,669,30.3,0,,,94,86,,163,,438,747,,,98,1166250,,,,,,,,435,2721,,,0,,1,11588.2,,,,,,,,,,,,,,,,14366253,,,,,,,,,,0,4.177,131.7,,,,7608,,,,,,,,,,,,,
10366397383,"Dec 12, 2023, 1:18:34 AM",i love night runs,Run,,2159,8.28,169,46,FALSE,,HOKA Arahi 6 WHITE OUT,activities/11096957084.fit.gz,,,2159,2143,8286.2,5.402,3.867,175,171,645.8,707.4,23.8,0.1,,,115,84,,150,,418,552,,,46,883275,,,,,,,,425,2150,0,,0,,1,8763,,,,,,,,,,,,,,,,14366253,,,,,,,,,,0,3.838,0,,,,5832,,,,,,,,,,,,,media/746E9403-27ED-4D1D-A70B-2D5EA7403EBE.jpg|media/15F2DC74-6367-471B-9EF7-32487C18B35E.jpg
10376137241,"Dec 13, 2023, 6:53:06 PM",Afternoon Ride,Ride,,8965,51.48,151,18,FALSE,,,activities/11107076250.fit.gz,,,8965,7370,51485.1,22.724,6.986,993,969,453,681,38.9,0,,,,,,96,,170,591,,,18,,,,,,,,,,,,,0,,1,,,,,,,,,,,,,,,,,,,,,,,,,,,0,5.743,51.7,,,,,,,,,,,,,,,,,
10385992243,"Dec 15, 2023, 9:09:38 PM",Afternoon Run,Run,,3811,15.07,174,114,FALSE,,HOKA Arahi 6 WHITE OUT,activities/11117342726.fit.gz,,,3811,3774,15073.4,5.168,3.994,219,225,80.6,124.4,42.3,0,,,89,83,,157,,418,999,,,114,1579396,,,,,,,,423,3777,,,0,,1,15593.3,,,,,,,,,,,,,,,,14366253,,,,,,,,,,0,3.955,0,,,,10380,,,,,,,,,,,,,
10392297465,"Dec 17, 2023, 3:52:29 AM",Night Run,Run,,1655,6.26,181,45,FALSE,,HOKA Arahi 6 WHITE OUT,activities/11123963975.fit.gz,,,1655,1491,6261.6,5.11,4.2,71,87,88.8,126.6,14,-0.3,,,89,85,,157,,434,406,,,45,647467,,,,,,,,424,1656,,,0,,1,6408.2,,,,,,,,,,,,,,,,14366253,,,,,,,,,,0,3.783,0,,,,4176,,,,,,,,,,,,,
10396669525,"Dec 17, 2023, 6:50:11 PM",Afternoon Run,Run,,2595,10.14,176,62,FALSE,,HOKA Arahi 6 WHITE OUT,activities/11128586368.fit.gz,,,2595,2588,10140.8,5.26,3.918,144,163,78,118,17.3,0,,,88,83,,151,,414,659,,,62,1070646,,,,,,,,417,2596,,,0,,1,10458.1,,,,,,,,,,,,,,,,14366253,,,,,,,,,,0,3.908,18.7,,,,7080,,,,,,,,,,,,,
10407211815,"Dec 19, 2023, 10:31:49 PM",iowa sunsets >>>,Run,even in winter,2330,9.45,177,82,FALSE,,HOKA Arahi 6 WHITE OUT,activities/11139549342.fit.gz,,,2330,2330,9455.5,6.648,4.058,86,91,214.8,249.2,35.1,0,,,89,84,,162,,428,637,,,82,996110,,,,,,,,434,2331,0,,0,,1,9617,,,,,,,,,,,,,,,,14366253,,,,,,,,,,0,4.058,0,,,,6492,,,,,,,,,,,,,
10412589792,"Dec 20, 2023, 10:35:20 PM",found the team,Run,"caught up with coaches, some old teammates, and played a game of ultimate frisbee on the football field",8178,14.52,194,140,FALSE,,HOKA Arahi 6 WHITE OUT,activities/11145109491.fit.gz,,,8178,3677,14523.8,5.312,3.95,93,96,231,273.2,21.3,0,,,90,84,,163,,409,1002,,,140,1503430,,,,,,,,402,4036,0,,0,,1,14677.3,,,,,,,,,,,,,,,,14366253,,,,,,,,,,0,1.776,0,,,,10172,,,,,,,,,,,,,
10416284907,"Dec 21, 2023, 7:38:56 PM",Afternoon Run,Run,,1639,6.45,182,54,FALSE,,HOKA Arahi 6 WHITE OUT,activities/11148953834.fit.gz,,,1639,1639,6453.9,4.708,3.938,35,38,238.4,254.4,11.6,0,,,88,84,,160,,405,443,,,54,664512,,,,,,,,404,1640,,,0,,1,6512.9,,,,,,,,,,,,,,,,14366253,,,,,,,,,,0,3.938,0,,,,4556,,,,,,,,,,,,,
10421909269,"Dec 22, 2023, 10:07:01 PM",in the rain with ryan and joel,Run,at least it wasn‚Äôt windy,4101,14.53,177,119,FALSE,,HOKA Arahi 6 WHITE OUT,activities/11154433668.fit.gz,,,4101,3897,14531.2,4.898,3.729,70,74,208.8,235,12,0,,,115,82,,158,,384,1014,,,119,1496608,,,,,,,,380,4102,0,,0,,1,14612.1,,,,,,,,,,,,,,,,14366253,,,,,,,,,,0,3.543,0,,,,10580,,,,,,,,,,,,,
10432251236,"Dec 24, 2023, 8:21:07 PM",big squa,Run,with jack and rine,6895,25.75,215,308,FALSE,,HOKA Arahi 6 WHITE OUT,activities/11165201946.fit.gz,,,6895,6667,25755.8,5.29,3.863,212,207,222.4,268.8,21.1,0,,,88,83,,171,,410,1922,,,308,2732887,,,,,,,,409,6897,0,,0,,1,26141.4,,,,,,,,,,,,,,,,14366253,,,,,,,,,,0,3.735,12492.2,,,,18356,,,,,,,,,,,,,
10436171272,"Dec 25, 2023, 8:40:06 PM",tour de tundra year 4,Run,without the tundra part. just rain this year. üò° with rine,4647,16.14,182,123,FALSE,,HOKA Arahi 6 WHITE OUT,activities/11169324822.fit.gz,,,4647,4259,16139.3,4.652,3.789,133,134,215,264.8,29.5,0,,,88,82,,156,,403,1089,,,123,1718286,,,,,,,,399,4532,0,,0,,1,16381,,,,,,,,,,,,,,,,14366253,,,,,,,,,,0,3.473,422.8,,,,11540,,,,,,,,,,,,,media/2842EC04-53DE-4AFB-B049-F278CE6DA985.jpg
10464381268,"Dec 30, 2023, 5:20:35 PM",Lunch Walk,Walk,,13174,11.21,103,10,FALSE,,,activities/11198603111.fit.gz,,,13174,9755,11211.8,4.964,1.149,135,136,170.4,246.2,49.6,-0.1,,,89,50,,66,,,399,,,10,,,,,,,,,,,,,0,,1,,,,,,,,,,,,,,,,,,,,,,,,,,,0,0.851,1039,,,,14520,,,,,,,,,,,,,
10482281964,"Jan 2, 2024, 7:32:04 PM",just chillin in cedar rapids,Run,just chillin in cedar rapids,9215,32.35,189,340,FALSE,,HOKA Arahi 6 WHITE OUT,activities/11217215116.fit.gz,,,9215,8719,32353.4,5.408,3.711,189,189,208.4,274.4,18.2,0,,,88,83,,164,,384,2213,,,340,3347721,,,,,,,,382,9136,0,,0,,1,32737.5,,,,,,,,,,,,,,,,14366253,,,,,,,,,,0,3.511,886.1,,,,23942,,,,,,,,,,,,,media/9CF5D70D-361D-486B-A894-F91FB3F4A008.mp4|media/7C51E6A1-C175-4992-8433-8CF73990E4EC.jpg|media/D3EBDD07-9BDE-406D-860C-309B21DE28B2.jpg
10515421032,"Jan 8, 2024, 12:26:58 AM",Evening Run,Run,,2249,8.57,205,92,FALSE,,HOKA Arahi 6 WHITE OUT II,activities/11252041030.fit.gz,,,2249,2249,8572.9,4.92,3.812,54,57,225.4,255,9,0,,,88,83,,166,,392,614,,,92,881565,,,,,,,,392,2250,,,0,,1,8645.6,,,,,,,,,,,,,,,,15980925,,,,,,,,,,0,3.812,0,,,,6200,,,,,,,,,,,,,
10521432310,"Jan 8, 2024, 11:16:52 PM",pre snowstorm w/ jack,Run,barely survived the drive home,4727,16.36,184,174,FALSE,,HOKA Arahi 6 WHITE OUT II,activities/11258259092.fit.gz,,,4727,4618,16364.4,4.71,3.544,176,208,195.2,245.2,34.6,0,,,100,82,,164,,392,1196,,,174,1743592,,,,,,,,388,4729,0,,0,,1,16735.8,,,,,,,,,,,,,,,,15980925,,,,,,,,,,0,3.462,2949.8,,,,11962,,,,,,,,,,,,,media/58142D68-492D-41B8-A509-473A4297B9BE.mp4
10534217478,"Jan 10, 2024, 10:43:44 PM",Afternoon Walk,Walk,,2100,1.48,,,FALSE,,,activities/10534217478.gpx,,,2100,1467,1481.7,7.012,1.01,49.6,11.1,209,250.9,39.4,2.6,,,,,,,,,124,,,,,,,,,,,,,,,,0,,1,,,,,,,,,,,,,,,,,,,,,,,,,,,0,0.706,91,,,,1850,,,,,,,,,,,,,
10545740948,"Jan 12, 2024, 7:07:48 PM",i liked this route,Run,parts of town I don‚Äôt visit enough. sprained my ankle pretty bad tho,5683,19.38,186,209,FALSE,,HOKA Arahi 6 WHITE OUT II,activities/11283843821.fit.gz,,,5683,5416,19379.2,6.482,3.578,337,310,-0.2,135.4,34.9,0.1,,,96,82,,163,,396,1404,,,209,2132562,,,,,,,,397,5685,0,,0,,1,20439.7,,,,,,,,,,,,,,,,15980925,,,,,,,,,,0,3.41,1750.1,,,,14670,,,,,,,,,,,,,
10553185752,"Jan 13, 2024, 10:23:09 PM",Afternoon Run,Run,,2098,7.79,167,39,FALSE,,HOKA Arahi 6 WHITE OUT II,activities/11291590125.fit.gz,,,2098,2098,7798.6,4.614,3.717,97,101,83,123.2,19.5,-0.1,,,87,82,,146,,398,503,,,39,833721,,,,,,,,402,2099,,,0,,1,8008.3,,,,,,,,,,,,,,,,15980925,,,,,,,,,,0,3.717,0,,,,5690,,,,,,,,,,,,,
10569578697,"Jan 16, 2024, 1:19:43 PM",Morning Swim,Swim,,2734,"1,463",170,53,FALSE,,,activities/11308681405.fit.gz,,,2734,1769,1463,3.848,0.827,0,0,0,0,0,0,,,,25,,140,,,436,,,53,,,,,,,,,,,,,0,,1,,,,,,,,,,,,,,,,,,,,,,,,,,,0,0.535,0,,,,,,,,,,,,,,,,,
10577320224,"Jan 17, 2024, 5:23:03 PM",ITS SWIM WEEK RAHHHHHHHH,Swim,because i skipped all swimming over break ü´£,2374,"1,852",178,65,FALSE,,,activities/11316666795.fit.gz,,,2374,2046,1851.7,9.144,0.905,0,0,0,0,0,0,,,,24,,144,,,503,,,65,,,,,,,,,,,0,,0,,1,,,,,,,,,,,,,,,,,,,,,,,,,,,0,0.78,0,,,,,,,,,,,,,,,,,
10582239017,"Jan 18, 2024, 1:11:06 PM",Morning Swim,Swim,,3014,"1,669",179,56,FALSE,,,activities/11321802017.fit.gz,,,3014,1730,1668.8,9.74,0.965,0,0,0,0,0,0,,,,25,,135,,,484,,,56,,,,,,,,,,,,,0,,1,,,,,,,,,,,,,,,,,,,,,,,,,,,0,0.554,0,,,,,,,,,,,,,,,,,
10588897886,"Jan 19, 2024, 3:31:45 PM",Cut short because class,Swim,yards are yards are yards are yards,1529,960,161,23,FALSE,,,activities/11328652814.fit.gz,,,1529,1055,960.1,10.288,0.91,0,0,0,0,0,0,,,,24,,134,,,224,,,23,,,,,,,,,,,0,,0,,1,,,,,,,,,,,,,,,,,,,,,,,,,,,0,0.628,0,,,,,,,,,,,,,,,,,
10591189513,"Jan 20, 2024, 12:05:56 AM",Evening Run,Run,,797,3.29,183,41,FALSE,,HOKA Arahi 6 WHITE OUT II,activities/11330993087.fit.gz,,,797,797,3298,5.44,4.138,0,0,0,0,0,0,,,90,82,,172,,404,231,,,41,322275,,,,,,,,412,798,,,0,,1,3293.8,,,,,,,,,,,,,,,,15980925,,,,,,,,,,0,4.138,0,,,,2086,,,,,,,,,,,,,
10597014890,"Jan 20, 2024, 7:36:53 PM",snowburg,Run,,3079,11.21,175,87,FALSE,,HOKA Arahi 6 WHITE OUT II,activities/11336997524.fit.gz,,,3079,3050,11210.6,4.98,3.676,210,212,628.2,702,46,0,,,88,83,,155,,401,775,,,87,1215862,,,,,,,,405,3082,0,,0,,1,11778.1,,,,,,,,,,,,,,,,15980925,,,,,,,,,,0,3.641,194.8,,,,8368,,,,,,,,,,,,,media/E8E105E3-9A13-4316-B3A0-472D99EBF44F.jpg
10602705953,"Jan 21, 2024, 2:18:53 PM",how many bikes can we fit in this apartment,Ride,2 hr trainer ride. matt and joota‚Äôs wifi password is noisyhippo627 don‚Äôt tell anyone,7199,0,163,44,FALSE,,,activities/11342903760.fit.gz,,,7199,7199,0,0,0,0,0,0,0,0,0,,,,,,126,,,938,,,44,,,,,,,,,,,0,,0,,1,,,,,,,,,,,,,,,,,,,,,,,,,,,0,0,0,,,,,,,,,,,,,,,,,media/A7210660-62DE-4BE4-B87A-6E683196E10F.jpg|media/D1400B3A-7691-43DE-B57A-F607FE9B1C93.jpg
10610415807,"Jan 22, 2024, 10:40:11 PM",main stweet lollipop,Run,,3464,12.99,169,88,FALSE,,HOKA Arahi 6 WHITE OUT II,activities/11350820415.fit.gz,,,3464,3441,12998.6,5.07,3.778,181,170,628,668.4,26.7,0,,,87,82,,153,,397,875,,,88,1367001,,,,,,,,402,3465,0,,0,,1,13393.2,,,,,,,,,,,,,,,,15980925,,,,,,,,,,0,3.752,0,,,,9364,,,,,,,,,,,,,
10613608025,"Jan 23, 2024, 1:16:28 PM",pissing off spencer with my awful circle swimming,Swim,gottem,2698,"2,012",170,61,FALSE,,,activities/11354104852.fit.gz,,,2698,2279,2011.7,1.43,0.883,0,0,0,0,0,0,,,,25,,140,,,518,,,61,,,,,,,,,,,0,,0,,1,,,,,,,,,,,,,,,,,,,,,,,,,,,0,0.746,0,,,,,,,,,,,,,,,,,
10621782686,"Jan 24, 2024, 5:31:05 PM",Lunch Swim,Swim,,778,686,171,25,FALSE,,,activities/11362462753.fit.gz,,,778,710,685.8,1.09,0.966,0,0,0,0,0,0,,,,25,,149,,,169,,,25,,,,,,,,,,,,,0,,1,,,,,,,,,,,,,,,,,,,,,,,,,,,0,0.881,0,,,,,,,,,,,,,,,,,
10621784322,"Jan 24, 2024, 5:44:22 PM",Lunch Swim,Swim,,1674,"1,143",164,49,FALSE,,,activities/11362464350.fit.gz,,,1674,1309,1143,1.43,0.873,0,0,0,0,0,0,,,,23,,148,,,354,,,49,,,,,,,,,,,,,0,,1,,,,,,,,,,,,,,,,,,,,,,,,,,,0,0.683,0,,,,,,,,,,,,,,,,,
10635982757,"Jan 26, 2024, 10:15:00 PM","Late start (out of class late, missed bus, flat tire, had to eat)",Ride,completely dark and horrible traffic on prices fork. pretty much worst case biking scenario. but did a small hard climb so that was good. üî• w/ bean ü´ò,4155,26.57,177,47,FALSE,,,activities/11377003178.fit.gz,,,4155,3623,26569.9,18.88,7.334,513,501,566.4,703.2,24,0,,,,,,138,,182,629,,,47,,,,,,,,,,,0,,0,,1,,,,,,,,,,,,,,,,,,,,,,,,,,,0,6.395,0,,,,,,,,,,,,,,,,,
10642447658,"Jan 27, 2024, 7:23:28 PM",Good climbs good pace good run,Run,,4375,17.37,193,165,FALSE,,HOKA Arahi 6 WHITE OUT II,activities/11383718183.fit.gz,,,4375,4356,17376.9,6.176,3.989,379,369,593.2,691.6,21.4,0,,,90,84,,163,,425,1182,,,165,1851171,,,,,,,,437,4377,0,,0,,1,18481.5,,,,,,,,,,,,,,,,15980925,,,,,,,,,,0,3.972,645.1,,,,12136,,,,,,,,,,,,,
10649155507,"Jan 28, 2024, 3:58:44 PM",Morning Ride,Ride,,4996,0,174,95,FALSE,,,activities/11390887633.fit.gz,,,4996,4996,0,0,0,0,0,0,0,0,0,,,,,,147,,,1017,,,95,,,,,,,,,,,,,0,,1,,,,,,,,,,,,,,,,,,,,,,,,,,,0,0,0,,,,,,,,,,,,,,,,,
10655506265,"Jan 29, 2024, 6:14:52 PM",Afternoon Swim,Swim,,3776,"1,897",170,62,FALSE,,,activities/11397433651.fit.gz,,,3776,1957,1897.4,1.906,0.97,0,0,0,0,0,0,,,,24,,137,,,573,,,62,,,,,,,,,,,,,0,,1,,,,,,,,,,,,,,,,,,,,,,,,,,,0,0.502,0,,,,,,,,,,,,,,,,,
10660795849,"Jan 30, 2024, 2:04:38 PM",Morning Run,Run,,3502,13.79,173,99,FALSE,,HOKA Arahi 6 WHITE OUT II,activities/11402861306.fit.gz,,,3502,3484,13797,5.926,3.96,158,159,604.8,670.6,15.6,0,,,95,84,,155,,412,901,,,99,1433738,,,,,,,,414,3503,,,0,,1,14102.8,,,,,,,,,,,,,,,,15980925,,,,,,,,,,0,3.94,320.1,,,,9692,,,,,,,,,,,,,
10669208491,"Jan 31, 2024, 5:34:40 PM",Lunch Swim,Swim,,2577,"1,829",163,59,FALSE,,,activities/11411487189.fit.gz,,,2577,2039,1828.8,1.144,0.897,0,0,0,0,0,0,,,,23,,140,,,505,,,59,,,,,,,,,,,,,0,,1,,,,,,,,,,,,,,,,,,,,,,,,,,,0,0.71,0,,,,,,,,,,,,,,,,,
10676340358,"Feb 1, 2024, 6:24:15 PM",blacksburg: uncharted roads,Run,found a road up a hill. might‚Äôve been private not really sure,3857,15.81,180,106,FALSE,,HOKA Arahi 6 WHITE OUT II,activities/11418788709.fit.gz,,,3857,3784,15809.2,7.724,4.178,273,259,632.6,720.8,20.1,0,,,99,84,,155,,444,987,,,106,1678589,,,,,,,,448,3858,0,,0,,1,16576.3,,,,,,,,,,,,,,,,15980925,,,,,,,,,,0,4.099,3154.8,,,,10558,,,,,,,,,,,,,media/B57EE80D-6604-4772-8926-9F34632595EE.jpg|media/2F48A462-C7AE-41DD-B51E-3127A39E20D4.jpg
10689628940,"Feb 3, 2024, 3:01:59 PM",Race was called ‚ÄúAndrew‚Äôs Gold‚Äù but i did not get the gold,Ride,but i did get better üî•,12838,92.4,174,174,FALSE,,,activities/11432464935.fit.gz,,,12838,11509,92400.8,18.438,8.029,1439,1396,458.8,690.8,21.8,0,,,,,,141,,189,1826,,,174,,,,,,,,,,,0,,0,,1,,,,,,,,,,,,,,,,,,,,,,,,,,,0,7.197,4347.5,,,,,,,,,,,,,,,,,
10701073654,"Feb 5, 2024, 1:21:28 PM",Morning Swim,Swim,,2650,"1,852",161,52,FALSE,,,activities/11444515883.fit.gz,,,2650,2038,1851.7,2.08,0.909,0,0,0,0,0,0,,,,24,,138,,,493,,,52,,,,,,,,,,,,,0,,1,,,,,,,,,,,,,,,,,,,,,,,,,,,0,0.699,0,,,,,,,,,,,,,,,,,
10708089375,"Feb 6, 2024, 2:17:59 PM",Morning Swim,Swim,,2583,"1,760",159,34,FALSE,,,activities/11451720356.fit.gz,,,2583,1982,1760.2,1.906,0.888,0,0,0,0,0,0,,,,24,,129,,,391,,,34,,,,,,,,,,,,,0,,1,,,,,,,,,,,,,,,,,,,,,,,,,,,0,0.681,0,,,,,,,,,,,,,,,,,
10718752325,"Feb 8, 2024, 1:37:48 AM",new trainer,Ride,got new trainer for biking inside. it was so loud that it only lasted 24 min before the downstairs neighbors started banging on their ceiling. i went for a night run instead üò¢,1467,0,136,5,FALSE,,,activities/11462635174.fit.gz,,,1467,1467,0,0,0,0,0,0,0,0,0,,,,,,119,,,208,,,5,,,,,,,,,,,0,,0,,1,,,,,,,,,,,,,,,,,,,,,,,,,,,0,0,0,,,,,,,,,,,,,,,,,
10718929028,"Feb 8, 2024, 2:49:08 AM",Night Run,Run,,2219,9.37,183,89,FALSE,,HOKA Arahi 6 WHITE OUT II,activities/11462817010.fit.gz,,,2219,2177,9377.8,6.425,4.308,117,118,620.2,667.4,21.6,0,,,92,85,,165,,442,611,,,89,961619,,,,,,,,442,2220,,,0,,1,9593.5,,,,,,,,,,,,,,,,15980925,,,,,,,,,,0,4.226,179.7,,,,6108,,,,,,,,,,,,,
10722671397,"Feb 8, 2024, 5:22:48 PM",Lunch Swim,Swim,,2790,"1,852",179,99,FALSE,,,activities/11466678744.fit.gz,,,2790,1655,1851.7,13.716,1.119,0,0,0,0,0,0,,,,25,,153,,,595,,,99,,,,,,,,,,,,,0,,1,,,,,,,,,,,,,,,,,,,,,,,,,,,0,0.664,0,,,,,,,,,,,,,,,,,
10736388494,"Feb 10, 2024, 7:10:24 PM",enjoying myself. mountain man era,Run,mountain man era. shoes did not stay white. grade adjusted avg pace: 6:17 /mi,5491,19.79,184,142,FALSE,,HOKA Arahi 6 WHITE OUT II,activities/11480807363.fit.gz,,,5491,4983,19790.7,7.198,3.972,542,508,580.8,861.6,29.9,0,,,96,84,,156,,434,1336,,,142,2155372,,,,,,,,436,5413,0,,0,,1,21977.5,,,,,,,,,,,,,,,,15980925,,,,,,,,,,0,3.604,7779.6,,,,13816,,,,,,,,,,,,,media/7D67B49A-7916-4BA9-97FB-6054A2027C18.mp4|media/C81BE441-1EAB-48A3-9AA3-1CD120C4D782.jpg|media/07F01C17-523D-44CD-9212-0CD20AB89BC9.jpg
10743608570,"Feb 11, 2024, 7:18:49 PM",got a flat tire and chased by a dog,Ride,"3rd flat in last 2 weeks ü§¨. had to get picked up. dog chased me for solid quarter mile, it was very fast and sounded mean. i‚Äôve been generally very unlucky lately",6270,39.01,164,42,FALSE,,,activities/11488267583.fit.gz,,,6270,4468,39014.4,18.672,8.732,539,734,380,698.2,28.4,-0.5,,,,,,133,,191,692,,,42,,,,,,,,,,,0,,0,,1,,,,,,,,,,,,,,,,,,,,,,,,,,,0,6.222,0,,,,,,,,,,,,,,,,,
10746917322,"Feb 12, 2024, 1:30:05 PM",Morning Swim,Swim,,2395,"1,852",168,41,FALSE,,,activities/11491704369.fit.gz,,,2395,2000,1851.7,1.204,0.926,0,0,0,0,0,0,,,,24,,129,,,417,,,41,,,,,,,,,,,,,0,,1,,,,,,,,,,,,,,,,,,,,,,,,,,,0,0.773,0,,,,,,,,,,,,,,,,,
10753729191,"Feb 13, 2024, 1:13:14 PM",Morning Swim,Swim,pyramid thing. 25 to 200 and down,3215,"2,195",,,FALSE,,,#error#,,,3215,2011,2194.6,1.346,1.091,0,0,0,0,0,0,,,,,,,,,,,,,,,,,,,,,,,0,,0,,1,,,,,,,,,,,,,,,,,,,,,,,,,,,0,0.683,0,,,,,,,,,,,,,,,,,
10760804209,"Feb 14, 2024, 2:40:12 PM",got pooped on by a bird,Run,valentines üíò,2112,8.18,194,107,FALSE,,HOKA Arahi 6 WHITE OUT II,activities/11505988652.fit.gz,,,2112,2036,8179.4,5.394,4.017,144,134,630,694.2,24.4,0.1,,,89,83,,173,,428,584,,,107,872039,,,,,,,,428,2113,0,,0,,1,8596,,,,,,,,,,,,,,,,15980925,,,,,,,,,,0,3.873,1519,,,,5598,,,,,,,,,,,,,
10775866740,"Feb 16, 2024, 9:36:51 PM",instructor hugh spin class,Ride,,2957,0,174,94,FALSE,,,activities/11521467548.fit.gz,,,2957,2957,0,0,0,0,0,0,0,0,0,,,,,,156,,,735,,,94,,,,,,,,,,,0,,0,,1,,,,,,,,,,,,,,,,,,,,,,,,,,,0,0,0,,,,,,,,,,,,,,,,,
10782988262,"Feb 17, 2024, 8:28:08 PM",following random paths with no plan of mileage or pace,Run,,5769,22.66,197,202,FALSE,,HOKA Arahi 6 WHITE OUT II,activities/11528811195.fit.gz,,,5769,5667,22661.2,5.994,3.999,288,281,596.4,667.4,26.9,0,,,112,84,,161,,425,1518,,,202,2407305,,,,,,,,429,5771,0,,0,,1,23461.1,,,,,,,,,,,,,,,,15980925,,,,,,,,,,0,3.928,0,,,,15756,,,,,,,,,,,,,
10789244866,"Feb 18, 2024, 3:26:15 PM",first bike crash ü§ô,Ride,,6797,38.19,157,30,FALSE,,,activities/11535348357.fit.gz,,,6797,4855,38197.2,17.978,7.868,556,666,518.2,694.2,20,-0.3,,,,,,122,,172,649,,,30,,,,,,,,,,,0,,0,,1,,,,,,,,,,,,,,,,,,,,,,,,,,,0,5.62,0,,,,,,,,,,,,,,,,,
10795018366,"Feb 19, 2024, 5:31:47 PM",Lunch Swim,Swim,,2534,"1,852",168,80,FALSE,,,activities/11541332107.fit.gz,,,2534,1975,1851.7,2.08,0.938,0,0,0,0,0,0,,,,25,,150,,,539,,,80,,,,,,,,,,,,,0,,1,,,,,,,,,,,,,,,,,,,,,,,,,,,0,0.731,0,,,,,,,,,,,,,,,,,
10800789352,"Feb 20, 2024, 2:31:25 PM",Morning Run,Run,,2061,7.87,175,61,FALSE,,HOKA Arahi 6 WHITE OUT II,activities/11547266332.fit.gz,,,2061,2061,7871.4,5.282,3.819,202,195,626.4,689.2,23.9,0.1,,,88,82,,156,,411,545,,,61,846443,,,,,,,,422,2062,,,0,,1,8503.2,,,,,,,,,,,,,,,,15980925,,,,,,,,,,0,3.819,0,,,,5658,,,,,,,,,,,,,
10818071456,"Feb 23, 2024, 3:15:28 AM",Night Run,Run,,2822,11.28,180,70,FALSE,,HOKA Arahi 6 WHITE OUT II,activities/11564988354.fit.gz,,,2822,2764,11279.2,5.824,4.081,143,133,624.8,663.4,22.7,0.1,,,90,84,,151,,428,708,,,70,1183514,,,,,,,,428,2823,,,0,,1,11546.8,,,,,,,,,,,,,,,,15980925,,,,,,,,,,0,3.997,316.8,,,,7736,,,,,,,,,,,,,
10822651243,"Feb 23, 2024, 9:15:58 PM",Afternoon Swim,Swim,,1780,"1,349",167,33,FALSE,,,activities/11569719257.fit.gz,,,1780,1478,1348.7,1.144,0.913,0,0,0,0,0,0,,,,25,,134,,,335,,,33,,,,,,,,,,,,,0,,1,,,,,,,,,,,,,,,,,,,,,,,,,,,0,0.758,0,,,,,,,,,,,,,,,,,
10828002201,"Feb 24, 2024, 3:27:03 PM",First Inaugural VT Triathlon Time Trial,Ride,,1241,11.89,122,3,FALSE,,,activities/11575238799.fit.gz,,,1241,1241,11892.5,18.142,9.583,173,172,445,506.8,22.8,0,,,,,,98,,253,115,,,3,,,,,,,,,,,0,,0,,1,,,,,,,,,,,,,,,,,,,,,,,,,,,0,9.583,0,,,,,,,,,,,,,,,,,
10829959901,"Feb 24, 2024, 9:31:36 PM",Afternoon Swim,Swim,,2780,"1,166",163,20,FALSE,,,activities/11577252816.fit.gz,,,2780,1203,1165.9,9.144,0.969,0,0,0,0,0,0,,,,25,,115,,,256,,,20,,,,,,,,,,,,,0,,1,,,,,,,,,,,,,,,,,,,,,,,,,,,0,0.419,0,,,,,,,,,,,,,,,,,
10840706244,"Feb 26, 2024, 1:49:00 PM",Morning Swim,Swim,,2363,"1,829",161,50,FALSE,,,activities/11588489666.fit.gz,,,2363,2026,1828.8,1.634,0.903,0,0,0,0,0,0,,,,24,,139,,,461,,,50,,,,,,,,,,,,,0,,1,,,,,,,,,,,,,,,,,,,,,,,,,,,0,0.774,0,,,,,,,,,,,,,,,,,
10849685419,"Feb 27, 2024, 6:15:08 PM",Afternoon Run,Run,,3716,16.23,181,142,FALSE,,HOKA Arahi 6 WHITE OUT II,activities/11597707188.fit.gz,,,3716,3698,16234.9,6.186,4.39,198,193,586.8,661.6,18,0,,,93,85,,163,,455,1034,,,142,1684127,,,,,,,,458,3717,,,0,,1,16697.5,,,,,,,,,,,,,,,,15980925,,,,,,,,,,0,4.369,1023.2,,,,10452,,,,,,,,,,,,,
10868860356,"Mar 1, 2024, 4:15:47 PM",Wandering,Walk,,1255,0.88,122,2,FALSE,,,activities/11617445997.fit.gz,,,1255,969,882.1,2.89,0.91,60,6,32,90.6,43.5,6.2,,,77,48,,96,,,103,,,2,,,,,,,,,,,0,,0,,1,,,,,,,,,,,,,,,,,,,,,,,,,,,0,0.703,215.6,,,,1096,,,,,,,,,,,,,
10896953936,"Mar 5, 2024, 4:13:36 PM","¬°Explorando
 Madrid!!",Run,,5548,16.31,157,52,FALSE,,HOKA Arahi 6 WHITE OUT II,activities/11652215855.fit.gz,,,5548,4907,16318.1,7.218,3.325,227,220,599.8,688.4,37.5,-0.1,,,100,81,,138,,358,1096,,,52,1744794,,,,,,,,344,5551,0,,0,,1,16940.6,,,,,,,,,,,,,,,,15980925,,,,,,,,,,0,2.941,1815.8,,,,12990,,,,,,,,,,,,,media/F683D80A-017C-42C4-B7FC-B81DBC973C5A.jpg|media/05E45055-7CC5-4427-B811-BA8C7B2A71A6.jpg|media/72BB0179-BDE0-4009-ACAF-B0267C922B80.jpg|media/A33CB6C2-793A-4C20-AB45-453B253BFA83.jpg
10936521518,"Mar 11, 2024, 1:28:07 PM",Morning Run,Run,,2388,8.81,174,48,FALSE,,HOKA Arahi 6 WHITE OUT II,activities/11693788802.fit.gz,,,2388,2307,8818.1,4.788,3.822,189,185,650,698.6,32.8,0,,,87,83,,150,,422,584,,,48,974208,,,,,,,,425,2389,,,0,,1,9332.5,,,,,,,,,,,,,,,,15980925,,,,,,,,,,0,3.693,0,,,,6380,,,,,,,,,,,,,
10944749206,"Mar 12, 2024, 4:52:35 PM",Lunch Run,Run,,2795,10.98,165,59,FALSE,,HOKA Arahi 6 WHITE OUT II,activities/11702286970.fit.gz,,,2795,2789,10985.9,5.638,3.939,225,206,625.2,694.4,25.4,0.1,,,89,83,,150,,416,710,,,59,1160417,,,,,,,,422,2796,,,0,,1,11633.7,,,,,,,,,,,,,,,,15980925,,,,,,,,,,0,3.931,356.7,,,,7720,,,,,,,,,,,,,
10951813619,"Mar 13, 2024, 4:31:19 PM",Lunch Swim,Swim,,1942,"1,486",170,64,FALSE,,,activities/11709580471.fit.gz,,,1942,1615,1485.9,1.76,0.92,0,0,0,0,0,0,,,,25,,150,,,458,,,64,,,,,,,,,,,,,0,,1,,,,,,,,,,,,,,,,,,,,,,,,,,,0,0.765,0,,,,,,,,,,,,,,,,,
10961679435,"Mar 14, 2024, 10:51:10 PM",Evening Run,Run,,3604,16.11,179,161,FALSE,,HOKA Arahi 6 WHITE OUT II,activities/11719745424.fit.gz,,,3604,3552,16117.6,6.112,4.538,188,197,600.8,665.6,23,0,,,93,86,,168,,463,1026,,,161,1645098,,,,,,,,462,3605,,,0,,1,16445.2,,,,,,,,,,,,,,,,15980925,,,,,,,,,,0,4.472,7.1,,,,10116,,,,,,,,,,,,,
10961679560,"Mar 14, 2024, 11:52:18 PM",Evening Run,Run,,292,1.08,160,7,FALSE,,HOKA Arahi 6 WHITE OUT II,activities/11719745596.fit.gz,,,292,292,1080.2,4.368,3.699,21,10,643,660.2,7.9,0.9,,,84,81,,153,,381,77,,,7,111343,,,,,,,,374,293,,,0,,1,1133.8,,,,,,,,,,,,,,,,15980925,,,,,,,,,,0,3.699,0,,,,790,,,,,,,,,,,,,
10967640663,"Mar 15, 2024, 10:08:02 PM",Evening Ride,Ride,,2950,22.7,172,52,FALSE,,,activities/11725906465.fit.gz,,,2950,2878,22708.8,20.01,7.89,397,394,455.2,695.2,17.1,0,,,,,,144,,194,609,,,52,,,,,,,,,,,,,0,,1,,,,,,,,,,,,,,,,,,,,,,,,,,,0,7.698,5.7,,,,,,,,,,,,,,,,,
10975096205,"Mar 16, 2024, 10:14:13 PM",Evening Run,Run,,3020,12.5,174,96,FALSE,,HOKA Arahi 6 WHITE OUT II,activities/11733658035.fit.gz,,,3020,3005,12507,7.884,4.162,133,138,613,659.2,17.2,0,,,89,84,,158,,431,822,,,96,1295875,,,,,,,,433,3021,,,0,,1,12745,,,,,,,,,,,,,,,,15980925,,,,,,,,,,0,4.141,844.5,,,,8434,,,,,,,,,,,,,
10980755450,"Mar 17, 2024, 12:57:00 PM",mission report: no signs of life,Ride,,12773,87.34,164,77,FALSE,,,activities/11739827852.fit.gz,,,12773,11963,87343.9,16.429,7.301,1353,1338,425.6,763.2,23.5,0,,,,,,119,,159,1505,,,77,,,,,,,,,,,0,,0,,1,,,,,,,,,,,,,,,,,,,,,,,,,,,0,6.838,0,,,,,,,,,,,,,,,,,
10989182911,"Mar 18, 2024, 10:04:21 PM",Evening Run,Run,,2293,5.61,156,33,FALSE,,HOKA Arahi 6 WHITE OUT II,activities/11748654940.fit.gz,,,2293,1753,5609.3,5.402,3.2,76,78,612.2,649.4,14.8,0,,,109,80,,145,,338,402,,,33,591958,,,,,,,,329,1963,,,0,,1,5834.9,,,,,,,,,,,,,,,,15980925,,,,,,,,,,0,2.446,0,,,,4690,,,,,,,,,,,,,
10994912729,"Mar 19, 2024, 5:00:12 PM",Afternoon Ride,Ride,,5472,36.82,133,12,FALSE,,,activities/11754606807.fit.gz,,,5472,5085,36823,16.984,7.241,616,579,553.2,682.4,17,0,,,,,,97,,164,438,,,12,,,,,,,,,,,,,0,,1,,,,,,,,,,,,,,,,,,,,,,,,,,,0,6.729,0,,,,,,,,,,,,,,,,,
11005216514,"Mar 21, 2024, 3:11:47 AM",night cap,Run,,1342,5.43,161,32,FALSE,,HOKA Arahi 6 WHITE OUT II,activities/11765140159.fit.gz,,,1342,1342,5435,4.974,4.05,70,62,627.6,667.8,15,0.1,,,88,83,,151,,432,356,,,32,579215,,,,,,,,435,1343,0,,0,,1,5600.6,,,,,,,,,,,,,,,,15980925,,,,,,,,,,0,4.05,0,,,,3722,,,,,,,,,,,,,
11017280470,"Mar 22, 2024, 9:38:32 PM",Afternoon Swim,Swim,,2924,"2,263",163,69,FALSE,,,activities/11777619981.fit.gz,,,2924,2544,2263.1,4.572,0.89,0,0,0,0,0,0,,,,24,,141,,,622,,,69,,,,,,,,,,,,,0,,1,,,,,,,,,,,,,,,,,,,,,,,,,,,0,0.774,0,,,,,,,,,,,,,,,,,
11023575598,"Mar 23, 2024, 6:42:58 PM",Afternoon Run,Run,,3563,14.52,147,26,FALSE,,HOKA Arahi 6 WHITE OUT II,activities/11784112161.fit.gz,,,3563,3560,14524.3,5.756,4.08,199,195,587.2,665.8,19.4,0,,,106,84,,133,,434,787,,,26,1544615,,,,,,,,440,3564,,,0,,1,15031.8,,,,,,,,,,,,,,,,15980925,,,,,,,,,,0,4.076,482.2,,,,9896,,,,,,,,,,,,,
11029078150,"Mar 24, 2024, 1:02:28 PM",Morning Ride,Ride,,7306,48.71,174,55,FALSE,,,activities/11789818677.fit.gz,,,7306,6075,48716.8,17.774,8.019,697,658,381,667.2,18.7,0,,,,,,127,,180,946,,,55,,,,,,,,,,,,,0,,1,,,,,,,,,,,,,,,,,,,,,,,,,,,0,6.668,0,,,,,,,,,,,,,,,,,
11035911707,"Mar 25, 2024, 4:25:42 PM",Lunch Swim,Swim,,2897,"2,057",168,67,FALSE,,,activities/11796872045.fit.gz,,,2897,2239,2057.4,6.604,0.919,0,0,0,0,0,0,,,,25,,141,,,569,,,67,,,,,,,,,,,,,0,,1,,,,,,,,,,,,,,,,,,,,,,,,,,,0,0.71,0,,,,,,,,,,,,,,,,,
11046234466,"Mar 27, 2024, 4:09:48 AM",honestly felt awful during this,Run,"weak and lightheaded. felt like i was going to pass out. that would‚Äôve sucked

update, 1:20am (30 min post run): ate a whole box of strawberries and half bag of granola. now i feel better",2555,9.95,161,56,FALSE,,HOKA Arahi 6 WHITE OUT II,activities/11807884678.fit.gz,,,2555,2555,9955.5,6.21,3.896,128,120,633.2,665.6,24.5,0.1,,,88,83,,149,,411,659,,,56,1050831,,,,,,,,413,2556,0,,0,,1,10205.6,,,,,,,,,,,,,,,,15980925,,,,,,,,,,0,3.896,675.6,,,,7074,,,,,,,,,,,,,
11049699406,"Mar 27, 2024, 4:20:28 PM",Lunch Swim,Swim,,1947,"1,463",170,50,FALSE,,,activities/11811499675.fit.gz,,,1947,1547,1463,2.858,0.946,0,0,0,0,0,0,,,,25,,144,,,437,,,50,,,,,,,,,,,,,0,,1,,,,,,,,,,,,,,,,,,,,,,,,,,,0,0.751,0,,,,,,,,,,,,,,,,,
11052564367,"Mar 28, 2024, 1:06:36 AM",Night Run,Run,,2260,8.32,162,28,FALSE,,HOKA Arahi 6 WHITE OUT II,activities/11814498166.fit.gz,,,2260,2251,8324.8,5.394,3.698,184,180,650.2,706.4,24,0.1,,,89,82,,142,,398,570,,,28,892483,,,,,,,,406,2261,,,0,,1,8833.5,,,,,,,,,,,,,,,,15980925,,,,,,,,,,0,3.684,107.9,,,,6102,,,,,,,,,,,,,
11056484351,"Mar 28, 2024, 4:47:12 PM",Lunch Run,Run,,2735,11,164,52,FALSE,,HOKA Arahi 6 WHITE OUT II,activities/11818572477.fit.gz,,,2735,2695,11001.9,5.588,4.082,165,159,613.2,674.4,19.3,0.1,,,89,84,,148,,438,736,,,52,1179836,,,,,,,,439,2736,,,0,,1,11448.1,,,,,,,,,,,,,,,,15980925,,,,,,,,,,0,4.023,386.5,,,,7506,,,,,,,,,,,,,
11061665195,"Mar 29, 2024, 12:43:17 PM",Morning Swim,Swim,,2350,"1,829",161,50,FALSE,,,activities/11823925691.fit.gz,,,2350,2005,1828.8,1.43,0.912,0,0,0,0,0,0,,,,24,,139,,,499,,,50,,,,,,,,,,,,,0,,1,,,,,,,,,,,,,,,,,,,,,,,,,,,0,0.778,0,,,,,,,,,,,,,,,,,
11064767657,"Mar 29, 2024, 8:03:48 PM",Afternoon Ride,Ride,,5318,35.35,148,26,FALSE,,,activities/11827168399.fit.gz,,,5318,4831,35351.5,18.71,7.318,632,593,533.6,665.2,44.9,0,,,,,,120,,186,681,,,26,,,,,,,,,,,,,0,,1,,,,,,,,,,,,,,,,,,,,,,,,,,,0,6.648,0,,,,,,,,,,,,,,,,,
11071709073,"Mar 30, 2024, 2:07:53 PM",Crashed again,Ride,My body is a canvas of scars in which pavement is the artist,17204,91.72,167,90,FALSE,,,activities/11834846787.fit.gz,,,17204,12944,91725.8,18.608,7.086,1693,1687,423.4,834.2,48.5,0,,,,,,129,,179,1901,,,90,,,,,,,,,,,0,,0,,1,,,,,,,,,,,,,,,,,,,,,,,,,,,0,5.332,1995.7,,,,,,,,,,,,,,,,,media/41E3C22F-481D-4FC0-8F4B-83D98DF86E90.jpg|media/67ED4EC5-43FD-48D7-B764-669B1DE07418.jpg|media/0C07E07A-9FE8-489E-8CB6-86DF6FA34C85.jpg|media/F5B6F84C-2076-4A94-AB7D-D01B5BDC5540.jpg
11079427776,"Mar 31, 2024, 8:23:04 PM",Afternoon Run,Run,,4317,14.55,173,40,FALSE,,HOKA Arahi 6 WHITE OUT II,activities/11843348188.fit.gz,,,4317,4163,14551.4,6.084,3.495,155,167,617.8,680.8,20.5,0,,,91,81,,140,,373,993,,,40,1544858,,,,,,,,378,4318,,,0,,1,14978.9,,,,,,,,,,,,,,,,15980925,,,,,,,,,,0,3.371,14518.8,,,,11214,,,,,,,,,,,,,
11085009021,"Apr 1, 2024, 4:25:06 PM",Lunch Swim,Swim,,2177,"1,554",164,60,FALSE,,,activities/11849291431.fit.gz,,,2177,1716,1554.5,1.76,0.906,0,0,0,0,0,0,,,,23,,148,,,485,,,60,,,,,,,,,,,,,0,,1,,,,,,,,,,,,,,,,,,,,,,,,,,,0,0.714,0,,,,,,,,,,,,,,,,,
11086784024,"Apr 1, 2024, 10:00:58 PM",Evening Run,Run,,1832,3.75,147,7,FALSE,,HOKA Arahi 6 WHITE OUT II,activities/11851176565.fit.gz,,,1832,1174,3758.4,4.476,3.201,52,48,625.6,654.8,47.9,0.2,,,88,80,,130,,340,251,,,7,397573,,,,,,,,314,1588,,,0,,1,3909.3,,,,,,,,,,,,,,,,15980925,,,,,,,,,,0,2.052,0,,,,3086,,,,,,,,,,,,,
11086923087,"Apr 1, 2024, 10:49:53 PM",Evening Run,Run,,1179,5.24,179,43,FALSE,,HOKA Arahi 6 WHITE OUT II,activities/11851322847.fit.gz,,,1179,1171,5240.9,5.524,4.476,61,62,616.8,643.6,10.5,0,,,90,86,,161,,459,340,,,43,537710,,,,,,,,460,1180,,,0,,1,5354.5,,,,,,,,,,,,,,,,15980925,,,,,,,,,,0,4.445,191.7,,,,3328,,,,,,,,,,,,,
11100701113,"Apr 3, 2024, 8:00:44 PM",sick run üò∑,Run,somehow makes me feel better and worse at the same time,2182,8.23,165,44,FALSE,,HOKA Arahi 6 WHITE OUT II,activities/11865676211.fit.gz,,,2182,2169,8229.8,4.84,3.794,172,169,634,688.6,27,0,,,90,83,165,149,,415,561,,,44,900763,,,,,,,,420,2183,0,,0,,1,8778.3,,,,,,,,,,,,,,,,15980925,,,,,,,,,,0,3.772,875,,,,6038,,,468,278,4.047,,,,,,,,
11108672943,"Apr 4, 2024, 11:50:29 PM",Evening Run,Run,,1905,7.14,162,39,FALSE,,HOKA Arahi 6 WHITE OUT II,activities/11873841617.fit.gz,,,1905,1905,7146.6,4.864,3.751,131,143,618,668.6,28.5,-0.1,,,87,82,162,149,,410,488,,,39,780244,,,,,,,,415,1906,,,0,,1,7539.2,,,,,,,,,,,,,,,,15980925,,,,,,,,,,0,3.751,0,,,,5210,,,400,275,3.958,,,,,,,,
11131174085,"Apr 7, 2024, 9:37:21 PM",Afternoon Run,Run,,5938,21.54,170,139,FALSE,,HOKA Arahi 6 WHITE OUT II,activities/11897128376.fit.gz,,,5938,5472,21540.3,5.494,3.936,333,319,611.6,701.8,26.1,0,,,88,83,170,153,,416,1438,,,139,2273989,,,,,,,,415,5725,,,0,,1,22387.4,,,,,,,,,,,,,,,,15980925,,,,,,,,,,0,3.628,390.9,,,,15042,,,1201,275,4.091,,,,,,,,
11135927643,"Apr 8, 2024, 4:40:01 PM",Lunch Swim,Swim,,2151,"1,532",164,59,FALSE,,,activities/11902067549.fit.gz,,,2151,1692,1531.6,1.634,0.905,0,0,0,0,0,0,,,,24,164,147,,,468,,,59,,,,,,,,,,,,,0,,1,,,,,,,,,,,,,,,,,,,,,,,,,,,0,0.712,0,,,,,,,,,,,,,,,,,
11147173364,"Apr 10, 2024, 5:49:04 AM",crime fighting,Run,i‚Äôm batman for sure,1879,8.07,171,59,FALSE,,HOKA Arahi 6 WHITE OUT II,activities/11913562630.fit.gz,,,1879,1879,8072.7,6.09,4.296,90,101,616.6,664.4,26.3,0,,,95,84,171,159,,445,538,,,59,836639,,,,,,,,447,1880,0,,0,,1,8241.8,,,,,,,,,,,,,,,,15980925,,,,,,,,,,0,4.296,183.6,,,,5210,,,457,296,4.386,,,,,,,,
11153936561,"Apr 11, 2024, 12:46:31 AM",Cali baby üå¥,Run,feeling tuned locked and dialed for triathlon nattys,2503,8.25,179,32,FALSE,,HOKA Arahi 6 WHITE OUT II,activities/11920494951.fit.gz,,,2503,2349,8251.6,8.148,3.513,20,20,25,39.8,6.9,0,,,120,81,179,142,,360,569,,,32,846484,,,,,,,,356,2505,0,,0,,1,8294.8,,,,,,,,,,,,,,,,15980925,,,,,,,,,,0,3.297,0,,,,6298,,,387,236,3.531,,,,,,,,media/E7051BA0-A8D6-4BBB-BF7C-5315D751E460.jpg|media/E19652B2-3C67-4CDC-826D-B22D83B1227C.jpg
11160425003,"Apr 11, 2024, 8:21:43 PM",Afternoon Ride,Ride,,5295,27.4,160,34,FALSE,,,activities/11927164039.fit.gz,,,5295,3796,27401.2,17.646,7.218,422,377,207.8,436.8,13.3,0,,,,,160,130,,168,674,,,34,,,,,,,,,,,,,0,,1,,,,,,,,,,,,,,,,,,,,,,,,,,,0,5.175,1239.2,,,,,,,,,,,,,,,,,
11167623770,"Apr 12, 2024, 10:45:04 PM",Afternoon Swim,Swim,,1598,771,141,4,FALSE,,,activities/11934546853.fit.gz,,,1598,1122,771.2,1.458,0.687,0,0,213.3,215.1,19.2,0.1,,,38,27,141,113,,,151,,19,4,,,,,,,,,,,,,0,,1,,,,,,,,,,,,,,,,,,,,,,,,,,,0,0.483,0,,,,,,,,,,,,,,,,,
11182286543,"Apr 14, 2024, 2:16:29 PM",Triathlon Nationals Swim üòà,Swim,Placed 129th overall.,1568,"1,468",133,7,FALSE,,,activities/11949709143.fit.gz,,,1568,1568,1468.1,1.486,0.936,0,0,213.4,214.2,11.8,0,,,41,30,133,119,,,244,,18,7,,,,,,,,,,,0,,0,,1,,,,,,,,,,,,,,,,,,,,,,,,,,,0,0.936,0,,,,,,,,,,,,,,,,,
11182286723,"Apr 14, 2024, 2:44:31 PM",Triathlon nationals bikeeeeee,Ride,Pretty happy with this. Biggggg bike PR. Placed 129th overall in race.,4139,37.67,160,17,FALSE,,,activities/11949709616.fit.gz,,,4139,4139,37675.8,18.98,9.103,512.8,492,239.2,435.6,12,0,,,,,160,103,,231,434,,17,17,,,,,,,,,,,0,,0,,1,,,,,,,,,,,,,,,,,,,,,,,,,,,0,9.103,1418.1,,,,,,,,,,,,,,,,,
11182286907,"Apr 14, 2024, 3:54:52 PM",Triathlon Nationals Runnnnnn,Run,44th overall run timeeeee. 129th overall.,2239,9.83,173,58,FALSE,,HOKA Arahi 6 WHITE OUT II,activities/11949709689.fit.gz,,,2239,2192,9831.1,7.222,4.485,147.6,180,169,268,35.3,-0.4,,,97,86,173,153,,433,621,,,58,949577,,,,,,,,443,2208,0,,0,,1,10160.1,,,,,,,,,,,,,,,,15980925,,,,,,,,,,0,4.391,1195.8,,,,6140,,,527,293,4.635,,,,,,,,
11220451954,"Apr 20, 2024, 1:22:33 AM",Totally sober run up a mountain,Run,,1521,4.5,176,15,FALSE,,HOKA Arahi 6 WHITE OUT II,activities/11988869716.fit.gz,,,1521,1462,4505.3,6.846,3.082,225,224,600.2,825.4,32.7,0,,,97,80,176,135,,342,339,,,15,499240,,,,,,,,369,1522,0,,0,,1,5612.8,,,,,,,,,,,,,,,,15980925,,,,,,,,,,0,2.962,4506.9,,,,3940,,,252,244,3.839,,,,,,,,
11226908430,"Apr 20, 2024, 5:55:53 PM",Cookout quesadilla bike fuel??? new meta?,Ride,i bonked around 45 ü•µ,11645,86.93,176,94,FALSE,,,activities/11995539323.fit.gz,,,11645,10834,86931.7,19.186,8.024,1345,1288,378.4,688.8,22.6,0,,,,,176,126,,194,1584,,,94,,,,,,,,,,,0,,0,,1,,,,,,,,,,,,,,,,,,,,,,,,,,,0,7.465,0,,,,,,,,,,,,,,,,,media/3875A6E2-7DB5-4EAC-897A-1211C8133A53.jpg|media/6B1E3E15-6623-400D-96AD-CC5AB9CDF0DC.jpg|media/83EB9B0D-B6BC-43C0-8A3A-9450B87D832B.jpg
11240378011,"Apr 22, 2024, 4:58:44 PM",Earth day!! üåé üå± üå≥,Run,I just want to be outside all day ü§å,3652,15.28,167,116,FALSE,,HOKA Arahi 6 WHITE OUT II,activities/12009474149.fit.gz,,,3652,3652,15279.1,5.566,4.184,272,264,584.4,667.2,27.2,0,,,91,84,167,159,,442,1034,,,116,1615217,,,,,,,,448,3653,0,,0,,1,16074,,,,,,,,,,,,,,,,15980925,,,,,,,,,,0,4.184,2627.9,,,,10120,,,894,297,4.401,,,,,,,,media/AC86DBD5-9BFF-4057-8507-BB8C53406955.jpg|media/4F3B316D-166A-4F75-8ED4-3F30842E43BF.jpg|media/9A853220-C04A-4B98-8AD1-48D626D4C428.jpg
11247449960,"Apr 23, 2024, 4:25:08 PM",Lunch Swim,Swim,,2024,"1,463",166,32,FALSE,,,activities/12016753033.fit.gz,,,2024,1643,1463,1.09,0.89,0,0,0,0,0,0,,,,25,166,134,,,381,,,32,,,,,,,,,,,,,0,,1,,,,,,,,,,,,,,,,,,,,,,,,,,,0,0.723,0,,,,,,,,,,,,,,,,,
11258901278,"Apr 24, 2024, 11:52:46 PM",Evening Run,Run,,4452,16.4,172,104,FALSE,,HOKA Arahi 6 WHITE OUT II,activities/12028473070.fit.gz,,,4452,4446,16404.8,5.404,3.69,308,306,630.6,704,23.1,0,,,89,81,172,150,,396,1118,,,104,1760760,,,,,,,,403,4453,,,0,,1,17298.1,,,,,,,,,,,,,,,,15980925,,,,,,,,,,0,3.685,370,,,,11970,,,881,267,3.891,,,,,,,,
11265689375,"Apr 26, 2024, 3:34:48 AM",Night Run,Run,,1931,8.05,168,55,FALSE,,HOKA Arahi 6 WHITE OUT II,activities/12035682696.fit.gz,,,1931,1931,8057.6,5.456,4.173,106,99,619.6,665.8,23.7,0.1,,,89,84,168,157,,438,546,,,55,845426,,,,,,,,441,1932,,,0,,1,8294,,,,,,,,,,,,,,,,15980925,,,,,,,,,,0,4.173,186.3,,,,5348,,,457,292,4.295,,,,,,,,
11270989955,"Apr 26, 2024, 7:52:22 PM",Afternoon Ride,Ride,,6713,49.78,163,54,FALSE,,,activities/12041155565.fit.gz,,,6713,6425,49786.6,22.1,7.749,816,815,494.4,656.4,21.3,0,,,,,163,130,,184,1078,,,54,,,,,,,,,,,0,,0,,1,,,,,,,,,,,,,,,,,,,,,,,,,,,0,7.416,1015.2,,,,,,,,,,,,,,,,,
11272357503,"Apr 27, 2024, 3:56:52 AM",joining jack for david goggins challenge. run 2 of 12,Run,4 miles every 4 hours for 48 hours,2265,6.53,140,9,FALSE,,HOKA Arahi 6 WHITE OUT II,activities/12042564421.fit.gz,,,2265,2141,6529.6,3.976,3.05,75,65,620,657.6,16.6,0.1,,,100,79,140,130,,328,450,,,9,696272,,,,,,,,321,2267,0,,0,,1,6744.2,,,,,,,,,,,,,,,,15980925,,,,,,,,,,0,2.883,0,,,,5606,,,285,213,3.15,,,,,,,,
11277628305,"Apr 27, 2024, 4:11:37 PM",chiller miles with the teammmm,Run,,4822,16.48,169,135,FALSE,,HOKA Arahi 6 WHITE OUT II,activities/12048012917.fit.gz,,,4822,4769,16488.6,4.986,3.457,218,215,606.8,680,19.2,0,,,86,81,169,156,,369,1253,,,135,1760987,,,,,,,,371,4824,0,,0,,1,17050,,,,,,,,,,,,,,,,15980925,,,,,,,,,,0,3.419,16490.1,,,,12674,,,809,246,3.575,,,,,,,,
11285238799,"Apr 28, 2024, 1:31:06 PM",eventful ride to say the least,Ride,"2 teammates lost to the forest, my 3rd crash, demon dogs, food trucks and more. i need new brake pads. my body continues to be a canvas of scars. we roll. SORTED‚ÄºÔ∏è",9607,53.18,169,54,FALSE,,,activities/12055802746.fit.gz,,,9607,7757,53188.2,19.528,6.857,1059,1010,502.2,889,32.6,0,,,,,169,126,,171,1234,,,54,,,,,,,,,,,0,,0,,1,,,,,,,,,,,,,,,,,,,,,,,,,,,0,5.536,2533,,,,,,,,,,,,,,,,,media/49C07512-2F7E-4809-A1FF-AA6BF0F5278D.jpg|media/D5CC72EF-AB01-4AEB-BE1F-0BAA35D57EA0.jpg|media/2B97B9A0-7B11-41D4-8158-49B95918F921.jpg|media/7A5D4FB5-7C45-45F2-A77D-4E8058D1C971.jpg
11294900704,"Apr 29, 2024, 9:50:19 PM",pistons are firing,Run,so ready for summer,7246,21.8,172,96,FALSE,,HOKA Arahi 6 WHITE OUT II,activities/12065759665.fit.gz,,,7246,5988,21800.3,5.5,3.641,312,289,619.6,664.6,29.1,0,,,103,82,172,145,,392,1464,,,96,2342813,,,,,,,,390,6698,0,,0,,1,22641.8,,,,,,,,,,,,,,,,15980925,,,,,,,,,,0,3.009,175.7,,,,16368,,,1239,258,3.781,,,,,,,,
11312561647,"May 1, 2024, 11:01:53 PM",Evening Run,Run,,3254,13.09,172,77,FALSE,,HOKA Arahi 6 WHITE OUT II,activities/12083935613.fit.gz,,,3254,3251,13090,5.726,4.026,254,255,626.8,704.6,28.2,0,,,91,83,172,152,,428,869,,,77,1384470,,,,,,,,434,3256,,,0,,1,13854,,,,,,,,,,,,,,,,15980925,,,,,,,,,,0,4.023,484.8,,,,8892,,,617,261,4.261,,,,,,,,
11318856224,"May 2, 2024, 10:45:09 PM",Evening Swim,Swim,,1846,"1,509",168,65,FALSE,,,activities/12090392149.fit.gz,,,1846,1611,1508.8,1.43,0.937,0,0,0,0,0,0,,,,25,168,152,,,477,,,65,,,,,,,,,,,,,0,,1,,,,,,,,,,,,,,,,,,,,,,,,,,,0,0.817,0,,,,,,,,,,,,,,,,,
11325833876,"May 3, 2024, 10:58:33 PM",Evening Run,Run,,3131,13.11,177,92,FALSE,,HOKA Arahi 6 WHITE OUT II,activities/12097556402.fit.gz,,,3131,3131,13111.6,5.938,4.188,215,212,605.4,687.4,22.4,0,,,89,83,177,157,,439,877,,,92,1373476,,,,,,,,447,3132,,,0,,1,13566,,,,,,,,,,,,,,,,15980925,,,,,,,,,,0,4.188,855.5,,,,8672,,,630,269,4.333,,,,,,,,
11340956052,"May 5, 2024, 6:02:28 PM",Afternoon Run,Run,,3003,11.56,169,82,FALSE,,HOKA Arahi 6 WHITE OUT II,activities/12113142131.fit.gz,,,3003,2994,11562.8,5.55,3.862,237,234,608,668,25.4,0,,,87,82,169,155,,412,815,,,82,1234805,,,,,,,,420,3004,,,0,,1,12227,,,,,,,,,,,,,,,,15980925,,,,,,,,,,0,3.85,0,,,,8192,,,534,253,4.084,,,,,,,,
11357570775,"May 8, 2024, 12:43:57 AM",Evening Run,Run,,2560,10.34,175,82,FALSE,,HOKA Arahi 6 WHITE OUT II,activities/12130192970.fit.gz,,,2560,2497,10341.5,5.87,4.142,158,153,630.6,680.6,17.4,0,,,93,83,175,160,,436,714,,,82,1088365,,,,,,,,438,2561,,,0,,1,10690.5,,,,,,,,,,,,,,,,15980925,,,,,,,,,,0,4.04,0,,,,6906,,,495,264,4.281,,,,,,,,
11370930150,"May 9, 2024, 4:37:31 PM",Lunch Swim,Swim,,1117,914,168,31,FALSE,,,activities/12143934260.fit.gz,,,1117,964,914.4,3.81,0.949,0,0,0,0,0,0,,,,24,168,146,,,278,,,31,,,,,,,,,,,,,0,,1,,,,,,,,,,,,,,,,,,,,,,,,,,,0,0.819,0,,,,,,,,,,,,,,,,,
11372604362,"May 9, 2024, 8:41:44 PM",cd,Run,,520,1.47,158,11,FALSE,,HOKA Arahi 6 WHITE OUT II,activities/12145648357.fit.gz,,,520,520,1470.1,3.534,2.827,17,15,619.8,629.8,9.9,0.6,,,81,78,158,149,,299,129,,,11,155246,,,,,,,,296,521,0,,0,,1,1518.3,,,,,,,,,,,,,,,,15980925,,,,,,,,,,0,2.827,0,,,,1358,,,45,178,2.92,,,,,,,,
11397552696,"May 12, 2024, 11:49:31 PM",new shoes,Run,had to break em in,6730,23.57,165,88,FALSE,,HOKA Arahi 6 WHITE OUT II,activities/12171387621.fit.gz,,,6730,6234,23576.8,6.364,3.782,212,187,102.6,155.2,15,0,,,90,82,165,142,,397,1569,,,88,2464237,,,,,,,,389,6732,0,,0,,1,24040.7,,,,,,,,,,,,,,,,15980925,,,,,,,,,,0,3.503,9.2,,,,16746,,,1025,234,3.856,,,,,,,,
11403186587,"May 13, 2024, 5:35:49 PM",loving the dmv traffic ü•∞,Ride,,6931,47.59,157,40,FALSE,,,activities/12177204122.fit.gz,,,6931,6112,47590.9,14.78,7.786,482,452,12.4,120.4,14.3,0,,,,,157,127,,167,960,,,40,,,,,,,,,,,0,,0,,1,,,,,,,,,,,,,,,,,,,,,,,,,,,0,6.866,0,,,,,,,,,,,,,,,,,media/CBA1DB97-575C-4C80-BD53-0CDF3A5B3E1A.jpg|media/CB7AB213-0E22-4739-906F-7B3C5BAC58EE.jpg|media/9976C927-25B9-47FD-8822-7586EC9D9715.jpg
11412123086,"May 14, 2024, 8:46:08 PM","green, overwhelmingly",Run,,3373,12.88,165,74,FALSE,,HOKA Arahi 6 WHITE OUT II,activities/12186360501.fit.gz,,,3373,3373,12884.8,5.536,3.82,198,204,67.4,120.8,28,0,,,87,82,165,149,,409,895,,,74,1380766,,,,,,,,416,3374,0,,0,,1,13358.6,,,,,,,,,,,,,,,,15980925,,,,,,,,,,0,3.82,0,,,,9152,,,589,251,3.96,,,,,,,,media/9FD6DF80-F922-4C32-B64C-7C5CC751A2F7.jpg
11424831676,"May 9, 2024, 7:20:17 PM",Afternoon Run,Run,,4843,9.15,197,45,FALSE,,HOKA Arahi 6 WHITE OUT II,activities/12199426717.fit.gz,,,4843,2231,9149.7,8.924,4.101,72,31,615.2,633.4,12.6,0,,,125,84,197,151,,414,581,,,45,882551,,,,,,,,361,3914,,,0,,1,9383,,,,,,,,,,,,,,,,15980925,,,,,,,,,,0,1.889,0,,,,5868,,,513,217,4.206,,,,,,,,
11425786673,"May 16, 2024, 4:32:28 PM",missed u dc üòò,Run,,3587,13.26,170,97,FALSE,,HOKA Arahi 6 WHITE OUT II,activities/12200404583.fit.gz,,,3587,3499,13264.5,5.906,3.791,119,116,-6.6,38,46.5,0,,,89,82,170,155,,408,948,,,97,1410444,,,,,,,,406,3588,0,,0,,1,13570.7,,,,,,,,,,,,,,,,15980925,,,,,,,,,,0,3.698,735.4,,,,9410,,,597,245,3.878,,,,,,,,
11435584079,"May 18, 2024, 2:42:45 AM",Night Run,Run,,1632,6.2,162,27,FALSE,,HOKA Arahi 6 WHITE OUT II,activities/12210483635.fit.gz,,,1632,1566,6201.6,5.944,3.96,67,74,85.8,121,14.3,-0.1,,,87,82,162,144,,411,407,,,27,643810,,,,,,,,407,1633,,,0,,1,6332.6,,,,,,,,,,,,,,,,15980925,,,,,,,,,,0,3.8,0,,,,4246,,,272,245,4.044,,,,,,,,
11443953193,"May 18, 2024, 4:57:28 PM",Lunch Swim,Swim,,3168,"2,377",154,40,FALSE,,,activities/12219136967.fit.gz,,,3168,2601,2377.4,1.346,0.914,0,0,0,0,0,0,,,,25,154,128,,,570,,,40,,,,,,,,,,,,,0,,1,,,,,,,,,,,,,,,,,,,,,,,,,,,0,0.75,0,,,,,,,,,,,,,,,,,
11452320277,"May 19, 2024, 6:39:05 PM",Afternoon Ride,Ride,,10502,68.08,151,35,FALSE,,,activities/12227793183.fit.gz,,,10502,8791,68085.8,13.718,7.745,469,433,65.8,143.8,17,0,,,,,151,119,,139,1193,,,35,,,,,,,,,,,,,0,,1,,,,,,,,,,,,,,,,,,,,,,,,,,,0,6.483,1559.1,,,,,,,,,,,,,,,,,
11460743148,"May 20, 2024, 10:19:38 PM",Evening Run,Run,,2469,10.23,185,93,FALSE,,HOKA Arahi 6 WHITE OUT II,activities/12236470525.fit.gz,,,2469,2469,10233.3,6.23,4.145,136,136,79,120.6,18.8,0,,,94,82,185,163,,431,715,,,93,1063833,,,,,,,,433,2470,,,0,,1,10542.3,,,,,,,,,,,,,,,,15980925,,,,,,,,,,0,4.145,0,,,,6748,,,467,261,4.27,,,,,,,,
11474239205,"May 22, 2024, 5:13:04 PM",Interesting ride,Ride,Connor‚Äôs bike tire exploded. BOOOO :/,13210,36.95,167,36,FALSE,,,activities/12250320407.fit.gz,,,13210,6241,36950.5,13.86,5.921,405,360,-1.8,120.6,22.1,0,,,,,167,120,,121,943,,,36,,,,,,,,,,,0,,0,,1,,,,,,,,,,,,,,,,,,,,,,,,,,,0,2.797,240.5,,,,,,,,,,,,,,,,,
11482297125,"May 23, 2024, 9:18:39 PM",Afternoon Run,Run,,3754,13.64,176,109,FALSE,,HOKA Arahi 6 WHITE OUT II,activities/12258607473.fit.gz,,,3754,3399,13640.7,6.33,4.013,183,164,91.4,151.8,18,0,,,96,82,176,159,,423,949,,,109,1432438,,,,,,,,407,3756,,,0,,1,14070.3,,,,,,,,,,,,,,,,15980925,,,,,,,,,,0,3.634,0,,,,9172,,,626,245,4.14,,,,,,,,
11495849682,"May 25, 2024, 2:34:14 PM",Morning Run,Run,,3467,12.11,164,62,FALSE,,HOKA Arahi 7,activities/12272602418.fit.gz,,,3467,3333,12114.8,4.822,3.635,133,153,70.8,123.8,23.4,-0.1,,,125,81,164,147,,384,855,,,62,1276041,,,,,,,,380,3468,,,0,,1,12425.8,,,,,,,,,,,,,,,,17896204,,,,,,,,,,0,3.494,330.9,,,,8926,,,504,229,3.728,,,,,,,,
11502284028,"May 26, 2024, 12:01:26 PM",georgetown half marathon,Run,was planning on doing this easy. i changed my mind 7 miles in. placed 3rd,5105,21.17,184,177,FALSE,,HOKA Arahi 7,activities/12279258291.fit.gz,,,5105,5090,21172.9,5.998,4.16,39,39,0,17,12.5,0,,,90,83,184,159,,420,1439,,,177,2135326,,,,,,,,422,5106,0,,0,,1,21234.8,,,,,,,,,,,,,,,,17896204,,,,,,,,,,0,4.147,21179.5,,,,14050,,,915,254,4.172,,,,,,,,media/4524B16B-676F-4EAC-878C-A165A2F047D4.jpg|media/F8AF5248-3458-4240-A249-CA3C3BB7198E.jpg|media/780AEFF1-4855-4D1F-B78C-3E80340A7E1F.jpg|media/6AE980F0-B3AA-4352-9F6E-C44328A41338.jpg
11528046920,"May 29, 2024, 4:41:23 PM",horrible experience,Ride,"got stuck in a thunderstorm during rush hour traffic. rode in the rain for 2 hours. couldn‚Äôt see anything. brakes weren‚Äôt working. hands went numb. some guy pulled up next to me rolled his window down and yelled ‚Äúi hope you get run over.‚Äù so much hate for no good reason. glad I didn‚Äôt get run over by the school buses going 40 in the lane next to me. to end optimistically, saw some new parts of Potomac that were pretty cool and the hot shower/protein shake combo cheered me up.",12702,85.73,156,64,FALSE,,,activities/12305815418.fit.gz,,,12702,10945,85738.6,15.316,7.834,1067,1010,6.8,134.2,23.4,0,,,,,156,123,,179,1518,,,64,,,,,,,,,,,0,,0,,1,,,,,,,,,,,,,,,,,,,,,,,,,,,0,6.75,3.9,,,,,,,,,,,,,,,,,media/3C41897D-AA5A-4A5D-8696-1B566E5248C5.jpg|media/C920C49E-B804-4CC9-8320-B73DF49AA3A3.jpg
11536521248,"May 30, 2024, 10:07:21 PM",Evening Run,Run,,4784,15.95,162,69,FALSE,,HOKA Arahi 7,activities/12314532891.fit.gz,,,4784,4281,15956.4,6.532,3.727,119,98,0.8,30.8,15.5,0,,,89,82,162,144,,394,1063,,,69,1663580,,,,,,,,377,4785,0,,0,,1,16273.3,,,,,,,,,,,,,,,,17896204,,,,,,,,,,0,3.335,88.4,,,,11458,,,685,227,3.801,,,,,,,,media/D8380C6F-6D4C-4103-AA25-BCF244C306D3.jpg
11559872318,"Jun 2, 2024, 10:52:51 PM",Evening Run,Run,,2959,11.33,165,51,FALSE,,HOKA Arahi 7,activities/12338621768.fit.gz,,,2959,2899,11332.9,5.618,3.909,168,168,66,116.2,23.2,0,,,88,82,165,145,,413,752,,,51,1196142,,,,,,,,414,2960,,,0,,1,11767.4,,,,,,,,,,,,,,,,17896204,,,,,,,,,,0,3.83,8.7,,,,7898,,,510,249,4.059,,,,,,,,
11567359242,"Jun 3, 2024, 11:13:45 PM",Evening Run,Run,,2259,8.72,168,61,FALSE,,HOKA Arahi 7,activities/12346326363.fit.gz,,,2259,2248,8721.2,5.456,3.88,97,100,77.4,120,21.1,0,,,89,82,168,154,,403,608,,,61,906493,,,,,,,,405,2260,,,0,,1,8931.4,,,,,,,,,,,,,,,,17896204,,,,,,,,,,0,3.861,0,,,,6150,,,373,244,3.973,,,,,,,,
11575807563,"Jun 4, 2024, 10:29:05 PM",Evening Ride,Ride,,6294,43.46,160,34,FALSE,,,activities/12355002140.fit.gz,,,6294,6065,43468.3,13.064,7.167,384,377,-2.4,103.4,28,0,,,,,160,126,,138,961,,,34,,,,,,,,,,,,,0,,1,,,,,,,,,,,,,,,,,,,,,,,,,,,0,6.906,1111,,,,,,,,,,,,,,,,,
11584805340,"Jun 1, 2024, 12:01:09 PM",Rock Hall Tri Swim,Swim,,1768,"1,528",167,83,FALSE,,,activities/12364233140.fit.gz,,,1768,1768,1528,1.468,0.864,0,0,0,1.7,16.7,0,,,44,29,167,158,,,500,,22,83,,,,,,,,,,,0,,0,,1,,,,,,,,,,,,,,,,,,,,,,,,,,,0,0.864,0,,,,,,,,,,,,,,,,,
11584805379,"Jun 1, 2024, 12:32:45 PM",Rock Hall Tri Ride,Ride,,4194,39.13,157,61,FALSE,,,activities/12364233221.fit.gz,,,4194,4194,39135.1,13.614,9.331,209.4,223,-0.8,32.8,12.3,-0.1,,,,,157,142,,196,676,,23,61,,,,,,,,,,,0,,0,,1,,,,,,,,,,,,,,,,,,,,,,,,,,,0,9.331,0,,,,,,,,,,,,,,,,,
11584805400,"Jun 1, 2024, 1:44:04 PM",Rock Hall Tri Run,Run,,2100,9.74,181,98,FALSE,,HOKA Arahi 7,activities/12364233254.fit.gz,,,2100,2094,9745.9,6.368,4.654,20.2,21,-10.6,2.8,4.4,-0.1,,,93,86,181,169,,449,621,,,98,940079,,,,,,,,456,2069,0,,0,,1,9761.1,,,,,,,,,,,,,,,,17896204,,,,,,,,,,0,4.641,108.9,,,,5806,,,434,275,4.661,,,,,,,,
11592369581,"Jun 6, 2024, 11:15:13 PM",Evening Run,Run,,4107,13.26,173,105,FALSE,,HOKA Arahi 7,activities/12371978966.fit.gz,,,4107,3649,13268.1,5.618,3.636,188,191,70.2,115.4,34.8,0,,,105,81,173,156,,399,974,,,105,1400487,,,,,,,,397,3710,,,0,,1,13767.8,,,,,,,,,,,,,,,,17896204,,,,,,,,,,0,3.231,0,,,,9440,,,589,239,3.773,,,,,,,,
11603201272,"Jun 7, 2024, 7:00:01 PM",Afternoon Run,Run,,1438,5.8,162,37,FALSE,,HOKA Arahi 7,activities/12383137022.fit.gz,,,1438,1438,5804.7,5.196,4.037,51,62,97.4,114.6,18.7,-0.2,,,92,83,162,152,,415,395,,,37,596578,,,,,,,,415,1439,,,0,,1,5892.3,,,,,,,,,,,,,,,,17896204,,,,,,,,,,0,4.037,0,,,,3952,,,249,250,4.098,,,,,,,,
11615467575,"Jun 9, 2024, 8:49:09 PM",Afternoon Run,Run,,5544,23.12,174,174,FALSE,,HOKA Arahi 7,activities/12395804430.fit.gz,,,5544,5540,23122.4,6.236,4.174,125,131,3,53.2,16.4,0,,,90,83,174,158,,434,1546,,,174,2406747,,,,,,,,438,5545,,,0,,1,23374.2,,,,,,,,,,,,,,,,17896204,,,,,,,,,,0,4.171,7.6,,,,15336,,,1072,264,4.219,,,,,,,,
11623433078,"Jun 11, 2024, 12:59:42 AM",Evening Run,Run,,2075,7.88,159,31,FALSE,,HOKA Arahi 7,activities/12403998260.fit.gz,,,2075,2075,7880.2,5.148,3.798,106,99,87.6,128.8,14.7,0.1,,,85,81,159,143,,402,522,,,31,835164,,,,,,,,406,2076,,,0,,1,8114.7,,,,,,,,,,,,,,,,17896204,,,,,,,,,,0,3.798,0,,,,5562,,,345,245,3.911,,,,,,,,
11631148972,"Jun 11, 2024, 10:58:41 PM",Evening Swim,Swim,oof i need to start swimming more again,2692,"1,509",163,24,FALSE,,,activities/12411925381.fit.gz,,,2692,1901,1508.8,1.04,0.794,0,0,0,0,0,0,,,,24,163,124,,,388,,,24,,,,,,,,,,,0,,0,,1,,,,,,,,,,,,,,,,,,,,,,,,,,,0,0.56,0,,,,,,,,,,,,,,,,,
11638882097,"Jun 12, 2024, 9:33:40 PM",Afternoon Run,Run,,2149,8.77,171,64,FALSE,,HOKA Arahi 7,activities/12419863244.fit.gz,,,2149,2149,8769.2,5.264,4.081,117,123,77,119,20.5,0,,,87,82,171,157,,429,601,,,64,921026,,,,,,,,430,2150,,,0,,1,9022.8,,,,,,,,,,,,,,,,17896204,,,,,,,,,,0,4.081,0,,,,5884,,,400,259,4.199,,,,,,,,
11652597180,"Jun 14, 2024, 6:15:22 PM",Afternoon Run,Run,,2193,8.3,173,63,FALSE,,HOKA Arahi 7,activities/12433960054.fit.gz,,,2193,2185,8299.7,6.684,3.798,122,124,80.8,120.4,17.3,0,,,93,82,173,157,,401,598,,,63,874270,,,,,,,,407,2194,,,0,,1,8583.3,,,,,,,,,,,,,,,,17896204,,,,,,,,,,0,3.785,894.6,,,,5930,,,366,245,3.928,,,,,,,,
11662444083,"Jun 15, 2024, 11:11:02 AM",Met up with Jack in Maine,Run,,3238,8.9,133,10,FALSE,,HOKA Arahi 7,activities/12444137127.fit.gz,,,3238,2987,8900.5,3.96,2.98,28,23,4,13.2,22.6,0,,,87,79,133,118,,314,571,,,10,929358,,,,,,,,305,3234,0,,0,,1,8984.8,,,,,,,,,,,,,,,,17896204,,,,,,,,,,0,2.749,25.1,,,,7792,,,303,184,3.008,,,,,,,,media/EF21D4A2-59C6-48D9-8907-6F6415476A22.mp4
11668369557,"Jun 16, 2024, 6:10:44 PM",Beach swim,Swim,,144,105,150,3,FALSE,,,activities/12450266761.fit.gz,,,144,134,105.1,1.15,0.784,0,0,6,8.4,37,-0.5,,,38,28,150,142,,,33,,20,3,,,,,,,,,,,0,,0,,1,,,,,,,,,,,,,,,,,,,,,,,,,,,0,0.73,0,,,,,,,,,,,,,,,,,
11669963359,"Jun 16, 2024, 5:17:48 PM",Beach Run with Campbell. Ogunquit!!,Run,,1415,1.33,150,1,FALSE,,HOKA Arahi 7,activities/12451916013.fit.gz,,,1415,390,1333.8,7.296,3.42,8,1,3.8,11.6,19.2,0.4,,,95,83,150,118,,360,76,,,1,132420,,,,,,,,227,1025,0,,0,,1,1386.3,,,,,,,,,,,,,,,,17896204,,,,,,,,,,0,0.943,0,,,,1010,,,53,137,3.555,,,,,,,,media/3A318D33-54A8-433C-A53F-8D202070AD80.jpg|media/1E69416F-20FA-4FC9-8627-E5AC8584A8A8.jpg|media/3DD9664C-1295-42BB-972F-BA045914FB15.jpg
11686409897,"Jun 17, 2024, 10:39:42 PM",Evening Run,Run,,2556,10.2,180,106,FALSE,,HOKA Arahi 7,activities/12468832571.fit.gz,,,2556,2489,10199.9,6.116,4.098,131,138,93.4,156.8,24.4,0,,,92,81,180,166,,432,724,,,106,1075795,,,,,,,,432,2557,,,0,,1,10491.7,,,,,,,,,,,,,,,,17896204,,,,,,,,,,0,3.991,25.2,,,,6730,,,480,260,4.215,,,,,,,,
11693312964,"Jun 19, 2024, 9:42:12 PM",cul-de-sac city,Run,,4200,16.12,171,139,FALSE,,HOKA Arahi 7,activities/12475932770.fit.gz,,,4200,4184,16124.7,5.156,3.854,248,252,78.4,123.6,21.8,0,,,108,81,171,160,,411,1158,,,139,1722461,,,,,,,,415,4201,0,,0,,1,16730.4,,,,,,,,,,,,,,,,17896204,,,,,,,,,,0,3.839,0,,,,11354,,,729,250,3.999,,,,,,,,
11708141351,"Jun 21, 2024, 11:40:52 PM",Evening Run,Run,,3065,9.35,182,89,FALSE,,HOKA Arahi 7,activities/12491200828.fit.gz,,,3065,2449,9350.9,6.368,3.818,120,115,68.8,126.2,43.3,0,,,88,82,182,162,,401,678,,,89,969454,,,,,,,,392,2854,,,0,,1,9646.3,,,,,,,,,,,,,,,,17896204,,,,,,,,,,0,3.051,1224.2,,,,6578,,,441,236,3.939,,,,,,,,
11714124418,"Jun 22, 2024, 5:17:15 PM",Afternoon Swim,Swim,,1526,"1,006",176,57,FALSE,,,activities/12497372949.fit.gz,,,1526,1138,1005.8,1.906,0.884,0,0,0,0,0,0,,,,25,176,151,,,373,,,57,,,,,,,,,,,0,,0,,1,,,,,,,,,,,,,,,,,,,,,,,,,,,0,0.659,0,,,,,,,,,,,,,,,,,
11720808862,"Jun 23, 2024, 11:08:58 AM",MacArthur loop and bumming around dc,Ride,joota in town üî• rode with some rando french guy for a while,11859,63.37,167,53,FALSE,,,activities/12504281522.fit.gz,,,11859,9945,63377.9,13.545,6.373,436,417,1.6,120.2,28.6,0,,,,,167,122,,113,1270,,,53,,,,,,,,,,,0,,0,,1,,,,,,,,,,,,,,,,,,,,,,,,,,,0,5.344,1764.7,,,,,,,,,,,,,,,,,media/48511BA1-E1A9-46BE-BCE6-A48B0B4DE7D9.jpg|media/9465CD2B-6225-48CA-A00F-E7310D7E8E31.jpg|media/358F3F70-E649-4637-A587-D6BE60B50BE7.mp4|media/0DC3B796-728B-44F8-94E0-4DC9062263CA.mp4|media/3439B1B7-5EF5-492A-AADE-438890AD702A.jpg
11731859662,"Jun 24, 2024, 9:42:18 PM",pre run,Swim,,1185,937,121,3,FALSE,,,activities/12515674516.fit.gz,,,1185,984,937.3,1.634,0.952,0,0,0,0,0,0,,,,25,121,103,,,128,,,3,,,,,,,,,,,0,,0,,1,,,,,,,,,,,,,,,,,,,,,,,,,,,0,0.791,0,,,,,,,,,,,,,,,,,
11731860572,"Jun 24, 2024, 10:25:47 PM",post swim,Run,,2830,11.83,178,113,FALSE,,HOKA Arahi 7,activities/12515675280.fit.gz,,,2830,2697,11830,8.954,4.386,147,145,76.8,120.6,22.9,0,,,107,84,178,166,,458,776,,,113,1235926,,,,,,,,456,2831,0,,0,,1,12162.3,,,,,,,,,,,,,,,,17896204,,,,,,,,,,0,4.18,0,,,,7446,,,594,275,4.51,,,,,,,,
11741231433,"Jun 26, 2024, 1:26:42 AM",Night Run,Run,,1801,7.28,166,44,FALSE,,HOKA Arahi 7,activities/12525174298.fit.gz,,,1801,1801,7284.5,5.536,4.045,55,63,93,114.2,22.7,-0.1,,,86,81,166,152,,422,487,,,44,760273,,,,,,,,423,1802,,,0,,1,7378.8,,,,,,,,,,,,,,,,17896204,,,,,,,,,,0,4.045,0,,,,4860,,,325,255,4.097,,,,,,,,
11747676485,"Jun 26, 2024, 9:08:48 PM",Afternoon Run,Run,,2008,7.62,169,55,FALSE,,HOKA Arahi 7,activities/12531802737.fit.gz,,,2008,1936,7628.7,4.996,3.94,93,100,78.4,116.4,44.8,-0.1,,,85,81,169,156,,412,548,,,55,799999,,,,,,,,413,2009,,,0,,1,7849.7,,,,,,,,,,,,,,,,17896204,,,,,,,,,,0,3.799,0,,,,5326,,,345,249,4.055,,,,,,,,
11756336882,"Jun 28, 2024, 12:38:36 AM",Evening Swim,Swim,,856,709,172,35,FALSE,,,activities/12540719488.fit.gz,,,856,753,708.7,1.76,0.941,0,0,0,0,0,0,,,,25,172,153,,,221,,,35,,,,,,,,,,,0,,0,,1,,,,,,,,,,,,,,,,,,,,,,,,,,,0,0.828,0,,,,,,,,,,,,,,,,,
11763113825,"Jun 28, 2024, 10:03:49 PM",perimeter report,Run,who needs water or nutrition. not me. rawdogged,7058,26.25,170,179,FALSE,,HOKA Arahi 7,activities/12547715814.fit.gz,,,7058,6970,26257.5,6.392,3.767,395,392,56.2,93,29.4,0,,,88,81,170,153,,404,1832,,,179,2813044,,,,,,,,411,7059,0,,0,,1,27263.4,,,,,,,,,,,,,,,,17896204,,,,,,,,,,0,3.72,18.7,,,,18890,,,1203,248,3.912,,,,,,,,media/69B16138-C369-4FE9-82F0-15CEDE760C9A.jpg|media/F2981530-6390-4B95-92F3-C24F517ABD15.jpg
11776324189,"Jun 30, 2024, 2:46:53 PM",le bain,Run,,3866,12.32,171,91,FALSE,,HOKA Arahi 7,activities/12561403450.fit.gz,,,3866,3501,12322.2,7.946,3.52,124,112,4.6,40.2,23.4,0,,,90,82,171,154,,375,896,,,91,1307780,,,,,,,,364,3867,0,,0,,1,12631.7,,,,,,,,,,,,,,,,17896204,,,,,,,,,,0,3.187,1023.4,,,,9512,,,515,219,3.608,,,,,,,,media/4D825466-F624-4465-BFE2-9097573E867B.mp4
11803897470,"Jul 3, 2024, 4:50:47 PM",Lunch Run,Run,,2219,8.35,166,46,FALSE,,HOKA Arahi 7,activities/12589824069.fit.gz,,,2219,2213,8351.6,5.39,3.774,118,119,77.6,113.2,24.7,0,,,88,82,166,149,,401,578,,,46,887765,,,,,,,,404,2220,,,0,,1,8683.6,,,,,,,,,,,,,,,,17896204,,,,,,,,,,0,3.764,126.4,,,,6024,,,364,243,3.924,,,,,,,,
11824697737,"Jul 6, 2024, 7:00:52 PM",Afternoon Swim,Swim,,3234,"1,943",183,159,FALSE,,,activities/12611334570.fit.gz,,,3234,2437,1943.1,1.144,0.797,0,0,0,0,0,0,,,,26,183,160,,,801,,,159,,,,,,,,,,,0,,0,,1,,,,,,,,,,,,,,,,,,,,,,,,,,,0,0.601,0,,,,,,,,,,,,,,,,,
11841630402,"Jul 8, 2024, 9:56:48 PM",97 yum,Run,,4403,15.52,185,158,FALSE,,HOKA Arahi 7,activities/12628859548.fit.gz,,,4403,4059,15524,5.928,3.825,124,115,-2,65,35.1,0,,,86,82,185,162,,405,1108,,,158,1636867,,,,,,,,397,4395,0,,0,,1,15833.2,,,,,,,,,,,,,,,,17896204,,,,,,,,,,0,3.526,805.6,,,,10962,,,697,239,3.901,,,,,,,,
11859622939,"Jul 10, 2024, 9:46:23 PM",Afternoon Run,Run,,3049,11.27,170,81,FALSE,,HOKA Arahi 7,activities/12647415103.fit.gz,,,3049,3041,11271.7,5.126,3.707,138,142,74.6,121.2,14.9,0,,,87,82,170,154,,393,791,,,81,1197485,,,,,,,,397,3050,,,0,,1,11585.4,,,,,,,,,,,,,,,,17896204,,,,,,,,,,0,3.697,0,,,,8332,,,484,239,3.81,,,,,,,,
11882724377,"Jul 13, 2024, 8:05:34 PM",Afternoon Run,Run,,4259,16.1,184,217,FALSE,,HOKA Arahi 7,activities/12671382785.fit.gz,,,4259,4235,16099.7,5.724,3.802,170,169,82.2,126.6,48.1,0,,,88,82,184,171,,398,1197,,,217,1685371,,,,,,,,400,4260,,,0,,1,16450.1,,,,,,,,,,,,,,,,17896204,,,,,,,,,,0,3.78,928,,,,11526,,,687,241,3.884,,,,,,,,
11889335861,"Jul 14, 2024, 2:56:59 PM",heat acclimation ü•µ,Ride,,12721,81.86,170,148,FALSE,,,activities/12678226823.fit.gz,,,12721,11142,81861.7,16.702,7.347,1208,1191,51.4,146.6,49.8,0,,,,,170,139,,162,1940,,,148,,,,,,,,,,,0,,0,,1,,,,,,,,,,,,,,,,,,,,,,,,,,,0,6.435,117,,,,,,,,,,,,,,,,,
11905783123,"Jul 16, 2024, 9:41:05 PM",Afternoon Run,Run,,1500,5.4,166,33,FALSE,,HOKA Arahi 7,activities/12695245883.fit.gz,,,1500,1500,5405.7,4.438,3.604,0,0,0,0,0,0,,,83,79,166,150,,357,365,,,33,536005,,,,,,,,380,1501,0,,0,,1,5405.7,,,,,,,,,,,,,,,,17896204,,,,,,,,,,0,3.604,0,,,,3768,,,218,229,,,,,,,,,
11923899890,"Jul 19, 2024, 12:37:29 AM",Evening Run,Run,,2866,11.07,168,76,FALSE,,HOKA Arahi 7,activities/12714003959.fit.gz,,,2866,2866,11071.5,5.378,3.863,162,166,73,115.8,28.9,0,,,86,81,168,154,,406,744,,,76,1163948,,,,,,,,411,2867,,,0,,1,11466.8,,,,,,,,,,,,,,,,17896204,,,,,,,,,,0,3.863,335.5,,,,7768,,,489,248,4.001,,,,,,,,
11934969276,"Jul 20, 2024, 8:52:55 AM",chill solo marathon,Run,brought more than 1 gel this time‚ÄºÔ∏è still made it to tatum‚Äôs swim meet by 8:30,12610,42.33,176,282,FALSE,,HOKA Arahi 7,activities/12725533937.fit.gz,,,12610,12299,42335.3,5.426,3.442,388,360,3.2,142.4,30.6,0,,,94,82,176,152,,362,2902,,,282,4415682,,,,,,,,362,12611,0,,0,,1,43342.4,1721462400,3,21.4,22.8,19.1,0.87,1019.3,1.1,2.6,176,0,1721469568,1721521792,0.375,,17896204,0.42,5,1,21599,0,,,,,0,3.357,3293,,,,33372,,,1665,218,3.524,,,,,,,,media/95CB2EE4-2471-4BCB-A50E-58DEB4C9C1AA.mp4|media/760D2746-5071-43F0-AAF5-20AB7DCC96B1.mp4|media/EC034B70-F62E-477F-BA76-2B4411807725.jpg|media/80AD4A38-0CD1-4A23-AF94-6B33BB274F0C.jpg
11956115138,"Jul 22, 2024, 11:11:33 PM",photo dump basically,Hike,,1530,1.69,107,2,FALSE,,,activities/12747516140.fit.gz,,,1530,1348,1697.7,1.896,1.259,20,6,35.2,50,9.7,0.6,,,55,50,107,83,,,97,,,2,,,,,,,,,,,0,,0,,1,,1721689216,3,25.5,25.6,21.2,0.77,1014.3,2.8,4.9,135,0.9,1721642496,1721694592,0.625,,,0.9,5,1,19266,0,,,,,0,1.11,1252.6,,,,2714,,,,,,,2714,,,,,,media/D2A34DED-4EF1-4429-BE4F-DC094639014E.jpg|media/099E2378-295C-4C88-9AF0-0457F76B1FA4.mp4|media/1003BAF3-3384-49F4-961B-58CBE9F0606D.jpg|media/6D632A97-6D00-4593-A69A-57EB0D2586DC.jpg|media/1AE2FD5E-3E83-4451-AC45-89A7ED35E853.jpg
11973434965,"Jul 24, 2024, 10:59:44 PM",Evening Swim,Swim,,1451,"1,006",175,35,FALSE,,,activities/12765433900.fit.gz,,,1451,1091,1005.8,1.43,0.922,0,0,0,0,0,0,,,,26,175,146,,,287,,,35,,,,,,,,,,,0,,0,,1,,,,,,,,,,,,,,,,,,,,,,,,,,,0,0.693,0,,,,,,25,,,,,,,,,,,
11989266044,"Jul 26, 2024, 10:06:12 PM",vivarium neighborhood,Run,look it up,3032,12.4,182,115,FALSE,,HOKA Arahi 7,activities/12781888621.fit.gz,,,3032,3032,12400.6,5.588,4.09,106,111,93.2,120.2,10.8,0,,,88,83,182,163,,422,839,,,115,1279198,,,,,,,,424,3033,0,,0,,1,12582.7,1722031232,3,28,28,16.3,0.49,1018.4,1.3,3.2,44,0,1721988352,1722039936,0.625,,17896204,0.18,5,1,37052,1,,,,,0,4.09,0,,,,8330,,,548,255,4.15,,,,,,,,media/DFB3C6E6-DB83-4902-AA30-76CCF81FA56C.jpg|media/783A7BED-51ED-4F74-8DDE-9B7274B339E9.jpg|media/10B6D104-D13F-439A-B88A-76C12A82FF05.jpg|media/90E57501-9689-42B5-A18A-FBD91575A97C.jpg
11998145463,"Jul 27, 2024, 9:28:11 PM",Afternoon Swim,Swim,,2046,"1,486",164,39,FALSE,,,activities/12791159002.fit.gz,,,2046,1611,1485.9,1.906,0.922,0,0,0,0,0,0,,,,25,164,137,,,403,,,39,,,,,,,,,,,0,,0,,1,,,,,,,,,,,,,,,,,,,,,,,,,,,0,0.726,0,,,,,,25,,,,,,,,,,,
12002070306,"Jul 28, 2024, 11:16:13 AM",Morning Ride,Ride,,5886,42.87,156,28,FALSE,,,activities/12795259615.fit.gz,,,5886,5577,42875.9,13.076,7.688,318,315,69,144.2,18.3,0,,,,,156,122,,134,767,,,28,,,,,,,,,,,,,0,,1,,1722164352,1,18.5,20.3,15.8,0.84,1021.1,1.1,2.3,308,0,1722161152,1722212608,0.75,,,0,1,0,22036,0,,,,,0,7.284,3354.1,,,,,,,,,,,,,,,,,
12004883409,"Jul 28, 2024, 5:57:26 PM",Afternoon Swim,Swim,,1628,"1,097",166,24,FALSE,,,activities/12798187186.fit.gz,,,1628,1290,1097.3,1.04,0.851,0,0,0,0,0,0,,,,26,166,130,,,295,,,24,,,,,,,,,,,,,0,,1,,,,,,,,,,,,,,,,,,,,,,,,,,,0,0.674,0,,,,,,25,,,,,,,,,,,
12005312169,"Jul 28, 2024, 7:03:31 PM",Afternoon Run,Run,,1273,5.67,182,56,FALSE,,HOKA Arahi 7,activities/12798632212.fit.gz,,,1273,1265,5675.2,6.258,4.486,63,58,90.6,125,15.4,0.1,,,93,85,182,167,,456,362,,,56,577124,,,,,,,,457,1275,,,0,,1,5832.1,1722193152,2,31.9,33.1,16.6,0.4,1017.9,1.4,3.4,225,0,1722161152,1722212608,0.75,,17896204,0,1,0.46,40042,7,,,,,0,4.458,335.6,,,,3512,,,268,275,4.61,,,,,,,,
12022284006,"Jul 30, 2024, 8:40:02 PM",beach,Run,hit every slide at the waterpark üëø,2467,10.01,182,61,FALSE,,HOKA Arahi 7,activities/12816259140.fit.gz,,,2467,2458,10013.1,6.01,4.074,19,21,-7,5.8,29.7,0,,,94,82,182,154,,415,647,,,61,1018260,,,,,,,,418,2468,0,,0,,1,10065.2,1722369536,8,28.3,28.7,22.1,0.69,1014.3,7.1,12.5,184,0.1,1722333696,1722384768,0.875,,17896204,0.29,5,0.11,24624.2,5,,,,,0,4.059,3494,,,,6700,,,435,252,4.095,,,,,,,,
12030667596,"Jul 31, 2024, 4:57:01 PM",beach (bike),Ride,,13678,82.47,158,87,FALSE,,,activities/12824965511.fit.gz,,,13678,10314,82476.4,13.893,7.997,262,262,-4.8,19.6,43.8,0,,,,,158,132,,151,1751,,,87,,,,,,,,,,,0,,0,,1,,1722441600,1,26.2,26.9,23.1,0.83,1013.9,5.1,7.9,196,0.2,1722420096,1722471040,0.875,,,0.54,5,0.2,18792,8,,,,,0,6.03,100.7,,,,,,,,,,,,,,,,,media/510E0239-C191-42D2-9F71-E580B5D998C5.jpg|media/D2A1A7E6-AF79-42CC-9326-29F634556EBD.mp4|media/C7E00E5A-D90C-4023-BC50-FF3EFB8DEAAB.mp4|media/D77F2CBE-502A-405B-9981-198082EBA3C4.jpg
12039061399,"Aug 1, 2024, 8:53:08 PM",Afternoon Swim,Swim,,1572,"1,052",166,26,FALSE,,,activities/12833704862.fit.gz,,,1572,1108,1051.6,1.524,0.949,0,0,0,0,0,0,,,,26,166,137,,,281,,,26,,,,,,,,,,,,,0,,1,,,,,,,,,,,,,,,,,,,,,,,,,,,0,0.669,0,,,,,,25,,,,,,,,,,,
12039218974,"Aug 1, 2024, 9:27:33 PM",post swim,Run,,1768,6.79,172,57,FALSE,,HOKA Arahi 7,activities/12833867145.fit.gz,,,1768,1732,6790.7,5.182,3.921,78,80,78.2,126,13.4,0,,,90,82,172,160,,411,468,,,57,711737,,,,,,,,408,1769,0,,0,,1,6971.4,1722546048,3,34.1,34.5,21.5,0.48,1013.1,1.7,4.2,236,0,1722507008,1722557952,0.875,,17896204,0.34,5,0.99,34950,3,,,,,0,3.841,0,,,,4726,,,297,246,4.025,,,,,,,,
12046923308,"Aug 2, 2024, 8:52:49 PM",Afternoon Ride,Ride,,4104,21.17,146,12,FALSE,,,activities/12841897776.fit.gz,,,4104,3520,21172.7,10.058,6.015,147,141,-0.4,18.8,30.1,0,,,,,146,115,,96,429,,,12,,,,,,,,,,,,,0,,1,,1722628864,1,35.9,37.7,22.1,0.45,1008.6,4.1,9.4,231,0,1722593408,1722644224,0.875,,,0.52,5,0.01,40396,5,,,,,0,5.159,70.7,,,,,,,,,,,,,,,,,
12071273206,"Aug 5, 2024, 5:15:33 PM",Afternoon Ride,Ride,,7616,50.3,168,101,FALSE,,,activities/12867387055.fit.gz,,,7616,6714,50307.3,15.77,7.493,735,703,20,128.2,40.2,0,,,,,168,141,,172,1233,,,101,,,,,,,,,,,,,0,,1,,1722877184,1,32.6,34.2,20.2,0.48,1016.8,1.8,4.6,242,0,1722852736,1722903296,0.125,,,0.49,5,0.36,37446,9,,,,,0,6.605,1651,,,,,,,,,,,,,,,,,
12080480206,"Aug 6, 2024, 7:00:04 PM",Afternoon Run,Run,,1351,5.24,172,37,FALSE,,HOKA Arahi 7,activities/12877011920.fit.gz,,,1351,1348,5247.7,5.57,3.893,54,54,34.2,47.6,15.3,0,,,85,81,172,155,,406,360,,,37,548876,,,,,,,,405,1352,,,0,,1,5386,1722970752,2,33.7,34.9,23.4,0.55,1011.9,2.8,4.7,194,0,1722939264,1722989696,0.125,,17896204,0.53,5,0.56,33113,7,,,,,0,3.884,0,,,,3650,,,223,244,3.996,,,,,,,,
12090602999,"Aug 7, 2024, 9:49:55 PM",Afternoon Run,Run,,4240,16.12,177,156,FALSE,,HOKA Arahi 7,activities/12887577126.fit.gz,,,4240,4227,16120.4,5.774,3.814,232,227,70.6,124,23.3,0,,,87,81,177,162,,401,1148,,,156,1696021,,,,,,,,403,4241,,,0,,1,16733.4,1723064448,3,28.3,28.1,23.2,0.74,1010.7,3.5,7,113,1.2,1723025792,1723075968,0.125,,17896204,0.8,5,1,17920,3,,,,,0,3.802,0,,,,11436,,,694,243,3.959,,,,,,,,
12099503204,"Aug 9, 2024, 12:29:09 AM",swim cooldown,Swim,,485,293,158,13,FALSE,,,activities/12896879720.fit.gz,,,485,465,292.5,1.328,0.629,5.1,5.1,-0.4,11.6,5,0,,,33,27,158,147,,,115,,30,13,,,,,,,,,,,0,,0,,1,,1723161600,1,30,30.4,24.9,0.74,1009.7,4.5,7.5,230,0,1723114624,1723162496,0.125,,,0.51,5,0.31,24288,0,,,,,0,0.603,0,,,,,,,,,,,,,,,,,
12099551668,"Aug 8, 2024, 11:38:19 PM",st pete burg,Run,,2886,11.3,176,108,FALSE,,HOKA Arahi 7,activities/12896929432.fit.gz,,,2886,2862,11299.2,5.26,3.948,18,25,-1,14.2,10.4,-0.1,,,88,82,176,163,,401,779,,,108,1147226,,,,,,,,401,2873,0,,0,,1,11337.9,1723158016,1,30.8,32,25.4,0.73,1009.2,4.7,7.8,236,0,1723114624,1723162496,0.125,,17896204,0.35,5,0.24,23305,1,,,,,0,3.915,233.7,,,,7738,,,466,242,3.962,,,,,,,,
12107328791,"Aug 10, 2024, 1:13:36 AM",Anananana Mariaiaia Island,Run,drowning in my sweat üòã,2406,9.13,169,64,FALSE,,HOKA Arahi 7,activities/12905132006.fit.gz,,,2406,2406,9129.4,5.208,3.794,16,15,-5.8,3.2,7.6,0,,,104,81,169,153,,387,619,,,64,930592,,,,,,,,386,2407,0,,0,,1,9174.5,1723251584,3,29.7,30.3,25.4,0.78,1015.1,5.3,7.4,212,0.2,1723201152,1723248768,0.125,,17896204,0.31,5,1,20529,0,,,,,0,3.794,69.8,,,,6500,,,362,233,3.813,,,,,,,,
12122364793,"Aug 11, 2024, 5:07:02 PM",Afternoon Swim,Swim,,257,221,166,4,FALSE,,,activities/12920935270.fit.gz,,,257,257,221.1,1.622,0.86,0,0,0,0,0,0,,,44,28,166,135,,,54,,31,4,,,,,,,,,,,0,,0,,1,,1723395584,1,29.7,31.9,25,0.76,1018.3,3.1,4.7,221,0.1,1723373952,1723421568,0.125,,,0.32,5,0.03,23749,9,,,,,0,0.86,0,,,,,,,,,,,,,,,,,
12122366383,"Aug 11, 2024, 5:18:01 PM",beach barefoot,Run,begging for blisters,1677,6.47,178,70,FALSE,,HOKA Arahi 7,activities/12920936843.fit.gz,,,1677,1677,6474.9,4.558,3.861,8,11,0.2,6.2,16.3,0,,,88,85,178,166,,388,460,,,70,650385,,,,,,,,386,1678,0,,0,,1,6500.3,1723395584,1,29.7,31.9,25,0.76,1018.3,3.1,4.7,221,0.1,1723373952,1723421568,0.125,,17896204,0.32,5,0.03,23749,9,,,,,0,3.861,0,,,,4716,,,252,233,3.876,,,,,,,,
12122366730,"Aug 11, 2024, 5:48:03 PM",Afternoon Swim,Swim,,191,152,152,3,FALSE,,,activities/12920937255.fit.gz,,,191,191,152,1.328,0.796,0,0,1.4,1.4,0,0,,,32,26,152,139,,,43,,33,3,,,,,,,,,,,0,,0,,1,,1723395584,1,29.7,31.9,25,0.76,1018.3,3.1,4.7,221,0.1,1723373952,1723421568,0.125,,,0.32,5,0.03,23749,9,,,,,0,0.796,152,,,,,,,,,,,,,,,,,
12124125984,"Aug 11, 2024, 11:04:13 PM",double,Run,very chafed from running in wet swimming trunks earlier. also stepped in a fire ant mound while stretching. feeling pain,1734,6.58,169,48,FALSE,,HOKA Arahi 7,activities/12922790912.fit.gz,,,1734,1681,6581.9,5.654,3.915,1,9,2.8,15.6,6.4,-0.2,,,87,83,169,157,,400,440,,,48,660734,,,,,,,,390,1736,0,,0,,1,6580.9,1723417216,3,30,30.8,24.8,0.74,1016.5,2.9,4,263,0,1723373952,1723421440,0.125,,17896204,0.51,5,1,22118,0,,,,,0,3.796,0,,,,4550,,,266,235,3.915,,,,,,,,
12141436348,"Aug 13, 2024, 10:19:29 PM",orchestra concert in front of the capitol,Run,had to stop for it,3003,11.41,169,67,FALSE,,HOKA Arahi 7,activities/12940924019.fit.gz,,,3003,2944,11414.6,6.488,3.877,75,63,-4,27.6,35,0.1,,,89,82,169,149,,405,729,,,67,1176809,,,,,,,,401,3004,0,,0,,1,11576.2,1723586432,2,28.2,28.8,14.8,0.44,1016.6,2.5,5.1,314,0,1723544448,1723593856,0.25,,17896204,0,1,0.47,36050,1,,,,,0,3.801,1572,,,,7992,,,487,242,3.932,,,,,,,,
12141436777,"Aug 13, 2024, 11:53:25 PM",kinda sick segment,Run,i think i‚Äôll make a sport of messing with tourists,1681,6.55,168,46,FALSE,,HOKA Arahi 7,activities/12940924471.fit.gz,,,1681,1634,6558.8,6.364,4.014,38,34,-7.8,15.6,7.3,0,,,94,83,168,155,,410,425,,,46,666912,,,,,,,,409,1682,0,,0,,1,6621.8,1723590016,1,27.2,28.2,15.9,0.5,1016.6,1.9,4.2,328,0,1723544448,1723593856,0.25,,17896204,0,1,0.2,32799.2,0,,,,,0,3.902,2781.7,,,,4470,,,283,246,4.053,,,,,,,,
12149512857,"Aug 14, 2024, 10:39:43 PM",Evening Swim,Swim,,2533,"1,554",162,40,FALSE,,,activities/12949379402.fit.gz,,,2533,1852,1554.5,2.54,0.839,0,0,0,0,0,0,,,,26,162,135,,,436,,,40,,,,,,,,,,,0,,0,,1,,,,,,,,,,,,,,,,,,,,,,,,,,,0,0.614,0,,,,,,25,,,,,,,,,,,
12149688078,"Aug 14, 2024, 11:27:28 PM",Evening Run,Run,,1695,6.54,159,35,FALSE,,HOKA Arahi 7,activities/12949560001.fit.gz,,,1695,1685,6544.2,4.982,3.884,88,95,88.2,118.2,14,-0.1,,,87,82,159,148,,410,429,,,35,693072,,,,,,,,412,1696,,,0,,1,6717.3,1723676416,1,26.7,28.1,16.6,0.54,1017.7,2,4.7,354,0,1723630976,1723680256,0.375,,17896204,0,1,0,31694,0,,,,,0,3.861,0,,,,4616,,,289,248,3.987,,,,,,,,
12163685274,"Aug 16, 2024, 3:47:41 PM",Lunch Run,Run,,1736,6.84,170,48,FALSE,,HOKA Arahi 7,activities/12966257381.fit.gz,,,1736,1736,6841.1,5.11,3.941,77,84,79.6,117.4,15.6,-0.1,,,87,82,170,155,,411,458,,,48,713157,,,,,,,,412,1737,,,0,,1,6996.7,1723820416,3,26.4,26.6,19.3,0.65,1017.9,1.9,4.5,182,0,1723803904,1723852928,0.375,,17896204,0,1,1,27883,4,,,,,0,3.941,0,,,,4700,,,296,248,4.03,,,,,,,,
12170296364,"Aug 17, 2024, 11:43:27 AM",new home new home new home new home new home new home new home new home,Run,,3232,11.74,152,46,FALSE,,HOKA Arahi 7,activities/12973798220.fit.gz,,,3232,3085,11743.7,6.098,3.807,46,35,-5.2,9.8,21.6,0,,,87,82,152,143,,402,753,,,46,1228594,,,,,,,,394,3233,0,,0,,1,11880.8,1723892352,2,19.5,18.7,10.8,0.57,1012.8,3.7,7,303,0,1723866368,1723920000,0.375,,17896204,0,1,0.4,28218,5,,,,,0,3.634,249.8,,,,8282,,,505,237,3.851,,,,,,,,
12181124022,"Aug 18, 2024, 3:38:54 PM",Afternoon Run,Run,,3533,12.96,154,55,FALSE,,HOKA Arahi 7,activities/12985802171.fit.gz,,,3533,3455,12967.1,5.59,3.753,41,39,-5.2,14.4,49.2,0,,,88,82,154,144,,392,848,,,55,1345662,,,,,,,,388,3534,,,0,,1,13119.9,1723993216,3,20.3,19.6,11.8,0.58,1010.6,1.9,4.8,203,0,1723952896,1724006272,0.375,,17896204,0,1,0.98,23921,2,,,,,0,3.67,1221,,,,9350,,,536,234,3.797,,,,,,,,
12187216841,"Aug 19, 2024, 11:44:30 AM",apparently j walking is bad here,Run,how long until i get arrested for it. and they have robot lawn mowers,7271,24.19,167,141,FALSE,,HOKA Arahi 7,activities/12992689527.fit.gz,,,7271,6532,24194,6.388,3.704,97,76,-3.8,11.6,19.2,0,,,88,82,167,150,,388,1632,,,141,2496483,,,,,,,,373,7205,0,,0,,1,24417.4,1724065152,1,19.7,19.8,10.7,0.56,1017,3.1,6.4,312,0,1724039424,1724092544,0.375,,17896204,0,1,0.29,29643,4,,,,,0,3.327,6736.3,,,,17404,,,1011,225,3.738,,,,,,,,media/A94821FF-2521-4F4C-9C61-F75AC2687E54.jpg|media/189FC489-1198-4624-BC0E-4BAB992B451B.mp4|media/3F713D49-C0C4-43DD-846D-A6BB540F6FCF.jpg|media/67B76ACB-A801-491D-B73C-D0D20BAF7983.jpg|media/335B22C8-BF35-4FFA-AE09-22059CD52950.mp4|media/5FD9C7C8-10D5-4199-BD8D-3CC0824AE5E7.mp4|media/A8AC9CAE-5702-45C1-BFA9-697B1BDE86E1.jpg
12198421293,"Aug 20, 2024, 5:24:23 PM",Evening Run,Run,,2916,10.55,159,43,FALSE,,HOKA Arahi 7,activities/13004961535.fit.gz,,,2916,2701,10553,6.754,3.907,41,44,-3.2,9.2,49.1,0,,,91,83,159,144,,418,692,,,43,1119859,,,,,,,,405,2917,,,0,,1,10715.9,,,,,,,,,,,,,,,,17896204,,,,,,,,,,0,3.619,87.6,,,,7288,,,482,244,3.967,,,,,,,,
12207300775,"Aug 21, 2024, 4:50:31 PM",Evening Run,Run,,4947,15.1,177,37,FALSE,,HOKA Arahi 7,activities/13014402400.fit.gz,,,4947,4214,15108.7,5.714,3.585,50,48,-2.2,13,28.4,0,,,88,82,177,136,,390,1044,,,37,1609055,,,,,,,,372,4794,,,0,,1,15255.8,,,,,,,,,,,,,,,,17896204,,,,,,,,,,0,3.054,2042.9,,,,11128,,,668,224,3.62,,,,,,,,
12214961178,"Aug 22, 2024, 2:54:25 PM",Afternoon Run,Run,,6039,18.61,157,31,FALSE,,HOKA Arahi 7,activities/13022344990.fit.gz,,,6039,4881,18618.1,6.912,3.814,78,60,-2.6,27.8,17.2,0,,,89,83,157,128,,408,1193,,,31,1975618,,,,,,,,390,5554,,,0,,1,18803.8,,,,,,,,,,,,,,,,17896204,,,,,,,,,,0,3.083,1566.4,,,,13284,,,851,235,3.852,,,,,,,,
12223935490,"Aug 23, 2024, 5:52:20 PM",Evening Run,Run,,1585,6.46,156,19,FALSE,,HOKA Arahi 7,activities/13031669752.fit.gz,,,1585,1574,6464,5.66,4.107,25,28,-2,9,14,0,,,89,84,156,138,,435,393,,,19,683341,,,,,,,,434,1586,,,0,,1,6542.5,,,,,,,,,,,,,,,,17896204,,,,,,,,,,0,4.078,2359.1,,,,4328,,,300,261,4.157,,,,,,,,
12230046073,"Aug 24, 2024, 11:54:05 AM",Afternoon Swim,Swim,,83,55,140,0,FALSE,,,activities/13038044320.fit.gz,,,83,67,55.1,1.328,0.823,0,0,10.8,11,0,-0.4,,,38,28,140,128,,,14,,20,0,,,,,,,,,,,0,,0,,1,,,,,,,,,,,,,,,,,,,,,,,,,,,0,0.664,55.1,,,,,,,,,,,,,,,,,
12241072575,"Aug 25, 2024, 2:49:22 PM",finishing off the week,Run,63 miles. huge mileage jump. feeling suspiciously great.,7681,26.23,164,107,FALSE,,HOKA Arahi 7,activities/13049546603.gpx.gz,,,7681,6931,26237,6.229,3.785,34,34.3,1,10.2,20.9,0,,,89,82,164,143,,386,2419,,,107,,,,,,,,,379,7540,0,,0,,1,26305.8,,,,,,,,,,,,,,,,17896204,,,,,,,,,,0,3.416,521.3,,,,,,,1090,228,3.795,,,,,,,,
12257460312,"Aug 27, 2024, 4:54:00 PM",Evening Run,Run,,3146,11.64,161,43,FALSE,,HOKA Arahi 7,activities/13066609639.fit.gz,,,3146,2981,11639.7,5.352,3.905,42,37,0.8,22,28.8,0,,,89,83,161,144,,408,780,,,43,1206295,,,,,,,,397,3147,,,0,,1,11765.9,,,,,,,,,,,,,,,,17896204,,,,,,,,,,0,3.7,2776.7,,,,8106,,,499,239,3.947,,,,,,,,
12267520225,"Aug 28, 2024, 7:44:58 PM",Night Run,Run,,986,3.57,157,18,FALSE,,HOKA Arahi 7,activities/13077073938.fit.gz,,,986,937,3577.5,4.828,3.818,5,11,-3,6.8,32,-0.2,,,86,83,157,146,,423,253,,,18,395952,,,,,,,,416,987,,,0,,1,3586.5,,,,,,,,,,,,,,,,17896204,,,,,,,,,,0,3.628,0,,,,2558,,,172,251,3.828,,,,,,,,
12272360654,"Aug 29, 2024, 11:10:41 AM",dopamine,Run,,4092,16.19,180,123,FALSE,,HOKA Arahi 7,activities/13082788923.fit.gz,,,4092,4076,16195.9,6.558,3.973,37,43,-3.8,7,11.7,0,,,96,83,180,157,,419,1122,,,123,1704476,,,,,,,,427,4094,0,,0,,1,16248.1,,,,,,,,,,,,,,,,17896204,,,,,,,,,,0,3.958,99.2,,,,11224,,,751,257,3.986,,,,,,,,
12282545782,"Aug 30, 2024, 4:13:34 PM",Evening Run,Run,,1843,6.29,176,29,FALSE,,HOKA Arahi 7,activities/13093424128.fit.gz,,,1843,1542,6296,6.082,4.083,27,27,-6.2,9.2,29.3,-0.1,,,94,84,176,146,,424,408,,,29,650039,,,,,,,,397,1844,,,0,,1,6353.5,,,,,,,,,,,,,,,,17896204,,,,,,,,,,0,3.416,40.3,,,,4234,,,292,239,4.12,,,,,,,,
12291805884,"Aug 31, 2024, 3:06:52 PM",Afternoon Run,Run,,2436,9.68,156,38,FALSE,,HOKA Arahi 7,activities/13103104696.fit.gz,,,2436,2360,9682,7.638,4.103,34,23,-6,7.8,22.6,0.1,,,94,85,156,144,,425,613,,,38,996473,,,,,,,,417,2437,,,0,,1,9779,,,,,,,,,,,,,,,,17896204,,,,,,,,,,0,3.975,115.7,,,,6618,,,426,251,4.144,,,,,,,,
12300917102,"Sep 1, 2024, 5:35:05 PM",the new classic route,Run,,2146,8.06,147,15,FALSE,,HOKA Arahi 7,activities/13112812036.fit.gz,,,2146,2125,8066.5,5.742,3.796,25,20,-4.6,6.8,20.3,0.1,,,86,81,147,137,,394,520,,,15,835095,,,,,,,,391,2148,0,,0,,1,8120.6,,,,,,,,,,,,,,,,17896204,,,,,,,,,,0,3.759,2224.6,,,,5682,,,331,236,3.821,,,,,,,,
12324703811,"Sep 4, 2024, 1:52:51 PM",Afternoon Run,Run,,4078,14.52,166,94,FALSE,,HOKA Arahi 7,activities/13139693729.fit.gz,,,4078,3760,14519.7,6.456,3.862,60,42,-3.6,11.4,17.8,0,,,88,83,166,152,,408,1014,,,94,1529641,,,,,,,,398,4079,,,0,,1,14680.4,,,,,,,,,,,,,,,,17896204,,,,,,,,,,0,3.56,111.5,,,,10314,,,651,240,3.904,,,,,,,,
12349988412,"Sep 7, 2024, 1:22:06 PM",swam to an island,Swim,,3392,"1,072",155,10,FALSE,,,activities/13166927466.fit.gz,,,3392,1393,1071.9,1.408,0.769,0,0,559.8,560.1,3.8,0,,,41,27,155,111,,,215,,19,10,,,,,,,,,,,0,,0,,1,,,,,,,,,,,,,,,,,,,,,,,,,,,0,0.316,0,,,,,,,,,,,,,,,,,media/94D882DD-2B55-425D-B8FE-C58B14664240.jpg|media/BB766912-3AF9-496A-AB2B-EB063D9C0D2E.mp4|media/E3554562-0938-4C64-8882-F352606B4DE0.jpg|media/B3D421BC-3E0C-4225-8346-EF50752C34F4.jpg
12385806630,"Sep 11, 2024, 5:48:26 PM",Evening Run,Run,,1397,5.55,168,28,FALSE,,HOKA Arahi 7,activities/13205191038.fit.gz,,,1397,1261,5554.2,7.302,4.405,9,13,-3.2,14,32,-0.1,,,102,86,168,151,,443,348,,,28,551244,,,,,,,,417,1398,,,0,,1,5558.2,,,,,,,,,,,,,,,,17896204,,,,,,,,,,0,3.976,880.9,,,,3526,,,244,251,4.408,,,,,,,,
12394231684,"Sep 12, 2024, 5:58:39 PM",Evening Run,Run,,2561,8.75,163,31,FALSE,,HOKA Arahi 7,activities/13214210616.fit.gz,,,2561,2411,8758.5,5.196,3.633,38,37,-7.2,15.6,12.4,0,,,87,81,163,138,,385,631,,,31,925380,,,,,,,,375,2563,,,0,,1,8851.1,,,,,,,,,,,,,,,,17896204,,,,,,,,,,0,3.42,925.2,,,,6462,,,363,226,3.671,,,,,,,,
12419436308,"Sep 15, 2024, 5:19:06 PM",Evening Run,Run,,5748,15.3,156,59,FALSE,,HOKA Arahi 7,activities/13241275349.fit.gz,,,5748,4234,15302.1,8.012,3.614,41,54,-6.2,11.2,48.6,0,,,91,80,156,142,,379,1049,,,59,1599978,,,,,,,,370,4549,,,0,,1,15395.7,,,,,,,,,,,,,,,,17896204,,,,,,,,,,0,2.662,1533.3,,,,11306,,,628,223,3.636,,,,,,,,
12426309087,"Sep 16, 2024, 4:56:41 PM",collecting crowns and crimson color contemplation,Run,alittle alliteration,3206,12,177,60,FALSE,,HOKA Arahi 7,activities/13248663659.fit.gz,,,3206,3171,12008.4,7.906,3.787,28,28,-7.2,7.6,10.8,0,,,105,82,177,148,,401,809,,,60,1253452,,,,,,,,413,3207,0,,0,,1,12065,,,,,,,,,,,,,,,,17896204,,,,,,,,,,0,3.746,693.7,,,,8532,,,551,249,3.805,,,,,,,,media/B8C23C59-7108-4B4A-8A91-5E30A4265433.jpg|media/F931E597-0C6F-444D-A0D4-E86E41582452.jpg|media/E948A47D-502D-4188-BFC6-44CA40B65168.jpg
12434270050,"Sep 17, 2024, 3:58:46 PM",Afternoon Run,Run,,2714,9.79,149,23,FALSE,,HOKA Arahi 7,activities/13257164686.fit.gz,,,2714,2646,9796.8,6.518,3.702,26,22,-3.6,9,9,0,,,88,81,149,136,,381,635,,,23,1008647,,,,,,,,376,2715,,,0,,1,9854.2,,,,,,,,,,,,,,,,17896204,,,,,,,,,,0,3.61,3405.9,,,,7158,,,387,227,3.724,,,,,,,,
12443064023,"Sep 18, 2024, 3:35:08 PM",Afternoon Run,Run,,3004,10.33,149,19,FALSE,,HOKA Arahi 7,activities/13266519832.fit.gz,,,3004,2935,10333.5,5.242,3.521,15,15,-4.6,7.6,27.4,-0.1,,,88,81,149,136,,362,692,,,19,1057862,,,,,,,,355,3005,,,0,,1,10375.3,,,,,,,,,,,,,,,,17896204,,,,,,,,,,0,3.44,566.5,,,,7838,,,382,214,3.535,,,,,,,,
12452042402,"Sep 19, 2024, 11:26:53 AM",Afternoon Run,Run,,19991,19.34,162,36,FALSE,,HOKA Arahi 7,activities/13276096938.fit.gz,,,19991,5358,19348.3,5.668,3.611,67,57,-2.6,44,43,0.1,,,88,81,162,134,,379,1290,,,36,2017523,,,,,,,,366,5847,,,0,,1,19533.1,,,,,,,,,,,,,,,,17896204,,,,,,,,,,0,0.968,3557.4,,,,14338,,,787,220,3.646,,,,,,,,
12469766452,"Sep 21, 2024, 5:19:54 PM",Evening Walk,Walk,,5593,5.22,140,6,FALSE,,,activities/13295045541.fit.gz,,,5593,4350,5225,3.2,1.201,100,100,105.2,191.8,44.6,0,,,108,51,140,74,,,264,,,6,,,,,,,,,,,0,,0,,1,,,,,,,,,,,,,,,,,,,,,,,,,,,0,0.934,319.8,,,,7376,,,,,,,7376,,,,,,
12493297840,"Sep 24, 2024, 3:45:12 PM",Afternoon Run,Run,,2451,9.12,157,35,FALSE,,HOKA Arahi 7,activities/13320207020.fit.gz,,,2451,2382,9128.7,7.192,3.832,9,12,-3.6,8.4,6,0,,,86,82,157,143,,392,609,,,35,931523,,,,,,,,385,2453,,,0,,1,9157.8,,,,,,,,,,,,,,,,17896204,,,,,,,,,,0,3.724,204.7,,,,6436,,,366,232,3.845,,,,,,,,
12502490466,"Sep 25, 2024, 3:10:01 PM",caught a bird glitching,Run,nice try simulation. can‚Äôt fool me,8533,23.85,169,75,FALSE,,HOKA Arahi 7,activities/13329980986.fit.gz,,,8533,6695,23851.5,5.842,3.563,84,60,-19,11.8,29.2,0,,,89,81,169,139,,382,1636,,,75,2533735,,,,,,,,369,7629,0,,0,,1,24076.6,,,,,,,,,,,,,,,,17896204,,,,,,,,,,0,2.795,7312,,,,17808,,,1045,222,3.596,,,,,,,,media/4B9BE475-EB7E-4223-921C-294D34702F9E.mp4|media/63759E86-B738-4A55-B480-E692543E014A.jpg|media/74D58BE3-4319-4A6D-B731-3186CF72130F.mp4|media/C6E691CF-970D-474A-9987-533548CD241C.mp4|media/4A7E40FA-E75C-4810-8311-75E98787A0FF.mp4|media/C2617E81-3E04-4DCB-B374-D3CF78811371.jpg
12511039303,"Sep 26, 2024, 4:54:10 PM",Evening Run,Run,,3006,11,149,29,FALSE,,HOKA Arahi 7,activities/13339074755.fit.gz,,,3006,2989,11003.4,5.728,3.681,62,58,-1.8,11.4,17.6,0.1,,,86,82,149,140,,392,733,,,29,1170750,,,,,,,,392,3008,,,0,,1,11250.3,,,,,,,,,,,,,,,,17896204,,,,,,,,,,0,3.66,221.9,,,,8098,,,465,236,3.764,,,,,,,,
12517070455,"Sep 27, 2024, 4:03:19 PM",forgot to start watch üò¢,Run,,1991,6.58,165,28,FALSE,,HOKA Arahi 7,activities/13345523096.fit.gz,,,1991,1726,6582.1,4.868,3.814,32,23,-9,4,11.1,0.1,,,86,82,165,146,,411,444,,,28,710477,,,,,,,,394,1951,0,,0,,1,6685,,,,,,,,,,,,,,,,17896204,,,,,,,,,,0,3.306,1572.7,,,,4718,,,304,237,3.873,,,,,,,,
12531221216,"Sep 29, 2024, 10:19:12 AM",Lunch Run,Run,,2993,12.26,162,63,FALSE,,HOKA Arahi 7,activities/13360628822.fit.gz,,,2993,2970,12264.3,7.592,4.129,75,74,-6.4,11.4,27.2,0,,,93,84,162,148,,435,790,,,63,1290075,,,,,,,,436,2995,,,0,,1,12454.6,,,,,,,,,,,,,,,,17896204,,,,,,,,,,0,4.098,1433.9,,,,8242,,,574,263,4.193,,,,,,,,
12539367594,"Sep 30, 2024, 11:22:24 AM",Afternoon Run,Run,,2659,9.83,149,21,FALSE,,HOKA Arahi 7,activities/13369379942.fit.gz,,,2659,2604,9832.8,5.522,3.776,39,43,-1,12,48.7,0,,,89,84,149,136,,414,619,,,21,1041346,,,,,,,,410,2660,,,0,,1,9924.5,,,,,,,,,,,,,,,,17896204,,,,,,,,,,0,3.698,1852.8,,,,7026,,,450,247,3.811,,,,,,,,
12550297846,"Oct 1, 2024, 4:54:15 PM",Evening Run,Run,,4158,6.47,155,18,FALSE,,HOKA Arahi 7,activities/13381054057.fit.gz,,,4158,1543,6473.2,6.332,4.195,23,26,-2.6,20.6,12.7,0.2,,,97,85,155,140,,438,398,,,18,674571,,,,,,,,431,1783,,,0,,1,6515.6,,,,,,,,,,,,,,,,17896204,,,,,,,,,,0,1.557,135,,,,4330,,,334,260,4.223,,,,,,,,
12556305251,"Oct 2, 2024, 12:12:09 PM",Afternoon Run,Run,,3242,11.58,151,35,FALSE,,HOKA Arahi 7,activities/13387454235.fit.gz,,,3242,3127,11582.3,6.006,3.704,56,42,0.2,15.4,8.3,0.1,,,87,83,151,140,,395,777,,,35,1231032,,,,,,,,389,3243,0,,0,,1,11735.9,,,,,,,,,,,,,,,,17896204,,,,,,,,,,0,3.573,4691.2,,,,8568,,,493,234,3.753,,,,,,,,media/4CBF5F6A-3212-445C-A43A-0B299910AE8C.jpg
12574545408,"Oct 4, 2024, 6:06:42 PM",sex üòé,Run,,174,0.05,99,0,FALSE,,HOKA Arahi 7,activities/13406981147.fit.gz,,,174,24,56.5,1.934,2.354,0,0,3.4,5,0,-2.8,,,,,99,95,,,16,,,0,0,,,,,,,,,,0,,0,,1,54.9,,,,,,,,,,,,,,,,17896204,,,,,,,,,,0,0.325,0,,,,,,,,,2.287,,,,,,,,
12582975056,"Oct 5, 2024, 5:18:41 PM",Evening Run,Run,,2639,10.05,137,10,FALSE,,HOKA Arahi 7,activities/13416018009.fit.gz,,,2639,2578,10056,7.116,3.901,29,24,-5,14.4,8,0,,,96,83,137,126,,400,578,,,10,1030445,,,,,,,,397,2641,,,0,,1,10098.2,,,,,,,,,,,,,,,,17896204,,,,,,,,,,0,3.811,0,,,,7026,,,419,239,3.917,,,,,,,,
12591543435,"Oct 6, 2024, 2:30:09 PM",bike tourrr,Ride,,5188,10.43,131,6,FALSE,,,activities/13424355545.fit.gz,,,5188,3154,10436,8.69,3.309,71,37,5,33.4,14.7,0,,,,,131,87,,43,241,,,6,,,,,,,,,,,0,,0,,1,,,,,,,,,,,,,,,,,,,,,,,,,,,0,2.012,1332.5,,,,,,,,,,,,,,,,,
12598004737,"Oct 7, 2024, 1:28:10 PM",talllllllllllllin run,Run,kinda spooky place outside the city center. former soviet country and it shows. almost got flattened by a tram too (it was my fault ‚òùÔ∏è),5341,18.46,156,36,FALSE,,HOKA Arahi 7,activities/13431323506.fit.gz,,,5341,4811,18468.1,5.976,3.839,74,69,-0.6,25.6,13.3,0,,,95,83,156,135,,393,1209,,,36,1883952,,,,,,,,378,5302,0,,0,,1,18594.8,,,,,,,,,,,,,,,,17896204,,,,,,,,,,0,3.458,110.3,,,,13162,,,764,228,3.865,,,,,,,,
12622485464,"Oct 10, 2024, 3:41:02 PM",Helsinkiii,Run,,1293,4.91,170,30,FALSE,,HOKA Arahi 7,activities/13457406217.fit.gz,,,1293,1272,4915.4,13.652,3.864,39,36,10.2,28.4,45.1,0,,,89,82,170,151,,414,346,,,30,523562,,,,,,,,414,1295,0,,0,,1,5006.2,,,,,,,,,,,,,,,,17896204,,,,,,,,,,0,3.802,194.3,,,,3408,,,223,249,3.936,,,,,,,,media/BDF4FB00-AAD8-4B69-A44A-F11FCAD46DC1.jpg
12627879963,"Oct 11, 2024, 9:42:55 AM",last day in finland üò¢,Run,"drink lineup at breakfast went crazy today. started strong with an orange juice ginger shot upon entrance to the breakfast buffet. followed up the OJ with a solid cappuccino, a must have in the morning routine to jump start the system. felt a little dehydrated after the cappuccino so followed that up with a chilled glass of water, after which a tiny smoothie was sampled. the smoothie was delectable, so a second was required. perfect viscosity and yogurt to fruit ratio. banana, mango, pineapple if i had to guess. (my favs)  i then decided to get a little adventurous and went for a glass of beet juice to cleanse the insides. not the best tasting but not the worst either. more for the medicinal value. i then finished strong with a third smoothie and as my gaze fell over the graveyard of my empty glasses, I reflected on my work. bliss.",2869,10.45,156,42,FALSE,,HOKA Arahi 7,activities/13463196112.fit.gz,,,2869,2758,10456.8,6.016,3.791,94,112,-7.6,29.2,22.2,-0.2,,,102,82,156,143,,403,712,,,42,1109424,,,,,,,,399,2871,0,,0,,1,10665.9,,,,,,,,,,,,,,,,17896204,,,,,,,,,,0,3.645,1420.6,,,,7542,,,460,240,3.867,,,,,,,,media/D8D0DE64-3CC9-4ADC-9610-BD97A9B1F485.jpg
12646826244,"Oct 13, 2024, 2:08:50 PM",home sweet holmbladsgade,Run,i found a rubber band that looks like a dude,4413,17.2,166,86,FALSE,,HOKA Arahi 7,activities/13483629080.fit.gz,,,4413,4354,17208.1,6.984,3.952,55,60,-12.4,5.6,35.2,0,,,95,83,166,148,,404,1167,,,86,1760104,,,,,,,,405,4414,0,,0,,1,17313.5,,,,,,,,,,,,,,,,17896204,,,,,,,,,,0,3.899,637,,,,11966,,,729,244,3.976,,,,,,,,media/0D51E699-455C-4B06-9526-8447C62DDB9D.jpg
12651844780,"Oct 14, 2024, 9:38:58 AM",Lunch Run,Run,,2789,10.18,153,44,FALSE,,HOKA Arahi 7,activities/13489091018.fit.gz,,,2789,2747,10183,5.302,3.707,27,28,-5.8,6,43.4,0,,,86,83,153,144,,388,699,,,44,1064638,,,,,,,,385,2790,,,0,,1,10267.3,,,,,,,,,,,,,,,,17896204,,,,,,,,,,0,3.651,277.4,,,,7544,,,417,232,3.738,,,,,,,,
12683990829,"Oct 18, 2024, 9:36:25 AM",Lunch Run,Run,,3136,12.07,149,33,FALSE,,HOKA Arahi 7,activities/13523458529.fit.gz,,,3136,3059,12077.5,5.468,3.948,31,30,-7.8,11,10.2,0,,,101,83,149,139,,414,765,,,33,1266867,,,,,,,,410,3137,,,0,,1,12143.8,,,,,,,,,,,,,,,,17896204,,,,,,,,,,0,3.851,1302.2,,,,8376,,,531,247,3.97,,,,,,,,
12710416244,"Oct 21, 2024, 4:51:22 PM",Evening Run,Run,,2041,8.51,168,50,FALSE,,HOKA Arahi 7,activities/13551949397.fit.gz,,,2041,2033,8509.8,6.622,4.186,29,22,-7.6,10.2,8.5,0,,,112,84,168,151,,430,555,,,50,874290,,,,,,,,439,2043,,,0,,1,8565.5,,,,,,,,,,,,,,,,17896204,,,,,,,,,,0,4.169,96.6,,,,5616,,,396,264,4.213,,,,,,,,
12717895287,"Oct 22, 2024, 3:07:44 PM",Afternoon Run,Run,,2340,8.39,161,13,FALSE,,HOKA Arahi 7,activities/13559952579.fit.gz,,,2340,2094,8391,6.7,4.007,25,23,-6.6,13.6,22.4,0,,,89,83,161,132,,427,511,,,13,890648,,,,,,,,408,2342,,,0,,1,8448.2,,,,,,,,,,,,,,,,17896204,,,,,,,,,,0,3.586,194.6,,,,5712,,,393,246,4.034,,,,,,,,
12733894557,"Oct 24, 2024, 12:50:26 PM",Afternoon Run,Run,,5008,16.26,154,28,FALSE,,HOKA Arahi 7,activities/13577051029.fit.gz,,,5008,4284,16267.8,5.468,3.797,59,41,-1.4,15.6,30.4,0,,,101,82,154,133,,397,1038,,,28,1694530,,,,,,,,371,5010,,,0,,1,16398.9,,,,,,,,,,,,,,,,17896204,,,,,,,,,,0,3.248,3856.4,,,,11502,,,693,223,3.828,,,,,,,,
12767946571,"Oct 28, 2024, 7:14:40 PM",Evening Run,Run,,3320,11.31,148,28,FALSE,,HOKA Arahi 7,activities/13613935956.fit.gz,,,3320,3320,11316.8,6,3.409,6,17,-5.6,7.6,15.8,-0.1,,,85,81,148,138,,352,785,,,28,1167742,,,,,,,,352,3321,,,0,,1,11313.5,,,,,,,,,,,,,,,,17896204,,,,,,,,,,0,3.409,0,,,,8922,,,414,212,3.408,,,,,,,,
12777423719,"Oct 29, 2024, 4:04:16 PM",Afternoon Run,Run,,2350,9.16,157,31,FALSE,,HOKA Arahi 7,activities/13624082184.fit.gz,,,2350,2306,9162.3,6.28,3.973,14,15,-2.6,12.2,6.3,0,,,90,83,157,142,,411,598,,,31,945657,,,,,,,,406,2351,,,0,,1,9196.4,,,,,,,,,,,,,,,,17896204,,,,,,,,,,0,3.899,216.8,,,,6302,,,391,245,3.988,,,,,,,,
12790489142,"Oct 31, 2024, 3:18:31 PM",Afternoon Run,Run,,3721,13.46,160,55,FALSE,,HOKA Arahi 7,activities/13638111933.fit.gz,,,3721,3531,13467.5,7.66,3.814,53,55,-14.8,7.4,27.8,0,,,93,82,160,141,,405,904,,,55,1425324,,,,,,,,400,3722,,,0,,1,13661.8,,,,,,,,,,,,,,,,17896204,,,,,,,,,,0,3.619,2587.9,,,,9608,,,600,241,3.869,,,,,,,,
12820748565,"Nov 4, 2024, 10:52:15 AM",Ryten Mountain,Hike,with Zoe! messy slushy yucky gross cold decent yet worth every bit of uncomfortableness,10031,4.84,145,19,FALSE,,,activities/13670757103.fit.gz,,,10031,7750,4844.8,2.9,0.625,404,381,9.6,335,50,0.4,,,117,52,145,100,,,998,,,19,,,,,,,,,,,0,,0,,1,,,,,,,,,,,,,,,,,,,,,,,,,,,0,0.483,4844.8,,,,6524,,,,,,,6524,,,,,,media/4BA602F8-0221-4184-A162-F94D18CB7F62.jpg|media/44FE7B12-0558-4443-B7B1-FB0FCE337F6B.jpg|media/36AF34FA-1592-477E-AF17-0B8F3813159B.jpg|media/5A12D0FC-74CC-4E62-B3EC-15B60B9152FE.jpg|media/791FF82D-CD52-47CF-8B40-903C31BA8A87.jpg
12913186061,"Nov 16, 2024, 10:13:22 AM",london exploring,Run,my highly tuned street crossing instincts are useless here. üßç‚Äç‚ôÇÔ∏èüôâ they drive on the wrong side! i almost got hit a lot,8108,24.91,170,181,FALSE,,HOKA Arahi 7,activities/13770019039.fit.gz,,,8108,6970,24909,7.32,3.574,111,112,2.2,37.6,31.7,0,,,94,81,170,154,,375,1823,,,181,2596361,,,,,,,,361,7818,0,,0,,1,25176.1,,,,,,,,,,,,,,,,17896204,,,,,,,,,,0,3.072,79.9,,,,18672,,,1024,217,3.612,,,,,,,,
12930602948,"Nov 18, 2024, 5:32:36 PM",Evening Run,Run,,1412,5.06,144,11,FALSE,,HOKA Arahi 7,activities/13788879059.fit.gz,,,1412,1412,5065.3,4.72,3.587,19,11,-3.4,9.2,13.1,0.1,,,85,81,144,137,,376,339,,,11,529870,,,,,,,,374,1413,,,0,,1,5108.3,,,,,,,,,,,,,,,,17896204,,,,,,,,,,0,3.587,0,,,,3806,,,198,225,3.618,,,,,,,,
12944537842,"Nov 20, 2024, 2:34:34 PM",Afternoon Swim,Swim,,1463,"1,029",175,30,FALSE,,,activities/13803802874.fit.gz,,,1463,1165,1028.7,1.9,0.883,0,0,0,0,0,0,,,,23,175,136,,,293,,,30,,,,,,,,,,,0,,0,,1,,,,,,,,,,,,,,,,,,,,,,,,,,,0,0.703,0,,,,,,25,,,,,,,,,,,
12954478817,"Nov 21, 2024, 9:10:59 PM",Night Run,Run,,2577,9.07,146,16,FALSE,,HOKA Arahi 7,activities/13814302808.fit.gz,,,2577,2548,9075.8,5.38,3.562,70,42,-12.6,22.8,14.2,0.2,,,85,80,146,135,,379,593,,,16,962097,,,,,,,,379,2579,,,0,,1,9245.7,,,,,,,,,,,,,,,,17896204,,,,,,,,,,0,3.522,273.2,,,,6808,,,372,228,3.629,,,,,,,,
12958460457,"Nov 22, 2024, 1:37:47 PM",Afternoon Run,Run,,2557,9.66,163,65,FALSE,,HOKA Arahi 7,activities/13818537722.fit.gz,,,2557,2557,9662.6,5.88,3.779,48,48,-11,16,16.9,0,,,87,83,163,151,,394,675,,,65,1007150,,,,,,,,394,2558,,,0,,1,9770.8,,,,,,,,,,,,,,,,17896204,,,,,,,,,,0,3.779,0,,,,7016,,,399,237,3.821,,,,,,,,
12968289805,"Nov 23, 2024, 9:20:51 PM",Night Workout,Workout,,2085,0,164,6,FALSE,,,activities/13828933608.fit.gz,,,2085,2085,0,0,0,0,0,18.2,28.6,0,0,,,95,65,164,104,,,259,,,6,,,,,,,,,,,,,0,,1,,,,,,,,,,,,,,,,,,,,,,,,,,,0,0,0,,,,,,,,,,,1078,,,,,,
12973952393,"Nov 24, 2024, 3:05:23 PM",Afternoon Run,Run,,2417,7.84,154,31,FALSE,,HOKA Arahi 7,activities/13835004573.fit.gz,,,2417,2240,7847.1,5.58,3.503,36,34,-4,17.4,15.6,0,,,87,81,154,142,,374,544,,,31,835795,,,,,,,,365,2419,,,0,,1,7926,,,,,,,,,,,,,,,,17896204,,,,,,,,,,0,3.247,0,,,,6006,,,325,220,3.538,,,,,,,,
12983423940,"Nov 25, 2024, 10:41:50 PM",Night Run,Run,,1585,6.13,154,35,FALSE,,HOKA Arahi 7,activities/13845041061.fit.gz,,,1585,1585,6134.2,6.52,3.87,23,17,-1.6,10.6,13.1,0.1,,,94,82,154,148,,405,415,,,35,641824,,,,,,,,408,1586,,,0,,1,6182.9,,,,,,,,,,,,,,,,17896204,,,,,,,,,,0,3.87,394.9,,,,4312,,,266,246,3.901,,,,,,,,
12991364716,"Nov 26, 2024, 11:22:05 PM",Night Workout,Workout,,1475,0.36,143,2,FALSE,,,activities/13853529290.fit.gz,,,1475,852,364.2,0.933,0.427,9,5,64.8,75.2,20.6,0.9,,,,0,143,97,,,145,,,2,,,,,,,,,,,,,0,,1,,,,,,,,,,,,,,,,,,,,,,,,,,,0,0.247,0,,,,,,,,,,,176,,,,,,
12994973962,"Nov 27, 2024, 2:07:01 PM",Aegina Island dippp,Swim,,219,74,105,0,FALSE,,,activities/13857394074.fit.gz,,,219,106,73.5,1.08,0.693,0,0,1.4,1.4,0,0,,,36,29,105,93,,,10,,20,0,,,,,,,,,,,0,,0,,1,,,,,,,,,,,,,,,,,,,,,,,,,,,0,0.336,73.5,,,,,,,,,,,,,,,,,media/EEED4EF5-4795-419E-9A2D-EED13DD00702.jpg
13007799858,"Nov 29, 2024, 9:49:07 AM",Morning Run,Run,,2650,8.89,147,14,FALSE,,HOKA Arahi 7,activities/13871132367.fit.gz,,,2650,2413,8897.1,5.66,3.687,133,120,36.6,71.8,12.2,0,,,111,81,147,131,,396,545,,,14,945455,,,,,,,,392,2651,,,0,,1,9223.4,,,,,,,,,,,,,,,,17896204,,,,,,,,,,0,3.357,1868.8,,,,6452,,,410,236,3.822,,,,,,,,
13025699318,"Dec 1, 2024, 5:59:10 PM",Evening Run,Run,,2001,7.84,148,21,FALSE,,HOKA Arahi 7,activities/13890406029.fit.gz,,,2001,1966,7845.7,5.76,3.991,69,50,-8,31.6,33.3,0.2,,,89,84,148,140,,425,493,,,21,833874,,,,,,,,422,2002,,,0,,1,7997.7,,,,,,,,,,,,,,,,17896204,,,,,,,,,,0,3.921,60.4,,,,5472,,,359,254,4.068,,,,,,,,
13026708241,"Dec 1, 2024, 9:16:01 PM",Night Workout,Workout,,663,0.23,140,1,FALSE,,,activities/13891496570.fit.gz,,,663,393,233.5,2.14,0.594,1,4,0,6,16.7,-1.5,,,84,65,140,110,,,99,,,1,,,,,,,,,,,0,,0,,1,,,,,,,,,,,,,,,,,,,,,,,,,,,0,0.352,0,,,,,,,,,,,374,,,,,,
13038289416,"Dec 3, 2024, 2:40:59 PM",Afternoon Run,Run,,3938,13.5,170,83,FALSE,,HOKA Arahi 7,activities/13903894427.fit.gz,,,3938,3598,13500.1,7.26,3.752,40,41,-9.8,13.6,45,0,,,90,82,170,150,,396,932,,,83,1422410,,,,,,,,386,3939,,,0,,1,13640.5,,,,,,,,,,,,,,,,17896204,,,,,,,,,,0,3.428,1709.1,,,,9718,,,592,233,3.791,,,,,,,,
13052276610,"Dec 5, 2024, 1:09:30 PM",Afternoon Run,Run,,2661,9.67,155,33,FALSE,,HOKA Arahi 7,activities/13918775599.fit.gz,,,2661,2566,9674.3,7.5,3.77,67,68,-2.6,24.2,47.5,0.1,,,105,84,155,141,,416,645,,,33,1045874,,,,,,,,413,2662,,,0,,1,9913.2,,,,,,,,,,,,,,,,17896204,,,,,,,,,,0,3.636,303.5,,,,6944,,,458,249,3.863,,,,,,,,
13058885169,"Dec 6, 2024, 1:14:49 PM",Afternoon Run,Run,,1667,6.67,163,40,FALSE,,HOKA Arahi 7,activities/13925802322.fit.gz,,,1667,1667,6675.6,6.3,4.005,58,37,-6.8,21.6,12.5,0.3,,,88,84,163,150,,431,451,,,40,718873,,,,,,,,433,1668,,,0,,1,6845.9,1733490048,3,5.2,-2.6,3,0.86,1004,6.7,9.6,113,0,1733469696,1733495936,0.125,,17896204,0,1,0.99,16630,0,,,,,0,4.005,0,,,,4656,,,315,261,4.107,,,,,,,,
13080866721,"Dec 9, 2024, 6:46:09 PM",Evening Run,Run,,2252,7.47,170,37,FALSE,,HOKA Arahi 7,activities/13949306923.fit.gz,,,2252,2023,7470.7,6.3,3.693,68,60,-2.4,21.2,22.6,0,,,88,83,170,146,,407,506,,,37,799999,,,,,,,,405,2232,,,0,,1,7623.9,1733767168,3,2.9,-4,0.3,0.83,1035.8,5.9,9.4,41,0,1733729152,1733755008,0.25,,17896204,0,1,0.82,36359,0,,,,,0,3.317,1254,,,,5378,,,369,244,3.769,,,,,,,,
13088319397,"Dec 10, 2024, 7:08:13 PM",christmas treee and swirl thing üåÄ,Run,,2782,9.75,159,41,FALSE,,HOKA Arahi 7,activities/13957261062.fit.gz,,,2782,2768,9749.1,6.76,3.522,71,53,-12.2,21.6,19.2,0.2,,,87,82,159,144,,372,693,,,41,1031432,,,,,,,,379,2783,0,,0,,1,9903.4,1733857152,2,0.7,0.5,-0.9,0.89,1033.7,1.4,2.6,345,0,1733815680,1733841408,0.375,,17896204,0,1,0.56,29784,0,,,,,0,3.504,110.8,,,,7542,,,402,228,3.578,,,,,,,,
13106496701,"Dec 13, 2024, 11:32:56 AM",farewell copenhagen üëã,Run,,3486,11.74,143,13,FALSE,,HOKA Arahi 7,activities/13976692918.fit.gz,,,3486,3239,11748.4,5.04,3.627,81,50,-4.4,14.4,22.5,0.1,,,85,81,143,124,,387,726,,,13,1244224,,,,,,,,375,3487,0,,0,,1,11985.5,1734087552,3,3.6,-1.5,1.5,0.86,1031.5,4.4,5.3,230,0,1734075008,1734100608,0.375,,17896204,0,1,0.88,24683,0,,,,,0,3.37,2184.5,,,,8616,,,494,226,3.7,,,,,,,,
13130023988,"Dec 16, 2024, 7:26:37 PM",Afternoon Run,Run,,2120,7.73,164,50,FALSE,,HOKA Arahi 7,activities/14001981953.fit.gz,,,2120,2113,7738.6,5.08,3.662,126,115,89,125.6,16.4,0.1,,,89,80,164,151,,406,562,,,50,859768,,,,,,,,423,2121,,,0,,1,8039.4,1734375552,3,6.8,7.2,5.3,0.9,1025.7,0.6,4.1,179,0,1734351744,1734385664,0.625,,17896204,0.95,5,0.99,20401,1,,,,,0,3.65,0,,,,5630,,,382,255,3.805,,,,,,,,
13151081445,"Dec 19, 2024, 7:03:46 PM",First ride back!!,Ride,I missed my bike. Felt like I was going to fall over the handlebars after riding a cruiser for 4 months.,4649,32.7,172,47,FALSE,,,activities/14024500865.fit.gz,,,4649,4301,32708.1,16.64,7.605,696,625,56.4,133.4,33.6,0.1,,,,,172,135,,208,843,,,47,,,,,,,,,,,0,,0,,1,,1734634752,3,7.7,6.4,-1,0.54,1025.2,1.8,3.9,8,0,1734610944,1734644992,0.625,,,0,1,0.91,33359,1,,,,,0,7.036,0,,,,,,,,,,,,,,,,,
13157770207,"Dec 20, 2024, 10:00:13 PM",Run with Evan üòé,Run,,3185,9.97,169,27,FALSE,,HOKA Arahi 7,activities/14031715241.fit.gz,,,3185,3044,9971.3,4.74,3.276,60,75,-7,49.2,36,-0.2,,,85,81,169,135,,352,690,,,27,1039325,,,,,,,,352,3187,0,,0,,1,10138.4,1734732032,3,4.3,2.5,1.5,0.82,1013.3,2.7,6.2,341,0,1734697344,1734731392,0.625,,17896204,0,1,0.98,23659,0,,,,,0,3.131,0,,,,7894,,,397,212,3.331,,,,,,,,
13163723666,"Dec 21, 2024, 6:55:06 PM",Afternoon Swim,Swim,,576,457,165,13,FALSE,,,activities/14038116260.fit.gz,,,576,472,457.2,1.1,0.969,0,0,0,0,0,0,,,,25,165,141,,,138,,,13,,,,,,,,,,,0,,0,,1,,,,,,,,,,,,,,,,,,,,,,,,,,,0,0.794,0,,,,,,25,,,,,,,,,,,
13170215199,"Dec 22, 2024, 6:00:10 PM",Afternoon Run,Run,,2167,8.16,162,38,FALSE,,HOKA Arahi 7,activities/14045112662.fit.gz,,,2167,2148,8168.7,4.9,3.803,120,124,78.2,120.4,28.3,0,,,87,82,162,145,,406,556,,,38,870937,,,,,,,,407,2168,,,0,,1,8479.6,1734890368,1,-0.3,-0.4,-10.8,0.45,1032.3,3.3,6.3,333,0,1734870272,1734904320,0.625,,17896204,0,1,0,39030,2,,,,,0,3.77,0,,,,5852,,,361,245,3.948,,,,,,,,
13175691529,"Dec 23, 2024, 3:26:29 PM",Back in Iowa,Run,With Jack and Ryan,4365,16.12,170,115,FALSE,,HOKA Arahi 7,activities/14051036028.fit.gz,,,4365,4365,16121.7,4.34,3.693,68,85,204,248.4,14.9,0,,,86,83,170,154,,375,1149,,,115,1638248,,,,,,,,375,4366,0,,0,,1,16211.3,1734966016,3,2.3,-0.6,0.3,0.87,1015.9,2.8,5.9,211,0,1734960768,1734993664,0.75,,17896204,0,1,1,21932.6,0,,,,,0,3.693,1087.4,,,,11962,,,619,226,3.714,,,,,,,,
13183131588,"Dec 24, 2024, 5:03:08 PM",Lunch Run,Run,,1814,6.82,159,28,FALSE,,HOKA Arahi 7,activities/14058981848.fit.gz,,,1814,1807,6823.6,4.66,3.776,40,48,232.8,260.8,11.9,-0.1,,,88,83,159,143,,388,459,,,28,701576,,,,,,,,389,1815,,,0,,1,6879.9,1735059584,3,1.3,-3.1,-0.6,0.87,1028.3,3.4,5.9,99,0,1735047168,1735080064,0.875,,17896204,0,1,1,22892.1,1,,,,,0,3.762,0,,,,5016,,,276,234,3.807,,,,,,,,
13197245091,"Dec 26, 2024, 10:24:49 PM",Otis road,Run,nice and foggy. what a weird part of town,4369,16.11,171,114,FALSE,,HOKA Arahi 7,activities/14074194473.fit.gz,,,4369,4300,16113.7,5.06,3.747,119,119,196.2,226.2,13.4,0,,,87,82,171,155,,389,1143,,,114,1672440,,,,,,,,387,4371,0,,0,,1,16321.7,1735250432,3,6.3,4.2,5,0.91,1016.4,2.8,5.4,128,0,1735219968,1735252992,0.875,,17896204,0,1,1,10866.8,0,,,,,0,3.688,2907.4,,,,11704,,,659,233,3.796,,,,,,,,
13203952374,"Dec 27, 2024, 9:25:50 PM",Fartlek w/ Rine,Run,First rep workout in like 6 months ü•µ,3981,13.84,173,85,FALSE,,HOKA Arahi 7,activities/14081408264.fit.gz,,,3981,3526,13845,6.04,3.927,76,66,204.8,231.2,9.7,0,,,91,83,173,153,,406,923,,,85,1429812,,,,,,,,402,3942,0,,0,,1,13993.7,1735333248,5,8.2,5.2,7.6,0.96,1004.7,3.2,6,106,1.1,1735306368,1735339392,0.875,,17896204,0.86,5,1,4769.5,0,,,,,0,3.478,15.2,,,,9700,,,641,242,3.969,,,,,,,,
13218407742,"Dec 29, 2024, 4:35:12 PM",bolts up ‚ö°Ô∏è,Run,jumped my weekly mileage from 16 to 46,6662,22.55,173,134,FALSE,,,activities/14097000908.fit.gz,,,6662,6115,22552.5,4.78,3.688,240,238,196.6,253.4,21.2,0,,,107,82,173,150,,385,1567,,,134,2352245,,,,,,,,379,6550,0,,0,,1,23069.9,1735488000,3,5.3,3.9,4.4,0.94,1008.9,1.9,2.9,38,0,1735479168,1735512320,0.875,,,0,1,1,7674.1,1,,,,,0,3.385,1073.2,,,,16590,,,947,228,3.773,,,,,,,,
13226083029,"Dec 30, 2024, 6:38:38 PM",new loop,Run,ran through some cornfields on snowmobile paths,3963,13.53,154,50,FALSE,,,activities/14105339692.fit.gz,,,3963,3796,13537.3,5.04,3.566,111,115,206.8,267.6,48.4,0,,,87,82,154,141,,375,909,,,50,1420901,,,,,,,,371,3964,0,,0,,1,13817.8,1735581568,3,2.9,0.6,2.2,0.95,1007.9,2.3,3.7,117,0,1735565696,1735598720,0.875,,,0.68,5,1,15386.2,1,,,,,0,3.416,2452.8,,,,10174,,,548,223,3.64,,,,,,,,
13234999192,"Dec 31, 2024, 11:15:49 PM",Evening Swim,Swim,,27,17,133,0,FALSE,,,activities/14114987540.fit.gz,,,27,27,17.1,0.86,0.633,0,0,2.4,2.4,0,0,,,31,30,133,122,,,5,,26,0,,,,,,,,,,,0,,0,,1,,1735686016,3,24.7,24.3,21,0.8,1014.1,4.3,7.2,206,0,1735646848,1735684864,0,,,0,1,0.87,25561,0,,,,,0,0.633,17.1,,,,,,,,,,,,,,,,,
13259614668,"Jan 3, 2025, 11:44:22 PM",things froze that should not freeze,Run,excruciating,3498,11.84,175,53,FALSE,,,activities/14141551588.fit.gz,,,3498,3325,11843.6,5.92,3.562,270,271,202.6,251,21.6,0,,,98,81,175,144,,384,825,,,53,1273683,,,,,,,,403,3500,0,,0,,1,12708.2,1735945216,1,-7.1,-13.6,-12,0.68,1031.1,4.4,7.8,302,0,1735911296,1735944448,0.125,,,0,1,0,28314.4,0,,,,,0,3.386,1786.4,,,,8836,,,573,243,3.822,,,,,,,,
13267185045,"Jan 4, 2025, 7:06:04 PM",took extra lower body warmth precautions today,Run,,3789,13.51,169,93,FALSE,,,activities/14149723860.fit.gz,,,3789,3737,13511,4.38,3.615,109,116,223,262.6,12.9,0,,,87,82,169,152,,379,966,,,93,1415273,,,,,,,,382,3790,0,,0,,1,13705.7,1736017152,3,-7.6,-11.6,-14.2,0.59,1030.5,2.8,4.9,318,0,1735997696,1736030976,0.125,,,0,1,1,31269.6,1,,,,,0,3.566,712.1,,,,10122,,,557,230,3.668,,,,,,,,
13283995206,"Jan 6, 2025, 7:13:09 PM",Afternoon Run,Run,,2287,8.64,169,55,FALSE,,,activities/14167870897.fit.gz,,,2287,2287,8644.5,4.38,3.78,58,62,234.2,259.2,14,0,,,89,83,169,151,,397,598,,,55,907835,,,,,,,,397,2288,,,0,,1,8764.2,1736189952,1,-4.2,-8.5,-10.6,0.61,1027.6,5.7,8.9,348,0,1736170496,1736203904,0.125,,,0,1,0.02,30744.2,1,,,,,0,3.78,12.1,,,,6300,,,363,239,3.832,,,,,,,,
13294228681,"Jan 7, 2025, 9:12:11 PM",Afternoon Run,Run,,2993,10.97,163,73,FALSE,,,activities/14178839963.fit.gz,,,2993,2924,10977.9,4.52,3.754,35,45,233.2,255.2,10.2,-0.1,,,87,83,163,152,,382,754,,,73,1116388,,,,,,,,377,2994,,,0,,1,11016.4,1736283648,3,-4.9,-8.7,-10.1,0.67,1032.5,3,4.4,319,0,1736256896,1736290304,0.25,,,0,1,0.95,27730.7,0,,,,,0,3.668,7.2,,,,8090,,,428,227,3.768,,,,,,,,
13312170194,"Jan 9, 2025, 9:47:38 PM",ran into matt and carson,Run,,4893,15.46,182,96,FALSE,,,activities/14198020624.fit.gz,,,4893,3750,15467,6.2,4.125,62,62,233.8,257,49.2,0,,,94,85,182,152,,420,985,,,96,1577861,,,,,,,,399,4365,0,,0,,1,15608.6,1736456448,1,0.4,-1.9,-4.6,0.69,1018.4,4.2,7.3,178,0,1736429568,1736463232,0.375,,,0,1,0.19,24894.5,1,,,,,0,3.161,7.1,,,,10434,,,699,240,4.162,,,,,,,,
13319847569,"Jan 10, 2025, 9:32:54 PM",found a barrel,Run,threw it around on the ice. it was sick,3583,8.86,153,14,FALSE,,,activities/14206274003.fit.gz,,,3583,2420,8865.3,4.66,3.663,112,95,194.6,268.4,29.6,0,,,88,83,153,129,,388,533,,,14,936545,,,,,,,,356,3305,0,,0,,1,9159.1,1736542848,3,0.4,-5.1,-3,0.78,1011.3,4,6.6,303,0,1736515968,1736549760,0.375,,,0,1,1,22122.4,0,,,,,0,2.474,1988.2,,,,6540,,,421,214,3.785,,,,,,,,
13338985395,"Jan 12, 2025, 8:28:37 PM",Afternoon Hike,Hike,,4627,3.11,,,FALSE,,,#error#,,,4627,3893,3115.7,1.56,0.8,187,205,1612.6,1813.4,48.3,-0.6,,,,,,,,,287,,,,,,,,,,,,,,,,0,,1,,1736711936,3,-0.3,-1.2,-3.8,0.77,1028.4,2.2,2.9,306,0,1736693376,1736727680,0.375,,,0,1,0.75,19954,1,,,,,0,0.673,3115.7,,,,,,,,,,,,,,,,,
13347632603,"Jan 13, 2025, 6:15:26 PM",training status: ‚Äòunproductive‚Äô,Alpine Ski,bagel on the mountainü•Ø,16878,28.8,157,22,FALSE,,,activities/14236154647.fit.gz,,,16878,7474,28806.4,13.18,3.854,136.2,4475,1614.4,2156,49.2,-0.4,,,,,157,106,,,1265,,,22,,13,,,,,,,,,0,,0,,1,,1736791168,3,-8.5,-8.6,-11.7,0.78,1034.5,1,2.1,173,0,1736779904,1736814080,0.375,,,0,1,0.98,14349,1,,,,,0,1.707,12861.2,,,,,,,,,,,,,,,,,media/9089E007-F028-49A9-965E-4EE45032F908.jpg|media/D9CC6E85-AF6B-4F80-B651-1A73924B3774.mp4|media/6334415F-791E-403C-9455-5496C4213A98.mp4|media/99F11DD6-A6F9-415C-9882-099B5351F3E5.mp4
13358169727,"Jan 14, 2025, 5:12:40 PM",Snowbird ‚õÑÔ∏è ü¶Ö,Alpine Ski,,21188,47.12,,,FALSE,,,activities/14247407534.fit.gz,,,21188,12300,47121.5,18.318,3.831,4943.7,5603,2398.5,3339.5,50,0,,,,,,,,,,,,,,10,,,,,,,,,0,,0,,1,,1736873984,3,-9.9,-9.8,-12.4,0.82,1039.3,1.7,4.1,348,0,1736866048,1736900608,0.625,,,0,1,0.77,13524,1,,,,,0,2.224,11943.8,,,,,,,,,,,,,,,,,media/1D2B6828-D4A6-4AA7-BA85-16E435D47911.jpg|media/0619DF6F-5EBA-43AF-B056-BD56C39BF2F1.jpg|media/36EC93C0-4975-46DD-B982-2611557BB351.jpg|media/F0B524D8-EF1C-48C6-AD7F-49EB1CE22503.jpg|media/0D322D19-A4BE-4D57-9A93-DBA8F8DB7AD9.jpg|media/5F99A601-C041-4DCC-8545-7FF47A7610BF.jpg
13366008037,"Jan 15, 2025, 5:51:59 PM",goon day,Alpine Ski,,18963,35.1,,,FALSE,,,activities/14255826942.fit.gz,,,18963,10626,35104.8,13.864,3.304,3538.3,3661,1634.2,2156.9,49.7,-0.2,,,,,,,,,,,,,,11,,,,,,,,,0,,0,,1,,1736960384,1,-4.2,1.3,-7.5,0.78,1035.3,0.6,1.5,140,0,1736952704,1736987008,0.625,,,0,1,0.17,24821,1,,,,,0,1.851,10412.9,,,,,,,,,,,,,,,,,
13383297937,"Jan 17, 2025, 10:19:59 PM",Grandeur/Millcreek Snowshoe,Snowshoe,,9458,6.3,,,FALSE,,,activities/13383297937.gpx,,,9458,7550,6307.7,2.6,0.835,432.6,426.1,1731.1,2156.6,48.4,0.1,,,,,,,,,,,,,,,,,,,,,,,0,,0,,1,,1737151232,3,-1.7,-6.7,-5.7,0.74,1017.8,3.7,8.3,270,0,1737125248,1737160064,0.625,,,0.13,6,0.94,16794,1,,,,,0,0.667,5095.8,,,,9896,,,,,,,9896,,,,,,media/FB4806D0-49B1-4671-B854-676B0B435BDA.jpg|media/C0A12028-EF5A-4F6C-9DBC-77C48C4DA3D6.jpg|media/855950DF-C430-4240-B52A-AA80036EE80E.mp4
13414471542,"Jan 21, 2025, 2:39:39 PM",Morning Swim,Swim,,1139,754,169,35,FALSE,,,activities/14308230237.fit.gz,,,1139,870,754.4,1.1,0.867,0,0,0,0,0,0,,,,23,169,149,,,284,,,35,,,,,,,,,,,0,,0,,1,,,,,,,,,,,,,,,,,,,,,,,,,,,0,0.662,0,,,,,,25,,,,,,,,,,,
13427216448,"Jan 22, 2025, 10:12:43 PM",Afternoon Run,Run,,2783,9.69,156,21,FALSE,,,activities/14321922144.fit.gz,,,2783,2669,9695.9,4.8,3.633,211,262,643.8,705.6,26.2,0,,,86,81,156,137,,394,624,,,21,1050625,,,,,,,,399,2784,,,0,,1,10290.1,1737583232,1,-5.2,-4.1,-18,0.36,1027.7,1.5,2.6,168,0,1737549056,1737585408,0.75,,,0,1,0,52902,0,,,,,0,3.484,290.1,,,,7200,,,446,240,3.855,,,,,,,,
13435846750,"Jan 23, 2025, 10:45:18 PM",Afternoon Run,Run,,2640,9.46,169,63,FALSE,,,activities/14331258131.fit.gz,,,2640,2580,9468.1,4.62,3.67,145,150,608,659.2,16.4,-0.1,,,103,81,169,152,,390,675,,,63,1006028,,,,,,,,392,2609,,,0,,1,9784.9,1737669632,1,-0.8,-5.4,-9.9,0.5,1023.8,4.3,9.7,280,0,1737635456,1737671808,0.875,,,0,1,0.32,41132.2,0,,,,,0,3.586,245.1,,,,7008,,,403,236,3.793,,,,,,,,
13441081295,"Jan 24, 2025, 4:35:43 PM",Lunch Swim,Swim,,1150,823,164,32,FALSE,,,activities/14336964889.fit.gz,,,1150,916,823,1.2,0.898,0,0,0,0,0,0,,,,25,164,146,,,277,,,32,,,,,,,,,,,0,,0,,1,,,,,,,,,,,,,,,,,,,,,,,,,,,0,0.716,0,,,,,,25,,,,,,,,,,,
13461497984,"Jan 26, 2025, 8:08:06 PM",Afternoon Ride,Ride,,5788,23.89,149,17,FALSE,,,activities/14359203018.fit.gz,,,5788,3709,23898.2,15.52,6.443,447,333,626,705.6,37.9,0.1,,,,,149,123,,160,593,,,17,,,,,,,,,,,,,0,,1,,1737921536,1,7.6,4.2,-5.2,0.4,1024.1,5.6,10.5,280,0,1737894528,1737931264,0.875,,,0,1,0.08,47379.6,1,,,,,0,4.129,558.6,,,,,,,,,,,,,,,,,
13467377541,"Jan 27, 2025, 5:07:22 PM",Lunch Swim,Swim,,2785,"1,463",167,41,FALSE,,,activities/14365713846.fit.gz,,,2785,1544,1463,13.88,0.948,0,0,0,0,0,0,,,,25,167,129,,,464,,,41,,,,,,,,,,,0,,0,,1,,,,,,,,,,,,,,,,,,,,,,,,,,,0,0.525,0,,,,,,25,,,,,,,,,,,
13469095258,"Jan 27, 2025, 8:21:38 PM","chat, am i finally getting back in shape?",Run,,3159,12.32,169,85,FALSE,,,activities/14367558146.fit.gz,,,3159,3054,12328.6,5.14,4.037,216,208,574.6,672,38.4,0.2,,,88,83,169,155,,433,826,,,85,1323827,,,,,,,,434,3161,0,,0,,1,12972.2,1738008064,1,7.5,4.8,-1.5,0.53,1015,5,8.3,251,0,1737980928,1738017664,0.875,,,0,1,0.13,31809.5,1,,,,,0,3.903,154.4,,,,8324,,,599,261,4.248,,,,,,,,
13487413609,"Jan 29, 2025, 8:19:10 PM",kiss,Run,keep it stupid simple,2906,11.31,163,53,FALSE,,,activities/14387429906.fit.gz,,,2906,2900,11315.2,4.82,3.902,184,181,618,665.8,32.4,0,,,86,82,163,145,,423,733,,,53,1225620,,,,,,,,427,2908,0,,0,,1,11942.7,1738180864,8,11.7,5.6,-4.1,0.33,1007.9,10,20.2,286,0,1738153600,1738190592,0,,,0,1,0,54731,2,,,,,0,3.894,1118.4,,,,7850,,,534,257,4.118,,,,,,,,
13496361049,"Jan 30, 2025, 7:58:56 PM",‚Äúdry‚Äù run,Ride,yeah right üòí,5460,31.15,141,15,FALSE,,,activities/14397150502.fit.gz,,,5460,4649,31156.1,18,6.702,546,497,473.8,707.8,30.4,0,,,,,141,111,,157,601,,,15,,,,,,,,,,,0,,0,,1,,1738263552,3,12.5,9.4,-3.3,0.33,1020.2,2.7,5.4,213,0,1738240000,1738277120,0.125,,,0.75,5,1,59764.9,2,,,,,0,5.706,4376.1,,,,,,,,,,,,,,,,,media/331EDF4E-F5E8-4E1E-946F-22F7AC9B0027.jpg
13502914215,"Jan 31, 2025, 5:09:16 PM",Lunch Swim,Swim,,2013,"1,234",163,45,FALSE,,,activities/14404326210.fit.gz,,,2013,1355,1234.4,2.54,0.911,0,0,0,0,0,0,,,,24,163,142,,,444,,,45,,,,,,,,,,,0,,0,,1,,,,,,,,,,,,,,,,,,,,,,,,,,,0,0.613,0,,,,,,25,,,,,,,,,,,
13504887821,"Jan 31, 2025, 9:40:55 PM",Afternoon Racquetball,Workout,,4486,0.09,176,11,FALSE,,,activities/14406439991.fit.gz,,,4486,4486,94.9,0.92,0.021,0,0,0,0,0,0,,,107,55,176,101,,,428,,,11,,,,,,,,,,,0,,0,,1,,,,,,,,,,,,,,,,,,,,,,,,,,,0,0.021,0,,,,,,,,,,,1778,,,,,,
13512887903,"Feb 1, 2025, 5:35:38 PM",Lunch Racquetball,Workout,,5763,0.16,115,9,FALSE,,,activities/14415161729.fit.gz,,,5763,5763,162.3,1.656,0.028,0,0,0,0,0,0,,,105,59,115,81,,,349,,,9,,,,,,,,,,,0,,0,,1,,,,,,,,,,,,,,,,,,,,,,,,,,,0,0.028,0,,,,,,,,,,,3044,,,,,,
13523963590,"Feb 2, 2025, 9:36:06 PM",Afternoon Run,Run,,4353,16.11,159,46,FALSE,,,activities/14427333971.fit.gz,,,4353,4231,16116.7,4.82,3.809,350,299,585,698.8,36.4,0.2,,,89,82,159,140,,417,1045,,,46,1761073,,,,,,,,424,4354,,,0,,1,17075.8,1738530048,1,8,8,1.8,0.65,1021.6,3.6,8,193,0,1738499072,1738536448,0.125,,,0,1,0.01,22795.8,1,,,,,0,3.702,6276.4,,,,11580,,,787,255,4.036,,,,,,,,
13529724531,"Feb 3, 2025, 4:56:52 PM",Lunch Swim,Swim,,2840,"1,829",173,66,FALSE,,,activities/14433745288.fit.gz,,,2840,1918,1828.8,9.86,0.953,0,0,0,0,0,0,,,,25,173,141,,,544,,,66,,,,,,,,,,,0,,0,,1,,,,,,,,,,,,,,,,,,,,,,,,,,,0,0.644,0,,,,,,25,,,,,,,,,,,
13542114308,"Feb 4, 2025, 10:40:15 PM",vo2 max trainer ride,Ride,,3601,0,179,64,FALSE,,,activities/14447183855.fit.gz,,,3601,3601,0,0,0,0,0,0,0,0,0,,,,,179,144,,,808,,,64,,,,,,,,,,,0,,0,,1,,,,,,,,,,,,,,,,,,,,,,,,,,,0,0,0,,,,,,,,,,,,,,,,,
13542363970,"Feb 5, 2025, 12:00:42 AM",post bike brick run,Run,,1098,3.67,145,6,FALSE,,,activities/14447449193.fit.gz,,,1098,993,3675,4.9,3.701,61,41,641.8,671,26.8,0.5,,,86,81,145,134,,399,237,,,6,395849,,,,,,,,379,1100,0,,0,,1,3871.7,1738713600,1,7.9,5.9,2,0.66,1021.7,2,5,288,0,1738671744,1738709376,0.125,,,0,1,0,27125,0,,,,,0,3.347,0,,,,2684,,,159,228,3.899,,,,,,,,
13550921724,"Feb 5, 2025, 10:05:36 PM",Afternoon Run,Run,,1266,4.52,159,18,FALSE,,,activities/14456804648.fit.gz,,,1266,1253,4528.3,4.98,3.614,73,59,628.2,670.8,17.6,0.2,,,86,82,159,143,,390,317,,,18,488741,,,,,,,,390,1267,,,0,,1,4727.1,1738792832,3,6,2.6,-2.9,0.53,1020.9,3.1,5.6,99,0,1738758016,1738795904,0.25,,,0,1,1,35450.8,0,,,,,0,3.577,3.4,,,,3422,,,194,235,3.773,,,,,,,,
13559061864,"Feb 6, 2025, 7:55:27 PM",Afternoon Racquetball,Workout,,2396,0.08,144,7,FALSE,,,activities/14465729496.fit.gz,,,2396,2396,84,2.444,0.035,0,0,0,0,0,0,,,97,56,144,107,,,307,,,7,,,,,,,,,,,0,,0,,1,,,,,,,,,,,,,,,,,,,,,,,,,,,0,0.035,0,,,,,,,,,,,1182,,,,,,
13559341714,"Feb 6, 2025, 8:47:10 PM",Afternoon Racquetball,Workout,,1908,0.03,153,6,FALSE,,,activities/14466033112.fit.gz,,,1908,1908,38.1,1.9,0.02,0,0,0,0,0,0,,,107,61,153,117,,,304,,,6,,,,,,,,,,,0,,0,,1,,,,,,,,,,,,,,,,,,,,,,,,,,,0,0.02,0,,,,,,,,,,,1302,,,,,,
13560424394,"Feb 6, 2025, 11:05:50 PM",thrack thursday,Run,first track workout in a while. feeling gooood,4081,10.35,176,28,FALSE,,,activities/14467196626.fit.gz,,,4081,2804,10352,7.54,3.692,71,57,621.4,637,31.9,0,,,120,82,176,136,,372,623,,,28,1036364,,,,,,,,372,3630,0,,0,,1,10598,1738882816,2,13.4,10.4,10.7,0.84,1012.8,3.8,6.9,242,0,1738844416,1738882304,0.375,,,0.8,5,0.52,16125.5,0,,,,,0,2.537,0,,,,7630,,,506,224,3.78,,,,,,,,
13565794915,"Feb 7, 2025, 5:02:42 PM",Lunch Swim,Swim,,1920,"1,052",149,13,FALSE,,,activities/14473139655.fit.gz,,,1920,1240,1051.6,2.08,0.848,0,0,0,0,0,0,,,,24,149,121,,,295,,,13,,,,,,,,,,,0,,0,,1,,,,,,,,,,,,,,,,,,,,,,,,,,,0,0.548,0,,,,,,25,,,,,,,,,,,
13567234951,"Feb 7, 2025, 8:41:37 PM",Afternoon Racquetball,Workout,,2881,0.09,135,6,FALSE,,,activities/14474730436.fit.gz,,,2881,2881,96.4,2.155,0.033,0,0,0,0,0,0,,,115,70,135,91,,,253,,,6,,,,,,,,,,,0,,0,,1,,,,,,,,,,,,,,,,,,,,,,,,,,,0,0.033,0,,,,,,,,,,,1492,,,,,,
13586510007,"Feb 9, 2025, 9:10:19 PM",Afternoon Run,Run,,4017,14.53,153,29,FALSE,,,activities/14495811445.fit.gz,,,4017,4011,14535.1,4.52,3.624,355,347,609.8,694.2,26.9,0.1,,,88,81,153,136,,401,942,,,29,1610947,,,,,,,,414,4018,,,0,,1,15684.6,1739134848,3,7.3,4,-1.2,0.55,1020.7,3.7,7.2,295,0,1739103360,1739141760,0.375,,,0.63,5,0.69,26314.2,1,,,,,0,3.618,129.5,,,,10756,,,693,249,3.91,,,,,,,,
13594292803,"Feb 10, 2025, 9:35:49 PM",Afternoon Run,Run,,3268,11.92,150,23,FALSE,,,activities/14504419450.fit.gz,,,3268,3161,11928.2,4.86,3.774,204,189,628.4,676,29.7,0.1,,,87,82,150,136,,410,756,,,23,1296606,,,,,,,,412,3269,,,0,,1,12474.2,1739221248,1,6.4,6,-5.9,0.41,1026.8,3.6,6.1,331,0,1739189760,1739228160,0.375,,,0,1,0,34767.7,1,,,,,0,3.65,59.9,,,,8660,,,558,248,3.946,,,,,,,,
13621483633,"Feb 14, 2025, 12:13:24 AM",pressed for time,Run,,1720,6.64,150,10,FALSE,,,activities/14534027367.fit.gz,,,1720,1688,6645.1,5.34,3.937,125,144,625.6,675,26.9,-0.2,,,111,83,150,133,,430,401,,,10,723263,,,,,,,,433,1721,0,,0,,1,7104.3,1739491200,2,-0.1,-7.5,-4.3,0.73,1026.2,5.7,15.9,286,0,1739448704,1739487616,0.625,,,0.8,5,0.39,20048.6,0,,,,,0,3.863,176.5,,,,4602,,,325,261,4.209,,,,,,,,
13628371833,"Feb 14, 2025, 9:41:49 PM",Afternoon Ride,Ride,,2760,0,178,77,FALSE,,,activities/14541654707.fit.gz,,,2760,2760,0,0,0,0,0,0,0,0,0,,,,,178,154,,,714,,,77,,,,,,,,,,,,,0,,1,,,,,,,,,,,,,,,,,,,,,,,,,,,0,0,0,,,,,,,,,,,,,,,,,
13665283008,"Feb 18, 2025, 10:36:48 PM",10 person trainer ride!!,Ride,,4364,0,178,103,FALSE,,,activities/14582063489.fit.gz,,,4364,4364,0,0,0,0,0,0,0,0,0,,,,,178,150,,,1103,,,103,,,,,,,,,,,0,,0,,1,,,,,,,,,,,,,,,,,,,,,,,,,,,0,0,0,,,,,,,,,,,,,,,,,media/FC53FA76-3300-44E9-ACA6-959F5D95B01D.mp4
13665283695,"Feb 18, 2025, 11:53:06 PM",brick run,Run,,1511,5.62,175,51,FALSE,,,activities/14582064208.fit.gz,,,1511,1500,5626.5,4.86,3.751,102,85,632,671.2,20.5,0.3,,,107,82,175,161,,404,418,,,51,606599,,,,,,,,408,1512,0,,0,,1,5904.1,1739919616,3,0.5,-1.3,-6.1,0.61,1025,2.5,4.6,301,0,1739880448,1739919872,0.625,,,0,1,1,26899.9,0,,,,,0,3.724,3.4,,,,4102,,,253,246,3.936,,,,,,,,
13672748357,"Feb 19, 2025, 7:37:24 PM",Afternoon Swim,Swim,,1917,"1,303",158,35,FALSE,,,activities/14590236336.fit.gz,,,1917,1442,1303,1.44,0.904,0,0,0,0,0,0,,,,23,158,136,,,414,,,35,,,,,,,,,,,0,,0,,1,,,,,,,,,,,,,,,,,,,,,,,,,,,0,0.68,0,,,,,,25,,,,,,,,,,,
13682747450,"Feb 20, 2025, 10:45:50 PM",Afternoon Run,Run,,3259,11.99,156,58,FALSE,,,activities/14601149835.fit.gz,,,3259,3227,11998.7,5.12,3.718,168,162,593.8,677,32.6,0,,,94,83,156,146,,397,819,,,58,1280872,,,,,,,,407,3260,,,0,,1,12483,1740088832,2,-6.4,-14.7,-14.9,0.51,1025.3,6.5,14.8,302,0,1740052992,1740092800,0.75,,,0,1,0.49,25109,0,,,,,0,3.682,127.2,,,,8912,,,543,245,3.868,,,,,,,,
13691008961,"Feb 21, 2025, 10:24:19 PM",Afternoon Racquetball,Workout,,6203,0.21,144,17,FALSE,,,activities/14610219280.fit.gz,,,6203,6203,211.9,3.229,0.034,0,0,0,0,0,0,,,102,57,144,105,,,607,,,17,,,,,,,,,,,,,0,,1,,,,,,,,,,,,,,,,,,,,,,,,,,,0,0.034,0,,,,3836,,,,,,,3836,,,,,,
13699871317,"Feb 22, 2025, 8:13:41 PM",Afternoon Hike,Hike,,8533,5.59,132,12,FALSE,,,activities/14619920788.fit.gz,,,8533,5594,5593.8,2.017,1,229,262,694.2,822.4,50,-0.5,,,100,49,132,95,,,579,,,12,,,,,,,,,,,,,0,,1,,1740254464,3,5.2,2,-9.1,0.35,1025,2.5,5.7,243,0,1740225664,1740265728,0.875,,,0,1,0.97,55470.9,2,,,,,0,0.656,661.7,,,,7234,,,,,,,7234,,,,,,
13709148324,"Feb 23, 2025, 7:53:57 PM",Afternoon Run,Run,,4912,17.83,171,105,FALSE,,,activities/14629984914.fit.gz,,,4912,4781,17832.5,5.44,3.73,280,267,578.4,668.2,17.3,0,,,97,83,171,150,,399,1244,,,105,1905486,,,,,,,,400,4913,,,0,,1,18490.5,1740337152,1,6.4,6.7,-7.6,0.36,1019.8,3.2,5.2,285,0,1740312064,1740352256,0.875,,,0,1,0,43489.5,4,,,,,0,3.63,0,,,,13126,,,792,241,3.867,,,,,,,,
13717684699,"Feb 24, 2025, 8:50:45 PM",pre run bike,Ride,,4603,31.95,148,13,FALSE,,,activities/14639319868.fit.gz,,,4603,4292,31958.3,20.08,7.446,501,486,524.2,664,24.9,0,,,,,148,109,,170,516,,,13,,,,,,,,,,,0,,0,,1,,1740427264,1,14.5,15.1,-2,0.32,1013.5,3.1,6,224,0,1740398336,1740438656,0.875,,,0,1,0,50055.4,2,,,,,0,6.943,0,,,,,,,,,,,,,,,,,
13717979402,"Feb 24, 2025, 10:16:28 PM",post bike run,Run,,1914,7.86,174,52,FALSE,,,activities/14639632183.fit.gz,,,1914,1876,7859.9,5.92,4.19,104,94,626.4,663,26.9,0.1,,,88,84,174,156,,441,518,,,52,826508,,,,,,,,438,1914,0,,0,,1,8119.8,1740434432,1,14.6,14.2,-1,0.34,1013.5,3.1,5.6,224,0,1740398336,1740438656,0.875,,,0,1,0.1,52129.4,0,,,,,0,4.107,164.2,,,,5180,,,370,264,4.328,,,,,,,,
13727345279,"Feb 25, 2025, 8:50:17 PM",cedar run reps,Ride,,5467,34.61,175,49,FALSE,,,activities/14649760880.fit.gz,,,5467,4801,34611.7,18.2,7.209,697,657,453.8,696.2,15.9,0,,,,,175,133,,191,866,,,49,,,,,,,,,,,0,,0,,1,,1740513536,1,15.1,13.4,1.6,0.4,1008.9,5.3,9.4,299,0,1740484608,1740525184,0.875,,,0,1,0.01,44835.3,3,,,,,0,6.331,0,,,,,,,,,,,,,,,,,
13736489453,"Feb 26, 2025, 9:29:12 PM",feeling ill,Run,,1879,7.01,154,14,FALSE,,,activities/14659695985.fit.gz,,,1879,1851,7010,5.02,3.787,126,111,633.4,690.8,15.5,0.1,,,87,82,154,135,,411,455,,,14,760344,,,,,,,,411,1880,0,,0,,1,7349.9,1740603648,1,17.2,17.7,0.8,0.33,1013.1,3.3,6.3,227,0,1740571008,1740611584,0.875,,,0,1,0.01,56087.8,1,,,,,0,3.731,0,,,,5044,,,320,248,3.971,,,,,,,,
13744607639,"Feb 27, 2025, 7:17:47 PM",Afternoon Swim,Swim,,2520,"1,395",160,18,FALSE,,,activities/14668511079.fit.gz,,,2520,1506,1394.5,1.22,0.926,0,0,0,0,0,0,,,,23,160,119,,,1496,,,18,,,,,,,,,,,0,,0,,1,,,,,,,,,,,,,,,,,,,,,,,,,,,0,0.553,0,,,,,,25,,,,,,,,,,,
13751959449,"Feb 28, 2025, 5:06:11 PM",Lunch Swim,Swim,,943,640,154,13,FALSE,,,activities/14676491177.fit.gz,,,943,713,640.1,1.28,0.898,0,0,0,0,0,0,,,,23,154,133,,,206,,,13,,,,,,,,,,,0,,0,,1,,,,,,,,,,,,,,,,,,,,,,,,,,,0,0.679,0,,,,,,25,,,,,,,,,,,
13754040576,"Feb 28, 2025, 10:24:06 PM",Afternoon Run,Run,,1354,5.72,178,26,FALSE,,,activities/14678757032.fit.gz,,,1354,1268,5721.6,5.58,4.512,72,79,617.2,662.2,15.5,-0.1,,,94,86,178,150,,467,351,,,26,592965,,,,,,,,459,1355,,,0,,1,5867.8,1740780032,1,12.4,9.2,-2.3,0.36,1008.4,5.6,10.3,245,0,1740743680,1740784512,0,,,0,1,0,50308.2,0,,,,,0,4.226,0,,,,3550,,,288,277,4.628,,,,,,,,
13772697435,"Mar 2, 2025, 7:29:07 PM",Afternoon Racquetball,Workout,,6285,0.3,126,13,FALSE,,,activities/14699063853.fit.gz,,,6285,6285,304.3,2.15,0.048,0,0,0,0,0,0,,,103,57,126,93,,,517,,,13,,,,,,,,,,,,,0,,1,,,,,,,,,,,,,,,,,,,,,,,,,,,0,0.048,0,,,,4280,,,,,,,4280,,,,,,
13773606049,"Mar 2, 2025, 11:31:04 PM",Evening Run,Run,,3028,11.94,164,73,FALSE,,,activities/14700053318.fit.gz,,,3028,3009,11948.3,4.94,3.971,215,201,609.6,662.2,24.5,0.1,,,88,83,164,152,,425,807,,,73,1278095,,,,,,,,434,3029,,,0,,1,12621.5,1740956416,1,3.2,-0.7,-10.5,0.36,1020.9,3.3,6.3,299,0,1740916224,1740957440,0.125,,,0,1,0,53718,0,,,,,0,3.946,574.6,,,,8284,,,574,261,4.195,,,,,,,,
13782031899,"Mar 3, 2025, 11:00:57 PM",Evening Run,Run,,3481,11.78,157,26,FALSE,,,activities/14709236279.fit.gz,,,3481,3361,11786.6,4.58,3.507,281,268,640.4,709.2,26.7,0.1,,,88,81,157,136,,382,787,,,26,1281677,,,,,,,,388,3483,,,0,,1,12665.2,1741042816,1,8.5,7.1,-6.9,0.33,1021.2,1.7,4.3,177,0,1741002624,1741043840,0.125,,,0,1,0.01,59908.4,0,,,,,0,3.386,200.9,,,,9070,,,529,234,3.768,,,,,,,,
13787479531,"Mar 4, 2025, 3:05:00 PM",Morning Swim,Swim,,1380,"1,372",,,FALSE,,,,,,1380,1380,1371.6,,0.994,,,,,,0,,,,,,,,,,,,,,,,,,,,,,,0,,0,,0,,,,,,,,,,,,,,,,,,,,,,,,,,,0,0.994,0,,,,,,,,,,,,,,,,,
13797760936,"Mar 5, 2025, 4:54:56 PM",Lunch Swim,Swim,,1317,937,152,11,FALSE,,,activities/14726241815.fit.gz,,,1317,1018,937.3,4.3,0.921,0,0,0,0,0,0,,,,24,152,123,,,256,,,11,,,,,,,,,,,0,,0,,1,,,,,,,,,,,,,,,,,,,,,,,,,,,0,0.712,0,,,,,,25,,,,,,,,,,,
13800822929,"Mar 5, 2025, 10:29:14 PM",Afternoon Racquetball,Workout,,4249,0.12,139,10,FALSE,,,activities/14729521762.fit.gz,,,4249,4249,119,1.1,0.028,0,0,0,0,0,0,,,118,58,139,99,,,408,,,10,,,,,,,,,,,0,,0,,1,,,,,,,,,,,,,,,,,,,,,,,,,,,0,0.028,0,,,,2908,,,,,,,2908,,,,,,
13827111278,"Mar 8, 2025, 8:20:48 PM",Afternoon Swim,Swim,,156,112,140,2,FALSE,,,activities/14758067258.fit.gz,,,156,156,112.2,1.26,0.719,0,0,1562.8,1565.3,48.8,1.2,,,36,28,140,134,,,39,,23,2,,,,,,,,,,,,,0,,1,,1741464064,2,22.1,21.5,14.3,0.61,1015,3.4,6.5,198,0.3,1741436288,1741479296,0.375,,,0.12,5,0.6,20898,7,,,,,0,0.719,0,,,,,,,,,,,,,,,,,
13838257433,"Mar 9, 2025, 9:33:11 PM",Afternoon Hike,Hike,,1908,0.7,102,2,FALSE,,,activities/14770188561.fit.gz,,,1908,1146,705.3,1.433,0.615,0,70,1541,1613.6,26.1,-9.1,,,78,49,102,87,,,146,,,2,,,,,,,,,,,0,,0,,1,,1741554048,2,22.3,22,13.9,0.59,1013.8,3.1,6.8,189,0.4,1741522560,1741565696,0.375,,,0.15,5,0.59,16838,5,,,,,0,0.37,0,,,,874,,,,,,,874,,,,,,
13864789215,"Mar 11, 2025, 4:47:54 PM",Volc√°n Acatenango,Hike,one of the most beautiful things i‚Äôve ever seen,85497,14.01,168,58,FALSE,,,activities/14798919719.fit.gz,,,85497,20503,14013.4,5.72,0.683,1501,1553,2581.6,4027.4,49.6,0.2,,,120,55,168,104,,,2759,,,58,,,,,,,,,,,0,,0,,1,,1741708800,1,16.4,18.5,7.3,0.55,1017.2,1.6,5.4,188,0,1741695232,1741738368,0.375,,,0.26,5,0.04,32495,9,,,,,0,0.164,14013.4,,,,18602,,,,,,,18602,,,,,,media/1ABCC83D-0751-4708-A547-BA103F3030B6.jpg|media/9826F6DB-F7C8-4E9F-B12D-3EF7D9777F5F.mp4|media/16FB80B6-558F-47D1-B858-5D11A29E18C8.jpg|media/CE56AA8A-3051-466A-8B56-4F8FFE91B6B9.jpg|media/094D89BC-881B-4673-82DE-3F9DE438CAE2.jpg|media/356C5CDE-ECA4-4336-9081-3028117D007E.jpg|media/8EEC2400-8805-4CD8-91C8-B4D3032B10BD.jpg|media/BC5E06E2-010A-4342-B26E-AA92F90FE61F.mp4
13873249206,"Mar 13, 2025, 3:00:05 PM",Antigua Coffee/Food bike tour,Ride,,13434,8.08,148,9,FALSE,,,activities/14808090973.fit.gz,,,13434,2730,8082.6,6.14,2.961,64,56,1536.8,1565.6,45.8,0.1,,,,,148,111,,40,389,,,9,,,,,,,,,,,0,,0,,1,,1741878016,1,22.4,24.6,12,0.52,1017.3,1.8,3.9,186,0,1741867904,1741911168,0.375,,,0,1,0.08,32165,5,,,,,0,0.602,5702.8,,,,,,,,,,,,,,,,,media/DF680050-6337-47C5-9E10-D5FBD3524DC8.jpg|media/8BA6E0AB-7464-417E-BCC3-BC5CB8BF6363.jpg|media/57EF3415-4197-43AD-8A56-D86889C531C1.jpg|media/8DA11407-9059-4808-824D-D5CC9388DDCF.jpg|media/FF9FC6E5-48F4-4813-AE4B-8CAA95F646FC.jpg
13883964332,"Mar 14, 2025, 9:54:18 PM",Afternoon Run,Run,,2138,8.13,161,46,FALSE,,,activities/14818941752.fit.gz,,,2138,2130,8138,5.46,3.821,144,133,71,128.6,20.6,0.2,,,86,82,161,149,,409,560,,,46,872345,,,,,,,,415,2139,,,0,,1,8559.8,1741986048,3,12.9,11.1,4.8,0.58,1018.8,3.2,5.2,141,0,1741951232,1741994112,0.5,,,0,1,0.64,22383,1,,,,,0,3.806,163.9,,,,5774,,,371,250,4.019,,,,,,,,
13893180657,"Mar 15, 2025, 9:11:18 PM",Afternoon Run,Run,,4178,15.86,178,113,FALSE,,,activities/14828972631.fit.gz,,,4178,4168,15862.8,5.32,3.806,276,269,66.6,127.2,20.5,0,,,87,82,178,156,,407,1134,,,113,1697666,,,,,,,,412,4180,,,0,,1,16567.7,1742072448,2,15.7,13.6,8.4,0.62,1015.3,4.3,8,168,0,1742037632,1742080512,0.625,,,0,1,0.51,23183,1,,,,,0,3.797,0,,,,11196,,,714,248,3.975,,,,,,,,
13911126839,"Mar 17, 2025, 9:11:30 PM",FTP Test - 310,Ride,Ramp test using [strava://athletes/49206304/15]Spencer McGehees favero pedals for data.,1230,0,187,26,FALSE,,,activities/14848488597.fit.gz,,,1230,1230,0,0,0,0,0,0,0,0,0,,,106,90,187,149,,233,320,,17,26,288973,,,,,,,,274,1231,0,,0,,1,,,,,,,,,,,,,,,,,,,,,,,,,,,0,0,0,,,,,,,93,165,,,,,,,,,
13921619862,"Mar 18, 2025, 9:41:51 PM",Afternoon Ride,Ride,,3746,31.83,187,66,FALSE,,,activities/14859812902.fit.gz,,,3746,3487,31833.9,15.44,9.129,304,293,454.2,494.6,12.6,0,,,,,187,145,,215,792,,,66,,,,,,,,,,,,,0,,1,,1742331648,1,19,19.9,-2.7,0.23,1016.6,2.9,5.4,257,0,1742297216,1742340736,0.625,,,0,1,0,66063.3,2,,,,,0,8.498,0,,,,,,,,,,,,,,,,,
13921620507,"Mar 18, 2025, 10:56:51 PM",Evening Run,Run,let‚Äôs go! segment i guess?!,1339,4.84,171,36,FALSE,,,activities/14859813486.fit.gz,,,1339,1282,4843.1,5.34,3.778,79,61,650.2,677.8,24.8,0.2,,,103,81,171,154,,411,342,,,36,525473,,,,,,,,404,1340,0,,0,,1,5111.2,1742335232,1,18.5,19.4,-0.9,0.27,1016.3,2.4,4.6,246,0,1742297216,1742340736,0.625,,,0,1,0.06,62852.1,1,,,,,0,3.617,0,,,,3422,,,63,130,3.987,,,,,,,,
13932026167,"Mar 20, 2025, 12:00:59 AM",Evening Swim,Swim,,3686,"2,332",168,63,FALSE,,,activities/14871073621.fit.gz,,,3686,2486,2331.7,4.56,0.938,0,0,0,0,0,0,,,,26,168,133,,,736,,,63,,,,,,,,,,,,,0,,1,,,,,,,,,,,,,,,,,,,,,,,,,,,0,0.633,0,,,,,,25,,,,,,,,,,,
13949313745,"Mar 21, 2025, 10:45:13 PM",Evening Run,Run,,2481,8.05,150,16,FALSE,,,activities/14889753341.fit.gz,,,2481,2346,8050.2,4.38,3.431,167,124,619.2,672.2,35.4,0.2,,,85,81,150,130,,380,552,,,16,890149,,,,,,,,380,2482,,,0,,1,8707,1742594432,3,11,5.5,-5.9,0.3,1014.5,4.5,8,280,0,1742556160,1742600064,0.625,,,0,1,1,56289.5,1,,,,,0,3.245,254,,,,6288,,,103,123,3.711,,,,,,,,
13953354842,"Mar 22, 2025, 11:48:01 AM",Morning Ride,Ride,,1226,0,177,50,FALSE,,,activities/14894114470.fit.gz,,,1226,1226,0,0,0,0,0,0,0,0,0,,,,,177,165,,,351,,,50,,,,,,,,,,,,,0,,1,,,,,,,,,,,,,,,,,,,,,,,,,,,0,0,0,,,,,,,,,,,,,,,,,
13953651295,"Mar 22, 2025, 12:16:08 PM",Morning Run,Run,,603,2.88,177,27,FALSE,,,activities/14894434872.fit.gz,,,603,603,2884.7,5.92,4.784,12,0,616.8,629.6,4.9,0.4,,,96,88,177,168,,474,178,,,27,285412,,,,,,,,464,604,,,0,,1,2919.2,1742644736,1,3.9,2,-4.1,0.56,1013.6,3.1,7,242,0,1742642560,1742686592,0.75,,,0,1,0.07,34464.8,0,,,,,0,4.784,0,,,,1726,,,37,150,4.841,,,,,,,,
13969298495,"Mar 24, 2025, 12:06:37 AM",Evening Run,Run,,2130,7.55,150,11,FALSE,,,activities/14911255870.fit.gz,,,2130,2130,7552.1,4.52,3.546,164,148,632.2,703.4,42.5,0.2,,,88,80,150,131,,395,482,,,11,840534,,,,,,,,406,2131,,,0,,1,8068.7,1742774400,2,13.4,10.4,-2.5,0.33,1013.9,3,8.5,173,0,1742728832,1742772992,0.875,,,0,1,0.39,48105,0,,,,,0,3.546,1123,,,,5692,,,101,131,3.788,,,,,,,,
13977174996,"Mar 24, 2025, 9:08:56 PM",Afternoon Ride,Ride,,3464,25.03,150,20,FALSE,,,activities/14919736409.fit.gz,,,3464,3355,25036.5,18.16,7.462,392,371,576.2,681.2,20.8,0,,,,,150,124,,177,573,,,20,,,,,,,,,,,,,0,,1,,1742850048,8,14.8,7.6,-4.1,0.27,1010.4,7.2,14.8,275,0,1742815104,1742859520,0.875,,,0.58,5,0.99,52203,2,,,,,0,7.228,0,,,,,,,,,,,,,,,,,
13997546453,"Mar 26, 2025, 10:51:19 PM",Evening Run,Run,,2207,7.44,152,18,FALSE,,,activities/14941477676.fit.gz,,,2207,2138,7445,4.56,3.482,17,17,0.2,12.8,6.6,0,,,85,80,152,134,,369,497,,,18,784532,,,,,,,,368,2209,,,0,,1,7489.2,1743026432,1,26.1,26.8,20.2,0.7,1018.1,4.8,6.8,78,0,1742987904,1743032192,0.875,,,0.53,5,0.19,20580,1,,,,,0,3.373,0,,,,5668,,,86,119,3.503,,,,,,,,
14004730995,"Mar 27, 2025, 5:08:57 PM",Nationals course preview,Ride,overshot a couple turns ü§≠,4259,24.62,164,46,FALSE,,,activities/14949217939.fit.gz,,,4259,2909,24627.4,13.538,8.466,78,70,1.6,18,19.2,0,,,,,164,142,,172,661,,,46,,,,,,,,,,,0,,0,,1,,1743094784,1,27.1,26.8,17,0.54,1022.6,6.3,9,71,0,1743074304,1743118592,0.875,,,0,1,0.11,31023,9,,,,,0,5.782,0,,,,,,,,,,,,,,,,,
14013181924,"Mar 28, 2025, 5:42:31 PM",course preview,Swim,,1004,693,135,5,FALSE,,,activities/14958315490.fit.gz,,,1004,1004,693.1,1.22,0.69,0,0,-0.3,1,35.1,0.2,,,34,26,135,121,,,196,,24,5,,,,,,,,,,,0,,0,,1,,1743181184,8,26.1,24.1,18.5,0.63,1023,8.1,11.9,86,0,1743160576,1743204992,0.875,,,0,1,0.77,24011,8,,,,,0,0.69,0,,,,,,,,,,,,,,,,,
14021171913,"Mar 29, 2025, 11:16:03 AM",Tri Nationals Swim,Swim,,1757,"1,458",153,29,FALSE,,,activities/14966920854.fit.gz,,,1757,1757,1457.9,1.26,0.83,0,0,-0.1,1,10.6,-0.1,,,40,29,153,135,,,400,,24,29,,,,,,,,,,,0,,0,,1,,1743245952,3,21.6,20.4,18.4,0.82,1019.3,4.3,10.5,107,0,1743246976,1743291392,0,,,0.57,5,0.8,20810,0,,,,,0,0.83,0,,,,,,,,,,,,,,,,,
14021171924,"Mar 29, 2025, 12:57:59 PM",Tri Nationals Run,Run,new race shoes üòé,2104,9.91,182,106,FALSE,,,activities/14966921012.fit.gz,,,2104,2100,9915.2,6.02,4.722,34,37,-7.8,4.8,6.7,0,,,93,87,182,171,,457,626,,,106,959672,,,,,,,,462,2085,0,,0,,1,9963.2,1743249664,3,22.2,21.1,18.8,0.81,1019.5,4.3,10.2,105,0,1743246976,1743291392,0,,,0.55,5,0.78,21863,0,,,,,0,4.713,0,,,,5906,,,128,149,4.744,,,,,,,,
14021171925,"Mar 29, 2025, 11:47:07 AM",Tri Nationals Ride,Ride,was kind of hurting here. headwind did not feel great,4205,39.81,175,128,FALSE,,,activities/14966921014.fit.gz,,,4205,4205,39811.4,12.314,9.468,59,53,-4.2,8.2,6.3,0,,,93,93,175,157,,206,1058,,25,128,,,,,,,,,,,0,,0,,1,,1743245952,3,21.6,20.4,18.4,0.82,1019.3,4.3,10.5,107,0,1743246976,1743291392,0,,,0.57,5,0.8,20810,0,,,,,0,9.468,0,,,,,,,,,,,,,,,,,
14043192596,"Mar 31, 2025, 9:57:38 PM",Afternoon Run,Run,,2802,6.07,142,7,FALSE,,,activities/14990628119.fit.gz,,,2802,1971,6076.5,4.46,3.083,74,68,623.6,658,14.8,0,,,87,79,142,123,,336,394,,,7,662297,,,,,,,,320,2397,,,0,,1,6274,1743454848,5,17.9,14.6,13.2,0.74,1005.8,4.4,8.2,242,1.4,1743419264,1743464576,0.125,,,0.62,5,1,11304.5,2,,,,,0,2.169,0,,,,5162,,,70,103,3.183,,,,,,,,
14053509845,"Apr 1, 2025, 9:28:29 PM",Afternoon Ride,Ride,,4655,27.89,160,34,FALSE,,,activities/15001600579.fit.gz,,,4655,3634,27891.5,17.68,7.675,457,400,557,668.8,41.7,0,,,,,160,133,,198,684,,,34,,,,,,,,,,,,,0,,1,,1743541248,3,15.7,15.2,0.3,0.35,1017.7,1.9,3.2,257,0,1743505664,1743551104,0.125,,,0,1,0.65,45563.6,2,,,,,0,5.992,0,,,,,,,,,,,,,,,,,
14073049721,"Apr 3, 2025, 10:06:30 PM",Evening Run,Run,,3050,10.13,160,18,FALSE,,,activities/15022220231.fit.gz,,,3050,3050,10136.1,8.54,3.323,119,122,601.6,645.6,15.3,0,,,91,79,160,132,,356,686,,,18,1085288,,,,,,,,361,3051,,,0,,1,10431.5,1743717632,2,24.3,22.7,16.3,0.61,1018,6.2,11.9,202,0.1,1743678208,1743724032,0.125,,,0.53,5,0.56,26577.4,1,,,,,0,3.323,122.3,,,,8046,,,114,116,3.42,,,,,,,,
14082423690,"Apr 4, 2025, 10:30:34 PM",low fuel,Run,feeling like i was going to pass out. stumbled into 7eleven for slurpee and taquitos refuel. got worst brain freeze of my life. fingers also went numb and turned white,6639,19.91,163,85,FALSE,,,activities/15032069276.fit.gz,,,6639,5557,19911.2,5.54,3.583,343,322,576,666.8,20.6,0,,,89,81,163,142,,383,1353,,,85,2126994,,,,,,,,383,5835,0,,0,,1,20815.3,1743804032,3,24.6,23.9,14.9,0.55,1022.1,2.6,4.3,212,0,1743764480,1743810432,0.125,,,0.46,5,0.95,28952.6,1,,,,,0,2.999,1675.3,,,,15010,,,248,124,3.746,,,,,,,,media/19585772-BE11-4E97-B0C2-FD7EE6721E25.jpg|media/0EB00942-1543-499C-B8B1-6E934B7AF47E.jpg
14111102334,"Apr 7, 2025, 9:35:41 PM",Afternoon Ride,Ride,,3058,0,173,65,FALSE,,,activities/15062156113.fit.gz,,,3058,3058,0,0,0,0,0,0,0,0,0,,,,,173,150,,,712,,,65,,,,,,,,,,,,,0,,1,,,,,,,,,,,,,,,,,,,,,,,,,,,0,0,0,,,,,,,,,,,,,,,,,
14122177772,"Apr 8, 2025, 11:24:46 PM",Evening Run,Run,,3216,11.29,159,40,FALSE,,,activities/15073662202.fit.gz,,,3216,3216,11291,4.52,3.511,251,218,632.2,694.2,31.3,0.3,,,85,81,159,141,,379,779,,,40,1239510,,,,,,,,392,3202,,,0,,1,12140.1,1744153216,1,6.2,1.9,-8.9,0.33,1016.8,4.7,8,318,0,1744109824,1744156288,0.375,,,0,1,0.24,59586.5,0,,,,,0,3.511,786.6,,,,8698,,,141,126,3.775,,,,,,,,
14132473258,"Apr 9, 2025, 11:28:38 PM",Evening Run,Run,,5642,16.12,155,26,FALSE,,,activities/15084378189.fit.gz,,,5642,4571,16126.9,4.66,3.528,322,257,608.2,708,46.8,0.1,,,102,81,155,128,,388,1008,,,26,1772183,,,,,,,,385,4927,,,0,,1,17151.6,1744239616,1,12.7,11.8,-2,0.36,1021.1,2.5,4.3,190,0,1744196096,1744242688,0.375,,,0,1,0.24,57873.5,0,,,,,0,2.858,216,,,,12278,,,210,124,3.752,,,,,,,,
14141576001,"Apr 10, 2025, 10:58:16 PM",Evening Run,Run,,3266,11.29,144,14,FALSE,,,activities/15093875695.fit.gz,,,3266,3168,11295.4,4.52,3.565,234,230,643,712.4,22.9,0,,,86,81,144,125,,386,727,,,14,1224379,,,,,,,,392,3268,,,0,,1,11990.9,1744322432,3,10.9,8.6,6.7,0.75,1017.9,2.8,6.3,227,0,1744282368,1744329216,0.375,,,0.56,5,0.92,20140.9,1,,,,,0,3.458,416.7,,,,8516,,,144,126,3.785,,,,,,,,
14147483894,"Apr 11, 2025, 4:03:01 PM",Lunch Run,Run,,2206,8.13,158,33,FALSE,,,activities/15100062274.fit.gz,,,2206,2202,8134.7,5.04,3.694,189,176,639.4,693,22.4,0.2,,,87,82,158,143,,402,554,,,33,886306,,,,,,,,414,2207,,,0,,1,8727.3,1744387200,3,11.1,8.4,6,0.71,1014.3,2.8,4.9,60,0.2,1744368768,1744415616,0.375,,,0.8,5,1,17591.8,3,,,,,0,3.688,0,,,,6026,,,109,134,3.963,,,,,,,,
14168781879,"Apr 13, 2025, 5:00:49 PM",duke,Run,,4620,17.1,172,125,FALSE,,,activities/15122409599.fit.gz,,,4620,4563,17103.2,5.66,3.748,247,234,95.4,133.6,33,0,,,90,82,172,155,,401,1209,,,125,1823875,,,,,,,,404,4621,0,,0,,1,17807.3,1744563584,1,14.5,15.4,3.9,0.49,1019.6,2.3,4.3,294,0,1744541056,1744588032,0.5,,,0,1,0.03,36730.8,6,,,,,0,3.702,1721.3,,,,12440,,,217,130,3.903,,,,,,,,
14179314497,"Apr 14, 2025, 9:52:52 PM",Afternoon Run,Run,,3779,11.29,168,29,FALSE,,,activities/15133420927.fit.gz,,,3779,3471,11295,4.76,3.254,141,132,622.4,658.4,39,0,,,88,80,168,133,,351,751,,,29,1217396,,,,,,,,355,3780,,,0,,1,11736.4,1744664448,1,24.9,24,11.8,0.44,1008.2,6.5,11.6,256,0,1744627712,1744674944,0.625,,,0,1,0.15,41596.8,3,,,,,0,2.989,593.9,,,,9180,,,138,115,3.381,,,,,,,,
14197553448,"Apr 16, 2025, 7:20:24 PM",Afternoon Run,Run,,2584,8.78,145,10,FALSE,,,activities/15152409380.fit.gz,,,2584,2251,8784.8,5.18,3.903,162,113,620.8,667.2,24.5,0.1,,,88,82,145,126,,428,493,,,10,962106,,,,,,,,412,2586,,,0,,1,9353.3,1744829952,1,13.9,10.4,-2.6,0.32,1016.1,6.6,12.7,292,0,1744800384,1744847872,0.625,,,0,1,0,56078.2,6,,,,,0,3.4,76.3,,,,6108,,,126,133,4.155,,,,,,,,
14206963349,"Apr 17, 2025, 7:38:35 PM",Afternoon Run,Run,,2307,8.09,155,19,FALSE,,,activities/15162223612.fit.gz,,,2307,2128,8089.9,5.06,3.802,141,96,625.4,694,36.2,0.1,,,88,82,155,137,,406,510,,,19,864884,,,,,,,,398,2308,,,0,,1,8492.5,1744916352,2,17.9,18,-0.9,0.28,1020.8,1.5,4.4,231,0,1744886656,1744934400,0.625,,,0,1,0.61,65909.7,6,,,,,0,3.507,0,,,,5742,,,105,128,3.991,,,,,,,,
14224263549,"Apr 19, 2025, 2:06:59 PM",spin class with zoe,Ride,my choreo could use work,2513,0,171,41,FALSE,,,activities/15180324433.fit.gz,,,2513,2513,0,0,0,0,0,0,0,0,0,,,,,171,141,,,556,,,41,,,,,,,,,,,0,,0,,1,,,,,,,,,,,,,,,,,,,,,,,,,,,0,0,0,,,,,,,,,,,,,,,,,
14227431583,"Apr 19, 2025, 7:58:47 PM",emigration canyon with zoe!!,Ride,,9657,39.68,173,107,FALSE,,,activities/15183652887.fit.gz,,,9657,7970,39682.7,15.76,4.979,725,702,1269,1919.4,47.8,0,,,,,173,139,,105,1540,,,107,,,,,,,,,,,0,,0,,1,,1745089152,1,11.4,9.7,-7,0.27,1020.2,3.8,5.5,330,0,1745066496,1745115136,0.625,,,0,1,0.17,65310,7,,,,,0,4.109,982.8,,,,,,,,,,,,,,,,,media/2E4D3F9E-EB7C-41DB-993D-456BBF181A39.jpg|media/FF509D0A-AED3-45AD-BF07-B871B377448E.jpg|media/2FACD24E-EBF0-4DA6-9EA1-0657148C53E7.jpg|media/A88F3C53-D864-42C4-826E-EA557A64574D.jpg
14257399049,"Apr 22, 2025, 9:28:18 PM",Afternoon Ride,Ride,,6781,44.78,181,85,FALSE,,,activities/15215022439.fit.gz,,,6781,6141,44783.5,20.14,7.293,736,701,380.8,683.6,31.7,0,,,,,181,139,,175,1243,,,85,,,,,,,,,,,0,,0,,1,,1745355648,3,21.8,19.7,8.3,0.42,1017.8,3.1,5.5,297,0,1745318272,1745366656,0.875,,,0,1,1,45901.5,2,,,,,0,6.604,0,,,,,,,,,,,,,,,,,media/7E4A558C-944F-43DE-9420-93D2DA519227.jpg|media/F54DCD55-F5EF-4D40-B258-BA1DB2BE6C20.jpg|media/814A179F-9DE7-4452-AF5A-8FC8BD0CCD06.jpg
14269169812,"Apr 24, 2025, 4:49:30 AM",Night Run,Run,,1878,6.72,143,10,FALSE,,HOKA Arahi 7,activities/15227300903.fit.gz,,,1878,1876,6728.6,5.06,3.587,87,65,636.4,667,31,0.3,,,86,81,143,133,,385,439,,,10,723305,,,,,,,,387,1878,0,,0,,1,6939.4,1745467136,3,14,14.3,6.8,0.62,1023.6,0.7,1.6,90,0,1745490944,1745539456,0.875,,20966458,0.28,5,0.78,37140,0,,,,,0,3.583,0,,,,5036,,,81,125,3.699,,,,,,,,
14285275317,"Apr 25, 2025, 8:11:20 PM",Let the games begin (4 of 48),Run,4miles x 4 hours x 48 hours,2666,6.89,139,8,FALSE,,,activities/15244141121.fit.gz,,,2666,2377,6889.2,3.86,2.898,84,72,614.6,645,20.8,0.1,,,83,79,139,120,,313,464,,,8,740437,,,,,,,,303,2667,0,,0,,1,7159.1,1745611264,3,20.1,17,14.5,0.7,1018.3,4.9,9.1,217,1.1,1745577216,1745625984,0.875,,,0.63,5,1,13108.2,3,,,,,0,2.584,0,,,,6222,,,70,98,3.012,,,,,,,,
14286589244,"Apr 26, 2025, 12:10:14 AM",8 of 48,Run,,2428,6.44,142,9,FALSE,,,activities/15245508725.fit.gz,,,2428,2202,6447.9,3.94,2.928,82,66,615.6,645,16.8,0.1,,,84,79,142,126,,313,447,,,9,686174,,,,,,,,307,2430,0,,0,,1,6664.4,1745625600,3,18.1,15.8,14.6,0.8,1017.9,4.7,10,209,0.4,1745577216,1745625984,0.875,,,0.69,5,1,14955.2,0,,,,,0,2.656,0,,,,5752,,,66,99,3.027,,,,,,,,
14287393628,"Apr 26, 2025, 4:09:27 AM",12 of 48,Run,,2329,6.45,145,10,FALSE,,,activities/15246359418.fit.gz,,,2329,2296,6458.8,3.74,2.813,85,73,620.2,652,18.5,0.1,,,87,79,145,127,,302,458,,,10,692050,,,,,,,,301,2329,0,,0,,1,6669.7,1745639936,3,16.6,16.1,14.6,0.88,1016.9,2.7,8.2,228,0,1745663616,1745712384,0.875,,,0.55,5,1,15988.1,0,,,,,0,2.773,0,,,,6046,,,60,97,2.905,,,,,,,,
14288589171,"Apr 26, 2025, 8:02:49 AM",16 of 48,Run,schleep,2444,6.45,132,9,FALSE,,,activities/15247618736.fit.gz,,,2444,2444,6452.8,3.48,2.64,69,64,623,647.6,15.4,0.1,,,85,79,132,121,,280,456,,,9,683235,,,,,,,,281,2445,0,,0,,1,6609.2,1745654400,3,15.6,15.1,14.4,0.92,1014.4,2.6,8.2,233,0.1,1745663616,1745712384,0.875,,,1,5,1,13026.9,0,,,,,0,2.64,0,,,,6458,,,56,91,2.704,,,,,,,,
14291041996,"Apr 26, 2025, 12:09:08 PM",20 of 48,Run,i eat miles for breakfast,2142,6.45,133,7,FALSE,,,activities/15250181316.fit.gz,,,2142,2114,6454.6,3.74,3.053,73,105,622.6,648,16,0,,,83,80,133,122,,324,430,,,7,685137,,,,,,,,325,2142,0,,0,,1,6629.6,1745668864,3,15.8,13.6,14.3,0.91,1014.5,3.9,9.4,248,0.1,1745663488,1745712384,0.875,,,0.69,5,0.82,13810,1,,,,,0,3.013,0,,,,5632,,,65,105,3.136,,,,,,,,
14293768137,"Apr 26, 2025, 4:11:22 PM",24 of 48,Run,halfway. 7eleven slurpees to celebrate,2752,6.44,133,8,FALSE,,,activities/15253038672.fit.gz,,,2752,2293,6444.7,3.78,2.811,107,100,632.2,682.6,21.4,0.1,,,83,79,133,118,,306,430,,,8,701598,,,,,,,,298,2594,0,,0,,1,6774.1,1745683200,3,18.6,15.3,13.2,0.71,1015.2,5.7,11,288,0,1745663488,1745712384,0.875,,,0.68,5,0.8,21709.6,7,,,,,0,2.342,0,,,,6008,,,66,96,2.954,,,,,,,,
14295302845,"Apr 26, 2025, 8:06:57 PM",28 of 48,Run,,2200,6.44,149,14,FALSE,,,activities/15254662365.fit.gz,,,2200,2094,6445.3,4.06,3.078,85,72,614.4,644.4,18.9,0.1,,,86,80,149,134,,333,465,,,14,697028,,,,,,,,330,2202,0,,0,,1,6706.2,1745697536,2,21.3,18.8,12.1,0.56,1014.7,6.2,11,297,0,1745663488,1745712384,0.875,,,0.66,5,0.52,29220.5,5,,,,,0,2.93,0,,,,5614,,,69,106,3.203,,,,,,,,
14296581294,"Apr 27, 2025, 12:04:28 AM",32 of 48,Run,,2332,6.46,143,9,FALSE,,,activities/15256000519.fit.gz,,,2332,2225,6462.5,4.06,2.904,126,113,637,671.8,25,0,,,86,79,143,126,,314,468,,,9,696620,,,,,,,,312,2333,0,,0,,1,6973.7,1745712000,3,14,9.4,8.6,0.7,1017.7,5.6,12.2,318,0,1745663488,1745712384,0.875,,,0.61,5,0.65,22083,0,,,,,0,2.771,0,,,,5868,,,65,101,3.134,,,,,,,,
14297436235,"Apr 27, 2025, 4:08:42 AM",36 of 48,Run,,2494,6.44,131,8,FALSE,,,activities/15256904730.fit.gz,,,2494,2308,6445.4,3.84,2.793,104,73,613,670.8,19.2,0.4,,,83,79,131,117,,308,431,,,8,710977,,,,,,,,298,2493,0,,0,,1,6749.8,1745726464,3,10.8,8.4,6.2,0.73,1020.3,3,8.3,315,0,1745749888,1745798912,0.875,,,0,1,0.63,23306.7,0,,,,,0,2.584,0,,,,6072,,,63,96,2.925,,,,,,,,
14298637743,"Apr 27, 2025, 8:07:11 AM",40 of 48,Run,,2574,6.45,126,8,FALSE,,,activities/15258175057.fit.gz,,,2574,2511,6458.2,3.3,2.572,99,73,611,657.8,16.7,0.3,,,86,79,126,113,,280,436,,,8,700548,,,,,,,,278,2575,0,,0,,1,6799.4,1745740800,3,7.9,3.8,2,0.66,1021.8,4.4,10.9,334,0,1745749888,1745798912,0.875,,,0,1,1,26927.6,0,,,,,0,2.509,0,,,,6618,,,57,90,2.708,,,,,,,,
14301744802,"Apr 27, 2025, 12:08:21 PM",44 of 48,Run,,2560,6.45,127,8,FALSE,,,activities/15261406426.fit.gz,,,2560,2454,6452.8,3.4,2.63,109,70,614.4,663.6,19.6,0.4,,,88,79,127,116,,285,436,,,8,698701,,,,,,,,284,2562,0,,0,,1,6788.5,1745755136,3,7.8,4.9,-0.2,0.57,1023.6,2.8,7.9,328,0,1745749888,1745798912,0.875,,,0,1,1,36948.8,1,,,,,0,2.521,0,,,,6436,,,59,92,2.766,,,,,,,,
14304614304,"Apr 27, 2025, 4:07:17 PM",48 of 48,Run,woooooooooo,2432,6.46,130,7,FALSE,,,activities/15264411210.fit.gz,,,2432,2173,6461.3,4.54,2.973,118,88,617.6,664.8,22,0.1,,,105,80,130,117,,328,419,,,7,710417,,,,,,,,326,2434,0,,0,,1,6856.5,1745769600,3,14.9,11.5,0.3,0.37,1023.3,3.5,6.6,0,0,1745749888,1745798912,0.875,,,0,1,0.93,48078.7,4,,,,,0,2.657,0,,,,5750,,,74,105,3.155,,,,,,,,
14332200982,"Apr 30, 2025, 11:29:08 AM",tempo run,Run,i was not recovered from this weekend. this hurt a lot,2757,10.9,182,63,FALSE,,,activities/15293264355.fit.gz,,,2757,2646,10904.4,5.82,4.121,115,113,625.4,686.4,21.1,0,,,93,84,182,150,,421,708,,,63,1112591,,,,,,,,419,2757,0,,0,,1,11157.2,1746010752,3,15.7,15.5,13.5,0.87,1017.5,1.9,4.5,261,0.1,1746008832,1746058240,0.125,,,0.34,5,1,17195.4,0,,,,,0,3.955,3499.2,,,,7392,,,139,135,4.217,,,,,,,,
14349662789,"May 1, 2025, 10:54:14 PM",Evening Run,Run,,4271,15.85,167,90,FALSE,,,activities/15311521104.fit.gz,,,4271,4223,15851,5.08,3.753,203,198,626,667.2,24.1,0,,,105,82,167,149,,398,1084,,,90,1679817,,,,,,,,399,4273,,,0,,1,16260.5,1746136832,8,24.5,21.2,12.4,0.47,1013.5,6.7,11.6,206,0.1,1746095232,1746144640,0.125,,,0.73,5,1,37892.3,1,,,,,0,3.711,675.1,,,,11436,,,197,129,3.85,,,,,,,,
14359602606,"May 3, 2025, 12:02:29 AM",Evening Run,Run,,4172,16.16,172,137,FALSE,,,activities/15321967033.fit.gz,,,4172,4140,16164.3,5.26,3.904,172,169,610.2,660.2,16.7,0,,,88,83,172,160,,407,1142,,,137,1683331,,,,,,,,409,4173,,,0,,1,16504.1,1746230400,3,20.7,20,13.9,0.65,1013.7,3,6.9,201,0,1746181504,1746231168,0.125,,,0.52,5,1,28550,0,,,,,0,3.874,0,,,,11410,,,201,132,3.986,,,,,,,,
14369331579,"May 3, 2025, 9:56:49 PM",Afternoon Run,Run,,2563,9.37,158,37,FALSE,,,activities/15332220360.fit.gz,,,2563,2509,9372.1,5.12,3.735,142,126,615.8,662.8,16.4,0.1,,,91,83,158,143,,396,633,,,37,993787,,,,,,,,395,2565,,,0,,1,9734.4,1746306048,5,19.2,15.5,13.6,0.7,1009.9,5.4,9.8,185,0.8,1746267904,1746317568,0.125,,,0.77,5,1,23472.7,2,,,,,0,3.657,264.1,,,,6864,,,115,127,3.88,,,,,,,,
14391015598,"May 6, 2025, 3:53:45 AM",late night track workout,Run,anaerobic focus. short and fast reps,2863,10.91,155,26,FALSE,,,activities/15355048523.fit.gz,,,2863,2856,10916.9,9.88,3.822,116,116,644.6,698,20,0,,,102,82,155,138,,391,679,,,26,1117391,,,,,,,,407,2864,0,,0,,1,11171.4,1746500352,2,11.6,8.9,7.1,0.74,1016.3,3.1,8.1,285,0,1746440576,1746490496,0.375,,,0.22,5,0.45,23962,0,,,,,0,3.813,0,,,,7786,,,136,131,3.912,,,,,,,,
14400077692,"May 6, 2025, 9:13:27 PM",Afternoon Ride,Ride,,7336,39.8,,,,,,#error#,,,7336,5928,39807.8,20.2,6.715,845,848,567,760.8,46.3,0,,,,,,,,186,1232,,17,,,,,,,,,,,,,,0,,1,,1746565248,2,18.5,15.8,6.4,0.45,1016.9,5.1,8.9,267,0,1746526848,1746577024,0.375,,,0,1,0.58,36955.1,3,,,,,0,5.426,3347.7,,,,,,,,,,,,,,,,,
14420743313,"May 8, 2025, 11:03:17 PM",the stomach didn‚Äôt like this run,Run,ate some questionable cheese,1557,5.51,165,35,FALSE,,,activities/15386268581.fit.gz,,,1557,1557,5512.2,6.72,3.54,71,62,626,659,15.7,0.2,,,86,81,165,149,,379,399,,,35,589447,,,,,,,,382,1558,0,,0,,1,5694.7,1746745216,3,20.5,19.8,10.9,0.54,1014,2.1,4.3,304,0.6,1746699520,1746749824,0.375,,,0.51,5,0.91,32884.8,0,,,,,0,3.54,0,,,,4192,,,65,123,3.657,,,,,,,,
14430218838,"May 9, 2025, 11:16:32 PM",Evening Run,Run,,3142,11.47,168,34,FALSE,,,activities/15396228326.fit.gz,,,3142,3086,11471.2,12.62,3.717,178,161,621.8,671.6,20.4,0.1,,,96,81,168,140,,401,745,,,34,1235688,,,,,,,,402,3143,,,0,,1,11995.2,1746831616,1,16.4,14.8,0.9,0.35,1016.1,4.1,7.9,326,0,1746785920,1746836352,0.375,,,0.34,5,0.19,48349.3,0,,,,,0,3.651,161.8,,,,8262,,,147,130,3.887,,,,,,,,
14438688591,"May 10, 2025, 4:47:57 PM",chill trail running with spencer,Run,feeling a bit beat up,4230,12.2,135,15,FALSE,,,activities/15405179272.fit.gz,,,4230,4166,12206.3,5.1,2.93,153,127,628.6,693,26.4,0.2,,,83,78,135,122,,316,833,,,15,1304447,,,,,,,,316,4231,0,,0,,1,12703.7,1746892800,3,17.6,17.2,1.2,0.33,1020.8,0.4,1,35,0,1746872192,1746922752,0.375,,,0,1,0.98,59339,5,,,,,0,2.886,12207.3,,,,10806,,,122,102,3.049,,,,,,,,
14452228531,"May 12, 2025, 1:19:45 AM",road and sunset,Run,some cows wanted to run with me,4674,16.93,157,46,FALSE,,,activities/15419551638.fit.gz,,,4674,4659,16938.4,5.02,3.636,252,248,226.4,272.4,20.7,0,,,85,81,157,139,,387,1131,,,46,1800000,,,,,,,,395,4675,0,,0,,1,17550.5,1747011584,1,22.9,21.4,6.6,0.35,1018.2,2.4,5,120,0,1746960640,1747012608,0.375,,,0,1,0.18,57504.4,0,,,,,0,3.624,9436.6,,,,12428,,,210,127,3.767,,,,,,,,media/E3E2BB91-CE52-45FC-8531-3B7D6179E44A.mp4
14460659946,"May 12, 2025, 7:46:29 PM",cycling?? kind of,Ride,,6352,19.5,187,10,FALSE,,,activities/15428480222.fit.gz,,,6352,3738,19508.8,7.025,5.219,91,58,276.2,351.2,4.3,0.1,,,,,187,94,,58,378,,,10,,,,,,,,,,,0,,0,,1,,1747076352,1,27.8,27.1,8.1,0.29,1010.8,5.4,7.7,156,0,1747047424,1747099648,0.375,,,0,1,0.19,58906.5,8,,,,,0,3.071,69,,,,,,,,,,,,,,,,,media/12BD4F2C-274B-4EC2-A271-D1B6749E9B94.mp4|media/81D5B8D6-59EE-49AB-8423-1262B6965C7A.mp4
14484209841,"May 15, 2025, 12:37:34 AM",Evening Run,Run,,3226,12.41,172,88,FALSE,,,activities/15453349270.fit.gz,,,3226,3151,12410,5.28,3.938,91,92,238,270.8,11,0,,,87,82,172,155,,418,839,,,88,1316515,,,,,,,,418,3227,,,0,,1,12565.4,1747267200,1,26.8,26.9,14.2,0.46,1001.6,4.2,7.2,138,0,1747219584,1747271936,0.625,,,0,1,0.05,46068.9,0,,,,,0,3.847,7.8,,,,8494,,,163,135,3.988,,,,,,,,
14493358425,"May 15, 2025, 10:04:32 PM",Evening Run,Run,,3104,10.7,169,58,FALSE,,,activities/15463106907.fit.gz,,,3104,2834,10699.6,4.98,3.775,159,145,604.2,668,20.4,0,,,87,81,169,147,,399,721,,,58,1129692,,,,,,,,389,3105,,,0,,1,11123.5,1747346432,3,24.1,24.9,18.3,0.7,1008.6,1.9,4.5,197,0.1,1747303936,1747355008,0.625,,,0.52,5,0.74,22422,1,,,,,0,3.447,1898.4,,,,7598,,,135,125,3.925,,,,,,,,
14503238783,"May 17, 2025, 12:04:58 AM",Evening Run,Run,,2379,8.37,171,34,FALSE,,,activities/15473795443.fit.gz,,,2379,2120,8373,5.8,3.95,137,141,623.6,689.8,20,-0.1,,,88,82,171,145,,418,544,,,34,885204,,,,,,,,427,2123,,,0,,1,8705.8,1747440000,3,20,19.9,16.3,0.79,1008.8,2.4,6.2,240,0,1747390336,1747441536,0.625,,,0.53,5,1,16717,0,,,,,0,3.52,2259,,,,5770,,,112,138,4.107,,,,,,,,
14513257122,"May 17, 2025, 11:14:30 PM",Evening Run,Run,,2402,8.85,157,34,FALSE,,,activities/15484931169.fit.gz,,,2402,2339,8850,6.24,3.784,199,190,649,710.8,46.2,0,,,94,82,157,143,,416,581,,,34,972106,,,,,,,,418,2403,,,0,,1,9538,1747522816,8,21.9,20,9.8,0.46,1006.1,6.9,16.6,272,0,1747476736,1747527936,0.625,,,0.58,5,0.12,39969,0,,,,,0,3.684,290.2,,,,6298,,,121,135,4.078,,,,,,,,
14533927718,"May 19, 2025, 9:59:58 PM",Afternoon Run,Run,,3041,11.63,159,58,FALSE,,,activities/15508209463.fit.gz,,,3041,3041,11630.2,5.14,3.824,182,179,77.6,119.2,19.7,0,,,87,82,159,146,,414,771,,,58,1257000,,,,,,,,418,3042,,,0,,1,12110.8,1747688448,1,23,22.4,10.8,0.46,1011.5,5.7,9.9,321,0,1747648384,1747700352,0.625,,,0,1,0.05,42260,3,,,,,0,3.824,1021.3,,,,8224,,,153,135,3.983,,,,,,,,
14545677796,"May 20, 2025, 11:59:12 PM",Evening Run,Run,,1459,5.56,174,23,FALSE,,,activities/15520740902.fit.gz,,,1459,1444,5566.7,6.24,3.855,57,57,104.2,127.6,8.5,-0.1,,,96,82,174,145,,398,367,,,23,575201,,,,,,,,405,1460,,,0,,1,5671,1747782016,3,19,18.7,8.1,0.49,1013.2,1,2.7,59,0,1747734656,1747786752,0.75,,,0.08,5,1,47787,0,,,,,0,3.815,0,,,,3936,,,69,131,3.927,,,,,,,,
14555257409,"May 21, 2025, 9:41:06 PM",Afternoon Run,Run,,1660,6.45,155,22,FALSE,,,activities/15530999426.fit.gz,,,1660,1660,6451.2,5,3.886,117,111,77.8,102.6,14.9,0.1,,,87,82,155,141,,419,419,,,22,694800,,,,,,,,424,1661,,,0,,1,6763.8,1747861248,3,14.2,10.7,11.5,0.84,1009.2,4.1,9.4,113,0,1747821056,1747873280,0.875,,,0.98,5,0.98,13535,2,,,,,0,3.886,65.3,,,,4456,,,86,137,4.075,,,,,,,,
14574149746,"May 23, 2025, 9:51:31 PM",Afternoon Run,Run,,2558,9.57,158,41,FALSE,,,activities/15551372460.fit.gz,,,2558,2558,9569.3,4.92,3.741,169,181,72.2,114.6,36.4,-0.1,,,86,81,158,144,,404,654,,,41,1032406,,,,,,,,410,2559,,,0,,1,10149.2,1748034048,3,18.3,13.4,5.1,0.42,1013.5,6.5,11.5,293,0,1747993856,1748046080,0.875,,,0,1,0.89,42619,3,,,,,0,3.741,1022.6,,,,6910,,,124,132,3.968,,,,,,,,
14581801546,"May 24, 2025, 3:34:50 PM",Lunch Run,Run,,2072,7.77,153,26,FALSE,,,activities/15559610094.fit.gz,,,2072,2068,7769.4,6.54,3.757,54,64,-8,14.8,14,-0.1,,,86,82,153,139,,401,511,,,26,830391,,,,,,,,405,2073,,,0,,1,7911.5,1748098816,2,17.2,13.5,6.7,0.5,1018.8,6.1,10.8,300,0,1748080128,1748132480,0.875,,,0,1,0.53,37776,5,,,,,0,3.75,885.1,,,,5668,,,98,131,3.826,,,,,,,,
14590635276,"May 25, 2025, 10:24:48 AM",warmup and secret starbucks bathroom finding because the port o potty ran out of toilet paper,Run,,389,1.21,131,1,FALSE,,,activities/15569141432.fit.gz,,,389,377,1218.5,6.42,3.232,6,7,7.4,16,6.3,-0.1,,,93,80,131,120,,329,80,,,1,126307,,,,,,,,321,390,0,,0,,1,1227.3,1748167168,2,9.6,7.2,5.4,0.75,1023.5,2.9,6,312,0,1748166528,1748219008,0.875,,,0,1,0.46,24899,0,,,,,0,3.132,0,,,,1018,,,11,104,3.255,,,,,,,,
14590641566,"May 25, 2025, 11:00:51 AM",Georgetown Memorial Half 2025,Run,smashed a pr and placed 2nd,4600,21.13,161,99,FALSE,,,activities/15569147738.fit.gz,,,4600,4600,21132.5,6.08,4.594,69,63,-4.4,25.8,11,0,,,94,86,161,148,,464,1270,,,99,2136508,,,,,,,,464,4601,0,,0,,1,21289,1748170752,3,10.6,7.9,5.7,0.72,1023.7,3.3,8.6,309,0,1748166528,1748219008,0.875,,,0,1,0.85,25697,0,,,,,0,4.594,21047.8,,,,13098,,,286,150,4.628,,,,,,,,media/15BDC0D2-9861-4E81-9817-45B5EFE28297.jpg
14590884419,"May 25, 2025, 1:13:34 PM",cooldown,Run,,368,1.09,130,1,FALSE,,,activities/15569408197.fit.gz,,,368,368,1095.5,4.12,2.977,12,2,-5.6,6.6,8,0.8,,,83,80,130,123,,322,76,,,1,118745,,,,,,,,314,369,0,,0,,1,1126.4,1748178048,1,14.4,14.4,6.2,0.58,1023.9,3.8,7.4,311,0,1748166528,1748219008,0.875,,,0,1,0,31308,3,,,,,0,2.977,0,,,,988,,,10,101,3.061,,,,,,,,
14616037713,"May 27, 2025, 10:46:57 PM",bridge was under construction üò† üöß,Ride,had to improvise route on the fly,5893,32.46,157,38,FALSE,,,activities/15596477361.fit.gz,,,5893,4829,32459.1,16.28,6.722,635,584,53.4,131.8,27.7,0,,,,,157,129,,171,893,,,38,,,,,,,,,,,0,,0,,1,,1748383232,3,16.2,14.7,10.9,0.71,1026.3,2.4,7,161,0.1,1748339200,1748391936,0,,,0.91,5,1,21872,1,,,,,0,5.508,30.4,,,,,,,,,,,,,,,,,
14626500133,"May 28, 2025, 11:57:53 PM",Evening Swim,Swim,,1567,"1,000",156,23,FALSE,,,activities/15607700969.fit.gz,,,1567,1034,1000,1.1,0.967,0,0,0,0,0,0,,,,23,156,136,,,296,,,23,,,,,,,,,,,,,0,,1,,,,,,,,,,,,,,,,,,,,,,,,,,,0,0.638,0,,,,,,25,,,,,,,,,,,
14636786367,"May 30, 2025, 12:19:33 AM",Evening Run,Run,,2093,8.07,161,44,FALSE,,,activities/15618735219.fit.gz,,,2093,2093,8071.2,5.44,3.856,97,103,81,122.6,13.9,-0.1,,,86,82,161,148,,429,551,,,44,901986,,,,,,,,514,2094,,,0,,1,8257.1,1748563200,3,20.2,20.6,17.4,0.84,1014.3,2.1,5.2,176,0.6,1748512000,1748564864,0.125,,,0.25,5,1,15489,0,,,,,0,3.856,0,,,,5690,,,160,166,3.945,,,,,,,,
14645658103,"May 30, 2025, 7:35:37 PM",rainyyyy!!!,Ride,,10217,62.01,170,91,FALSE,,,activities/15628327712.fit.gz,,,10217,8547,62013.5,15.7,7.256,1216,1150,49.4,129.8,26.3,0,,,,,170,135,,188,1585,,,91,,,,,,,,,,,0,,0,,1,,1748631552,3,24.8,23.9,15.1,0.55,1002.6,2.7,5,213,0,1748598400,1748651264,0.125,,,0.86,5,0.99,35261,4,,,,,0,6.07,803.4,,,,,,,,,,,,,,,,,media/7F9A2711-60F5-47FA-99D0-8E4A4F0C496B.mp4|media/34F378DC-4819-4394-A060-718B24F6C49F.jpg|media/68E99900-7672-42DE-BAF6-ACA566D6BA97.jpg|media/746D233B-2B6B-497E-9536-823B5FFF9BCF.jpg
14678507993,"Jun 2, 2025, 10:20:55 PM",giving zoe dc tour (again),Ride,also got tacos,12560,43.37,146,25,FALSE,,,activities/15663673862.fit.gz,,,12560,8679,43372.3,9.92,4.997,445,359,-10,104.8,21.6,0,,,,,146,104,,84,970,,,25,,,,,,,,,,,0,,0,,1,,1748901632,1,23.2,24.5,6,0.33,1016.5,2.7,5.9,306,0,1748857472,1748910592,0.125,,,0,1,0,53812,1,,,,,0,3.453,263.2,,,,,,,,,,,,,,,,,media/9FA5ACB4-8A81-4D96-8BE0-DBED9588AFEE.jpg|media/B7169931-A8F6-4DE2-8377-A3199FCDE80A.jpg|media/CDEAA8E4-C516-40A7-9499-2BBD002EB89A.jpg|media/5C531834-C133-4E42-848D-F9CFBB22D73C.jpg
14698815036,"Jun 4, 2025, 9:05:12 PM",Afternoon Run,Run,,3391,12.05,171,87,FALSE,,,activities/15685442393.fit.gz,,,3391,3352,12056.5,6.74,3.597,199,201,69.2,118.8,30.9,0,,,101,80,171,154,,383,898,,,87,1279554,,,,,,,,389,3392,,,0,,1,12595.5,1749070848,1,30.2,31.7,17.7,0.47,1019.4,3.9,5.9,185,0,1749030272,1749083392,0.375,,,0,1,0,39410,4,,,,,0,3.555,0,,,,8826,,,147,125,3.758,,,,,,,,
14709854791,"Jun 6, 2025, 12:10:36 AM",Evening Run,Run,,2903,10.08,159,33,FALSE,,,activities/15697297024.fit.gz,,,2903,2903,10084.1,4.48,3.474,128,137,73.2,115.8,15,-0.1,,,84,80,159,139,,366,698,,,33,1063501,,,,,,,,369,2904,,,0,,1,10358.7,1749168000,3,25.9,26,20,0.7,1015.2,3.2,7.4,180,0,1749116672,1749169920,0.375,,,0,1,0.81,25419,0,,,,,0,3.474,0,,,,7720,,,114,119,3.568,,,,,,,,
14718895032,"Jun 6, 2025, 11:13:42 PM",Evening Ride,Ride,,5159,32.51,136,14,FALSE,,,activities/15707102857.fit.gz,,,5159,4870,32511.9,12.04,6.676,236,225,67.4,150,13.9,0,,,,,136,108,,105,565,,,14,,,,,,,,,,,,,0,,1,,1749250816,3,26.7,27.1,19.6,0.65,1010.2,2,3.5,129,0.1,1749203072,1749256320,0.375,,,0.55,5,0.99,27538,0,,,,,0,6.302,234.5,,,,,,,,,,,,,,,,,
14728469913,"Jun 7, 2025, 9:56:00 PM",Afternoon Run,Run,,5869,21.1,174,154,FALSE,,,activities/15717469293.fit.gz,,,5869,5524,21105.8,6.68,3.821,174,159,0.8,116.6,27.5,0,,,100,81,174,155,,404,1443,,,154,2224884,,,,,,,,399,5870,,,0,,1,21608.5,1749330048,2,27.8,28.6,19.3,0.6,1007.5,3,5.8,309,0,1749289344,1749342720,0.375,,,0.84,5,0.47,29391,3,,,,,0,3.596,7485.4,,,,14734,,,270,129,3.912,,,,,,,,
14749915362,"Jun 9, 2025, 9:42:53 PM",Afternoon Run,Run,,8319,10.48,171,57,FALSE,,,activities/15740623391.fit.gz,,,8319,2676,10480.7,5.74,3.917,123,116,88.2,123.4,18,0,,,88,82,171,150,,419,708,,,57,1105137,,,,,,,,408,2891,,,0,,1,10771.7,1749502848,3,27.7,27.2,19.2,0.6,1009.1,3,4.4,164,0,1749462144,1749515648,0.375,,,0.58,5,1,27472,3,,,,,0,1.26,976.9,,,,7144,,,139,132,4.025,,,,,,,,
14761062665,"Jun 10, 2025, 11:27:20 PM",Evening Ride,Ride,,5798,32.19,167,48,FALSE,,,activities/15752649716.fit.gz,,,5798,4403,32189.4,17.04,7.311,454,426,93.2,194.4,21.3,0,,,,,167,134,,163,816,,,48,,,,,,,,,,,,,0,,1,,1749596416,3,25.8,25.8,16.4,0.56,1012.9,2.1,4.2,256,0,1749548672,1749602176,0.375,,,0.53,5,0.86,40537.9,0,,,,,0,5.552,5701.8,,,,,,,,,,,,,,,,,
14772037029,"Jun 12, 2025, 12:32:28 AM",Evening Run,Run,,2166,8.26,147,12,FALSE,,,activities/15764489336.fit.gz,,,2166,2166,8259.8,4.84,3.813,91,93,106.2,130.4,12,0,,,84,81,147,133,,402,514,,,12,869686,,,,,,,,403,2167,,,0,,1,8452.2,1749686400,1,26.6,27,16.8,0.55,1018.1,1.7,3.8,213,0,1749634944,1749688448,0.5,,,0,1,0.05,40682,0,,,,,0,3.813,0,,,,5804,,,101,130,3.902,,,,,,,,
14781787603,"Jun 12, 2025, 10:47:51 PM",Evening Run,Run,,3097,10.34,165,54,FALSE,,,activities/15775001728.fit.gz,,,3097,2927,10346.8,5.34,3.535,175,175,59.6,98.2,40,0,,,86,80,165,147,,381,731,,,54,1092409,,,,,,,,381,3098,,,0,,1,10810.8,1749765632,3,30.5,30.6,18.6,0.49,1016.6,2.7,4.5,224,0,1749721344,1749774976,0.625,,,0,1,0.84,43603,2,,,,,0,3.341,1018.3,,,,7594,,,130,123,3.693,,,,,,,,
14799409727,"Jun 14, 2025, 6:00:40 PM",Afternoon Swim,Swim,,459,266,134,1,FALSE,,,activities/15794130129.fit.gz,,,459,394,265.5,1.14,0.674,0,0,247.7,247.7,0,0,,,44,28,134,117,,,76,,29,1,,,,,,,,,,,,,0,,1,,1749923968,3,27.6,27.1,21.4,0.69,1016.8,4.8,8.7,226,0,1749896320,1749948800,0.625,,,0.74,5,0.74,23755.9,8,,,,,0,0.578,0,,,,,,,,,,,,,,,,,
14809003417,"Jun 15, 2025, 2:30:28 PM",Tennesseeeeennnnsseesssseeee,Ride,,4826,28.68,185,35,FALSE,,,activities/15804544767.fit.gz,,,4826,3923,28680.8,15.44,7.311,461,508,270.8,514,27.9,-0.2,,,,,185,141,,177,806,,,35,,,,,,,,,,,0,,0,,1,,1749996032,3,22.8,22,20.2,0.85,1017.9,3.5,7.6,257,0.2,1749982720,1750035072,0.625,,,0.88,5,0.95,18529,3,,,,,0,5.943,1229.2,,,,,,,,,,,,,,,,,media/C4EB80CD-D4A2-4CB0-B0DC-C2C8307B4CC1.mp4|media/60A200B9-E196-43B4-BE4B-52B0AFF2514E.jpg|media/D1FF2372-55C9-479B-AA30-7CDC03AABF9B.jpg|media/443B25B5-5E7C-43E6-A632-430F0157E82F.mp4
14843961882,"Jun 18, 2025, 10:08:18 PM",test ride,Ride,new bike!! but of course it won‚Äôt stop raining the week i get it,1591,11.49,163,9,FALSE,,,activities/15842298878.fit.gz,,,1591,1559,11489.8,15.24,7.37,219,232,64.4,114.6,39.8,-0.1,,,,,163,137,,191,349,,,9,,,,,,,,,,,0,,0,,1,,1750284032,3,28,29.7,23.3,0.76,1011.8,1,3.7,242,0.1,1750239744,1750293504,0.625,,,0.78,5,0.81,18528,2,,,,,0,7.222,0,,,,,,,,,,,,,,,,,media/1C14DB15-F4CF-4775-8D1F-5542DDFDF3B0.mp4|media/CDF6EEA2-9ED3-4AB9-9553-CC3E8A5E7727.jpg
14845020398,"Jun 19, 2025, 1:08:30 AM",New Wahoo Kickr,Ride,test ride,1951,16.17,172,23,FALSE,,,activities/15843432247.fit.gz,,,1951,1951,16177,12.74,8.292,0,0,0,0,0,0,,,,,172,144,,212,414,,,23,414458,,,,,,,,223,1952,0,,0,,1,,,,,,,,,,,,,,,,,,,,,,,,,,,0,8.292,0,,,,,,,28,72,,,,,,,,,
14851453849,"Jun 19, 2025, 4:14:31 PM",Lunch Swim,Swim,,1144,225,127,0,FALSE,,,activities/15850436950.fit.gz,,,1144,222,225,1.68,1.014,0,0,0,0,0,0,,,,23,127,108,,,51,,,0,,,,,,,,,,,0,,0,,1,,,,,,,,,,,,,,,,,,,,,,,,,,,0,0.197,0,,,,,,25,,,,,,,,,,,
14864777593,"Jun 20, 2025, 11:41:46 PM",elevation training camp day 1,Run,and by elevation training camp i mean zoe‚Äôs house,2208,7.64,168,24,FALSE,,,activities/15864913353.fit.gz,,,2208,2075,7644.6,4.88,3.684,73,72,1595.4,1653.4,33.6,0,,,83,80,168,148,,383,536,,,24,795125,,,,,,,,373,2209,0,,0,,1,7852.5,1750460416,8,35.4,35.6,-2.3,0.09,991.8,7.4,14.7,249,0,1750419200,1750473216,0.875,,,0,1,0.32,77370,4,,,,,0,3.462,541.3,,,,5498,,,88,120,3.784,,,,,,,,
14873941193,"Jun 21, 2025, 5:03:04 PM",elevation training camp day 2,Ride,now i know why all the pros live here,10950,31.07,163,25,FALSE,,,activities/15874868752.fit.gz,,,10950,6308,31069.2,21.02,4.925,831,687,1634.4,2151.2,36.9,0.2,,,,,163,124,,142,996,,,25,,,,,,,,,,,0,,0,,1,,1750525184,1,31.3,32.3,-2.7,0.11,994.8,2.9,5.3,20,0,1750505600,1750559616,0.875,,,0,1,0.02,77540,9,,,,,0,2.837,313.7,,,,,,,,,,,,,,,,,media/EA20526E-6284-4828-834C-25ACFE9565E3.mp4|media/83AC23B1-A507-4182-816D-61E908FC2A92.jpg|media/44758AA1-0832-4E40-B337-80ED520E2AD7.mp4|media/A7218CE6-9CC7-43D5-A4E1-1CBA06C8C1D0.mp4|media/8DD8D740-5EC6-4C41-A153-16BB18811493.jpg
14874313040,"Jun 21, 2025, 9:02:25 PM",Afternoon Ride,Ride,,511,3.41,144,1,FALSE,,,activities/15875277524.fit.gz,,,511,478,3415.2,14.16,7.145,10,52,1640.8,1695.8,11.6,-1.6,,,,,144,118,,72,82,,,1,,,,,,,,,,,0,,0,,1,,1750539648,1,35.1,35.8,-1.1,0.1,991.5,4.7,8,81,0,1750505600,1750559616,0.875,,,0,1,0.01,78120,9,,,,,0,6.683,0,,,,,,,,,,,,,,,,,
14885464346,"Jun 22, 2025, 9:04:56 PM",Elevation training camp day 3,Run,,3495,12.95,170,50,FALSE,,,activities/15887404145.fit.gz,,,3495,3418,12951.4,6.72,3.789,195,186,1621.8,1714.6,18.7,0,,,92,81,170,152,,399,881,,,50,1363973,,,,,,,,401,3497,0,,0,,1,13443.2,1750626048,2,30.1,30.4,4,0.19,997.3,2.9,7.3,69,0,1750592000,1750646016,0.875,,,0,1,0.38,63800,6,,,,,0,3.706,1635.4,,,,9168,,,162,129,3.933,,,,,,,,
14894649796,"Jun 23, 2025, 5:44:59 PM",Red rocks and Lookout Mtn rd!!,Ride,Prettiest decent of my life. Zoe is learning to climb!!,13198,56.02,158,36,FALSE,,,activities/15897411941.fit.gz,,,13198,10971,56024.2,15.68,5.107,1181,1105,1781,2396.2,29.8,0,,,,,158,120,,118,1439,,,36,,,,,,,,,,,0,,0,,1,,1750697984,2,17.5,16.3,6.7,0.49,1016.2,3.2,4.6,83,0,1750678400,1750732416,0.875,,,0.5,5,0.58,29971,7,,,,,0,4.245,1291.2,,,,,,,,,,,,,,,,,media/944BB625-8BAB-4D1F-8DD6-73E9149D6BD0.mp4|media/4F3DD3A6-03DD-477D-8AC2-CE9165549D5B.mp4|media/6132553D-E803-4192-B81F-7827473BC9A1.mp4|media/3CA42E1F-466C-4C73-8246-D1EDF5D6EAFB.mp4|media/E3E69C5B-8EB6-4D2D-8DCE-836FBEAB892E.jpg|media/010E73A0-CF10-4389-ADC8-E2EEBCFA8D52.jpg|media/D88DC914-D68F-4B57-AB88-4B12AC0B5390.jpg
14917206801,"Jun 25, 2025, 10:32:18 PM",return to humidity,Ride,my glasses fogged over,6542,49.98,174,100,FALSE,,,activities/15921758797.fit.gz,,,6542,5748,49988,16.633,8.697,497,465,66.6,151.6,14.2,0,,,,,174,154,,203,1365,,,100,,,,,,,,,,,0,,0,,1,,1750888832,3,30.6,30.4,23.5,0.66,1016.7,4.4,9.5,287,0.1,1750844672,1750898304,0.875,,,0.46,5,1,23715,2,,,,,0,7.641,227.5,,,,,,,,,,,,,,,,,media/82019FB0-4CB9-4C24-A285-73E026B55B8A.jpg
14917335514,"Jun 26, 2025, 12:26:03 AM",Evening Run,Run,,961,3.9,177,22,FALSE,,,activities/15921896150.fit.gz,,,961,961,3908.5,4.98,4.067,44,44,101.4,116.8,11.5,0,,,88,82,177,162,,424,265,,,22,407687,,,,,,,,421,962,,,0,,1,3997.2,1750896000,3,29.2,30.8,24.1,0.74,1016,1.8,3.4,236,0.1,1750844672,1750898304,0.875,,,0.4,5,0.83,22892,0,,,,,0,4.067,0,,,,2590,,,49,136,4.159,,,,,,,,
14934467976,"Jun 27, 2025, 5:26:22 PM",Afternoon Run,Run,,2847,10.31,167,47,FALSE,,,activities/15940648972.fit.gz,,,2847,2778,10310.1,5.84,3.711,112,109,-6.4,42.2,17.7,0,,,88,81,167,143,,396,698,,,47,1094784,,,,,,,,394,2848,,,0,,1,10636.6,1751043584,3,24.2,23.4,13.1,0.5,1024.4,2.8,4.6,116,0,1751015552,1751070336,0.125,,,0,1,0.85,37530,6,,,,,0,3.621,122.5,,,,7390,,,127,127,3.829,,,,,,,,
14955315029,"Jun 29, 2025, 4:34:29 PM",rhode island beachhh,Run,,1763,6.47,159,37,FALSE,,,activities/15963557113.fit.gz,,,1763,1763,6472.4,4.92,3.671,57,59,-6.6,19.4,25.6,0,,,86,81,159,146,,389,468,,,37,685703,,,,,,,,388,1764,0,,0,,1,6634.2,1751212800,2,28.5,28.9,19.2,0.57,1013.8,3.3,6.3,258,0,1751188480,1751243008,0.125,,,0.44,5,0.56,31416,8,,,,,0,3.671,5882.8,,,,4746,,,76,125,3.763,,,,,,,,
14955986436,"Jun 29, 2025, 5:55:28 PM",Afternoon Swim,Swim,,168,99,147,3,FALSE,,,activities/15964283803.fit.gz,,,168,168,98.7,0.86,0.587,0,0,1.8,1.8,0,0,,,30,24,147,134,,,42,,27,3,,,,,,,,,,,0,,0,,1,,1751216384,1,29.2,29.9,18.1,0.51,1013.4,3.5,6.4,267,0,1751188480,1751243008,0.125,,,0.44,5,0.33,34552,9,,,,,0,0.587,0,,,,,,,,,,,,,,,,,
14977714775,"Jul 1, 2025, 9:18:39 PM",Afternoon Run,Run,,2058,7.93,171,38,FALSE,,,activities/15988183046.fit.gz,,,2058,2058,7932.7,5.32,3.855,99,109,81,121.8,24.6,-0.1,,,86,81,171,145,,415,536,,,38,888783,,,,,,,,440,2059,,,0,,1,8196.4,1751403648,5,26.5,26.3,23,0.81,1010.3,3.9,6.2,257,17.1,1751363200,1751416704,0.125,,,0.99,5,1,5881,3,,,,,0,3.855,38.1,,,,5560,,,115,142,3.983,,,,,,,,
14999875177,"Jul 3, 2025, 9:55:33 PM",llamas?? ü¶ô i guess,Ride,or sum weird looking dogs,8813,66.94,170,175,FALSE,,,activities/16012553280.fit.gz,,,8813,8230,66939.9,16.78,8.134,1180,1158,63.8,139,25.1,0,,,,,170,147,,212,1829,,,175,,,,,,,,,,,0,,0,,1,,1751576448,1,32.2,34.1,18.4,0.44,1011.8,2.9,5.9,281,0,1751536128,1751589504,0.25,,,0,1,0.04,42391,4,,,,,0,7.596,0,,,,,,,,,,,,,,,,,media/AFAA73FC-C093-49AD-909B-470D10792F79.mp4
15007213464,"Jul 4, 2025, 4:59:49 PM",Lunch Run,Run,,3617,12.98,176,115,FALSE,,,activities/16020722652.fit.gz,,,3617,3325,12982.1,5.1,3.904,154,149,85.8,159.2,15.4,0,,,88,82,176,159,,410,923,,,115,1361461,,,,,,,,401,3619,,,0,,1,13332.5,1751644800,1,27.3,29.1,14.7,0.46,1019,2,6.8,318,0,1751622528,1751675904,0.375,,,0,1,0,45248,9,,,,,0,3.589,0,,,,9034,,,167,129,4.01,,,,,,,,
15019335560,"Jul 5, 2025, 10:00:27 PM",Evening Run,Run,,1819,6.88,171,60,FALSE,,,activities/16034152107.fit.gz,,,1819,1819,6887.9,4.88,3.787,89,89,79.8,118.2,15.4,0,,,84,80,171,157,,401,498,,,60,728971,,,,,,,,402,1820,,,0,,1,7111.5,1751752832,1,29.4,31.3,17.2,0.48,1018.8,2.7,4,189,0,1751708928,1751762304,0.375,,,0,1,0,48310,2,,,,,0,3.787,0,,,,4848,,,85,130,3.91,,,,,,,,
15026198374,"Jul 6, 2025, 1:17:13 PM",Morning Run,Run,,4637,15,153,29,FALSE,,,activities/16041759045.fit.gz,,,4637,4372,15007.1,5.88,3.433,59,49,-5.4,12,25.2,0,,,83,79,153,131,,355,1004,,,29,1546709,,,,,,,,349,4639,,,0,,1,15206.6,1751806848,1,24.6,27.7,20.5,0.78,1018.5,1.6,4.1,197,0,1751795328,1751848576,0.375,,,0.24,5,0.09,22886,3,,,,,0,3.236,68.2,,,,11498,,,163,113,3.478,,,,,,,,
15040434028,"Jul 7, 2025, 10:24:13 PM",crazy route with tamir,Ride,shout out to his witchcraft electric bike pump which i can‚Äôt figure out,5512,43.13,168,71,FALSE,,,activities/16057444170.fit.gz,,,5512,5183,43136.9,16.58,8.323,523,506,78.2,143.6,12.2,0,,,,,168,137,,191,1044,,,71,,,,,,,,,,,0,,0,,1,,1751925632,2,32.3,34.9,23.6,0.6,1012,0.9,4,275,0,1751881856,1751935104,0.375,,,0.62,5,0.38,34837,2,,,,,0,7.826,0,,,,,,,,,,,,,,,,,media/F7DF2E9A-10B3-400F-B6F2-7A7F311A7695.jpg|media/72D97CDB-307D-4C2C-9A55-10384C8382FF.mp4
15064036519,"Jul 10, 2025, 1:30:17 AM",Night Run,Run,,2298,9.01,174,45,FALSE,,,activities/16083120248.fit.gz,,,2298,2286,9010.5,5.48,3.942,97,105,95.4,118.4,12.2,-0.1,,,88,81,174,146,,407,597,,,45,932456,,,,,,,,411,2299,,,0,,1,9179.5,1752109184,5,23.5,24.9,21.8,0.9,1014.2,2.1,3.4,17,1.4,1752054656,1752107776,0.375,,,0.86,5,1,7347,0,,,,,0,3.921,0,,,,6130,,,112,133,4.016,,,,,,,,
15110475885,"Jul 14, 2025, 12:22:27 PM",Morning Run,Run,,2584,9.23,158,38,FALSE,,,activities/16134279937.fit.gz,,,2584,2459,9238.2,6.94,3.757,68,61,11,38.2,12.7,0,,,88,81,158,142,,398,618,,,38,975623,,,,,,,,389,2583,,,0,,1,9359.4,1752494336,3,25,26,22.5,0.86,1018,1.9,3.5,206,0,1752485888,1752539136,0.625,,,0.77,5,0.93,18184,1,,,,,0,3.575,0,,,,6556,,,112,125,3.806,,,,,,,,
15139900572,"Jul 17, 2025, 1:40:24 AM",Trainer rideeee,Ride,,2760,23.48,179,69,FALSE,,,activities/16166329854.fit.gz,,,2760,2760,23483,12.96,8.508,0,0,0,0,0,0,,,,,179,148,,220,606,,,69,606166,,,,,,,,232,2761,,,0,,1,,,,,,,,,,,,,,,,,,,,,,,,,,,0,8.508,0,,,,,,,43,75,,,,,,,,,
15149134454,"Jul 17, 2025, 9:22:18 PM",Afternoon Run,Run,,2525,9.18,177,86,FALSE,,,activities/16176462756.fit.gz,,,2525,2523,9188,4.82,3.642,104,113,70.6,112.6,12.5,-0.1,,,86,80,177,159,,387,680,,,86,975565,,,,,,,,390,2526,,,0,,1,9385.3,1752786048,3,33,33.3,23.6,0.58,1011.5,4.6,8.6,254,0,1752746240,1752798720,0.625,,,0.5,5,0.74,35151,3,,,,,0,3.639,0,,,,6708,,,111,126,3.72,,,,,,,,
15181993480,"Jul 20, 2025, 11:08:36 PM",Evening Run,Run,,2638,9.97,173,67,FALSE,,,activities/16212600892.fit.gz,,,2638,2638,9970.5,5.26,3.78,156,161,76,112.6,14.9,0,,,86,81,173,151,,403,698,,,67,1061774,,,,,,,,407,2639,,,0,,1,10331.9,1753052416,3,29.8,29.5,22,0.63,1009.9,4.4,8.8,297,0,1753005568,1753057792,0.875,,,0.37,5,1,31965,1,,,,,0,3.78,133.4,,,,7080,0,,126,131,3.917,,,,,,,,
15191274443,"Jul 21, 2025, 9:08:20 PM",Afternoon Run,Run,,1798,6.81,162,36,FALSE,,,activities/16222772229.fit.gz,,,1798,1795,6809,4.6,3.793,73,82,79.2,119.8,15.3,-0.1,,,83,80,162,144,,396,461,,,36,711541,,,,,,,,398,1799,,,0,,1,6969.1,1753131648,2,29.8,30.4,18.9,0.52,1013.1,2.9,4.7,335,0,1753092096,1753144192,0.875,,,0.29,5,0.59,36948,3,,,,,0,3.787,0,,,,4758,0,,82,128,3.883,,,,,,,,
15205201253,"Jul 23, 2025, 2:01:17 AM",Night Run,Run,,2321,8.29,151,20,FALSE,,,activities/16237751680.fit.gz,,,2321,2321,8291.7,4.82,3.572,58,66,90.4,112.6,12.2,-0.1,,,83,79,151,136,,371,539,,,20,861836,,,,,,,,371,2322,,,0,,1,8377.5,1753235968,2,23.6,23.8,18,0.71,1019.3,1.9,5.9,101,0,1753178496,1753230592,0.875,,,0,1,0.46,31032,0,,,,,,3.572,0,,,,6140,0,,92,120,3.609,,,,,,,,
15216198790,"Jul 24, 2025, 12:23:37 AM",Evening Run,Run,,3797,13.98,181,61,FALSE,,,activities/16249484780.fit.gz,,,3797,3687,13982.5,6.1,3.792,163,159,79,127.2,13.7,0,,,89,80,181,144,,397,910,,,61,1463557,,,,,,,,404,3799,,,0,,1,14306,1753315200,1,26.9,27,19.5,0.64,1021.5,2.7,5.9,149,0,1753264896,1753316864,0.875,,,0.03,5,0,31983,0,,,,,,3.683,0,,,,9886,0,,178,130,3.88,,,,,,,,
15226291925,"Jul 24, 2025, 10:14:23 PM",really wanted this segment,Ride,i‚Äôll be back,4972,35.81,184,114,FALSE,,,activities/16260281930.fit.gz,,9,4972,4922,35813.6,17.38,7.276,862,864,45,109,28.9,0,,,,,184,148,,217,1112,,,114,,,,,,,,,,,,,0,,1,,1753394432,1,31.1,33.2,22.2,0.59,1018,3.5,5.5,195,0,1753351424,1753403264,0.875,,,0,1,0,34768,2,,,,,0,7.203,0,,,,,0,,,,,,,,,,,,
15246606948,"Jul 26, 2025, 7:04:36 PM",Woooo,Ride,,10746,81.24,172,225,FALSE,,,activities/16282121001.fit.gz,,9,10746,9740,81243.3,19.06,8.341,989,971,4.6,132.4,20.5,0,,,,,172,149,,197,2187,,,225,,,,,,,,,,,,,0,,1,,1753556352,3,31.8,32.9,24.4,0.65,1017,1.7,3.1,131,0.4,1753524224,1753575936,0.125,,,0.53,5,0.95,28032,5,,,,,,7.56,29.4,,,,,0,,,,,,,,,,,,
15268996069,"Jul 28, 2025, 11:10:39 PM",Evening Run,Run,,2779,10.3,166,53,FALSE,,,activities/16306050274.fit.gz,,,2779,2779,10306.8,4.84,3.709,150,152,64.6,97.4,19.5,0,,,86,80,166,145,,395,710,,,53,1097832,,,,,,,,399,2780,,,0,,1,10677.4,1753743616,1,31.5,33.8,22.5,0.59,1015.2,1.9,3.6,306,0,1753697152,1753748608,0.125,,,0,1,0.02,33826,0,,,,,,3.709,0,,,,7396,0,,128,129,3.842,,,,,,,,
15280662742,"Jul 29, 2025, 10:20:37 PM","If there was an award for least runnable trail, this would win it.",Run,worst part with the bug in the eye bug in the eye bug eye in the bug eye üëÅÔ∏è,3879,10.6,161,46,FALSE,,,activities/16318455515.fit.gz,,,3879,3618,10599.3,5.08,2.93,106,106,46.8,90.8,22.8,-0.1,,,88,67,161,138,,339,811,,,46,1097453,,,,,,,,334,3880,,,0,,1,10897.6,1753826432,2,32.8,34.7,22.5,0.55,1014.9,0.7,1.2,187,0,1753783680,1753835008,0.125,,,0,1,0.42,37821.2,1,,,,,,2.732,7296.9,,,,8494,0,,125,108,3.012,,,,,,,,media/0285DC2F-07BC-4382-8410-49F72BD27BA5.jpg|media/6B542B55-FD37-40C5-B396-45DA6B88DD2A.jpg|media/11170BFA-42EA-469B-B8D0-17868C675414.jpg|media/96C861FE-B526-4EC2-BB79-788AEC47CB58.jpg|media/071C98B2-3B73-4072-B38C-9192CD1BCCDB.jpg|media/332BF280-41EB-4D15-A188-56EAD158AA1E.jpg|media/8A6F90B5-ABE9-4FF7-8E59-0502B2561705.mp4
15303335496,"Jul 31, 2025, 11:04:42 PM",Evening Run,Run,,3809,13.66,167,85,FALSE,,,activities/16342660608.fit.gz,,,3809,3658,13667.7,5.4,3.736,65,81,-7.4,17.2,15.7,-0.1,,,85,80,167,148,,385,941,,,85,1402778,,,,,,,,376,3811,,,0,,1,13767.7,1754002816,5,26.4,27.8,24,0.87,1013.7,1.9,4.6,338,4.3,1753956480,1754007680,0.125,,,0.89,5,1,7680,0,,,,,,3.588,2226.8,,,,9696,0,,155,121,3.764,,,,,,,,
15333250322,"Aug 3, 2025, 12:58:31 PM",crossed the bridge,Ride,another step towards my master plan of a massive virginia to maryland to virginia loop,15006,105.6,167,246,FALSE,,,activities/16374720828.fit.gz,,9,15006,12925,105606.1,16.14,8.171,1346,1296,70,198.2,40.8,0,,,,,167,144,,189,2630,,,246,,,,,,,,,,,,,0,,1,,1754222336,1,16.6,18.8,13.7,0.83,1022.1,1.9,3.6,338,0,1754215936,1754266752,0.375,,,0,1,0,19480.5,1,,,,,,7.038,550.1,,,,,0,,,,,,,,,,,,
15345783224,"Aug 4, 2025, 9:12:01 PM",Afternoon Run,Run,,2402,8.32,162,40,FALSE,,,activities/16388200472.fit.gz,,,2402,2387,8327.6,11.58,3.489,106,102,79.6,119,28.8,0,,,84,79,162,144,,388,570,,,40,866701,,,,,,,,386,2404,,,0,,1,8580.6,1754341248,1,29,30.8,15.5,0.44,1020,2.8,4.4,134,0,1754302464,1754353024,0.375,,,0,1,0,46400,3,,,,,,3.467,0,,,,5848,0,,103,125,3.595,,,,,,,,
15358436639,"Aug 5, 2025, 9:44:51 PM",Afternoon Ride,Ride,,4349,28.02,175,28,FALSE,,,activities/16401669265.fit.gz,,9,4349,4202,28024.6,16.9,6.669,598,590,52,113.8,28.1,0,,,,,175,125,,178,669,,,28,,,,,,,,,,,,,0,,1,,1754427648,3,26.4,26,18,0.6,1024.4,2.4,3.9,119,0,1754388864,1754439296,0.375,,,0,1,1,37561,2,,,,,,6.444,0,,,,,0,,,,,,,,,,,,
15380874615,"Aug 7, 2025, 7:05:06 PM",Afternoon Run,Run,,3501,13.68,175,84,FALSE,,,activities/16425596422.fit.gz,,,3501,3491,13687.3,5.62,3.921,215,216,76.2,118,24.6,0,,,86,81,175,151,,419,924,,,84,1462282,,,,,,,,424,3502,,,0,,1,14251.3,1754593152,2,27.7,27.8,18.5,0.57,1024.1,3.6,6.6,92,0,1754561664,1754611968,0.375,,,0.35,5,0.58,31371,5,,,,,,3.91,0,,,,9508,0,,182,137,4.082,,,,,,,,
15392077897,"Aug 8, 2025, 8:52:03 PM",Afternoon Run,Run,,2482,8.75,160,43,FALSE,,,activities/16437574207.fit.gz,,,2482,2414,8750.9,4.42,3.625,128,127,76.4,120.6,18,0,,,112,79,160,144,,389,602,,,43,938188,,,,,,,,391,2483,,,0,,1,9067.5,1754683136,1,27.9,29,15.5,0.47,1022.2,3.1,4.9,78,0,1754648192,1754698368,0.375,,,0,1,0.15,38303,5,,,,,,3.526,0,,,,6452,0,,109,126,3.756,,,,,,,,
15422799498,"Aug 10, 2025, 6:33:16 PM",Lunch Hike,Hike,,7382,5.37,,,FALSE,,,#error#,,,7382,6788,5369.7,2.16,0.791,435,447,1717.8,2160.4,50,-0.2,,,,,,,,,494,,,,,,,,,,,,,,,,0,,1,,1754848768,2,24.5,24.5,8.8,0.37,1014,2.9,4.6,57,0,1754827648,1754877824,0.625,,,0.49,5,0.41,45921,8,,,,,,0.727,5361.8,,,,,0,,,,,,,,,,,,media/2EB77307-E486-488C-A15F-D4F158E5AE99.jpg|media/3A275E57-C4BC-4641-9C69-415AC8660BE1.mp4|media/BFE12DBA-9365-479B-B8B0-BF59098BED86.mp4
15426741766,"Aug 11, 2025, 9:29:18 PM",Golden Gate Canyon!,Ride,Zoe can descend!!,7689,32.5,146,40,FALSE,,,activities/16474661481.fit.gz,,9,7689,6535,32499.8,19.7,4.973,852,852,1811.4,2518.2,32.1,0,,,,,146,124,,132,1021,,,40,,,,,,,,,,,,,0,,1,,1754946048,1,26.8,27.1,5.7,0.26,1010.9,3.6,5.2,45,0,1754914176,1754964096,0.625,,,0.31,5,0.18,63750,8,,,,,,4.227,0,,,,,0,,,,,,,,,,,,media/A5F4D31F-44A3-4DBD-B63D-8EE9A1212DDF.jpg|media/E0E1FA18-23D0-4164-8061-63A40FF6492D.jpg|media/DC401666-9C79-4696-B182-913E610E59A0.jpg|media/9B71D4D7-A9D6-4FE8-86B2-1A6F37F882C4.jpg|media/86223880-7654-47B7-9020-08E032066CBE.jpg
15437851761,"Aug 12, 2025, 8:02:04 PM",Linden Dr neighborhoods!,Ride,climbing miles,5540,21.9,173,68,FALSE,,,activities/16486516644.fit.gz,,9,5540,4531,21907,15,4.835,723,649,1639.8,2125.8,34.1,0,,,,,173,137,,159,814,,,68,,,,,,,,,,,,,0,,1,,1755028736,1,28,29.1,8.8,0.3,1011.1,2.5,3.4,89,0,1755000576,1755050496,0.625,,,0,1,0.11,54522,10,,,,,0,3.954,869.8,,,,,0,,,,,,,,,,,,media/891E6BF4-D9B4-4534-8EC5-2136721B7F07.mp4|media/81ACFF53-AC7A-4D47-A8FA-B93B1006E224.mp4
15439533437,"Aug 12, 2025, 11:01:00 PM",Brainard Lake Rd,Ride,Revisiting the site of my first backpacking trip!!,4740,20.47,152,36,FALSE,,,activities/16488296624.fit.gz,,9,4740,4290,20470.7,16.42,4.772,482,462,2821,3223.8,47.6,-0.1,,,,,152,131,,120,757,,,36,,,,,,,,,,,,,0,,1,,1755039616,1,19.4,18.5,4.7,0.38,1009.4,4.4,7.4,119,0,1755000704,1755050496,0.625,,,0,1,0.2,49179,3,,,,,,4.319,0,,,,,0,,,,,,,,,,,,media/624F79C1-5C8E-4745-B61C-994814EB0C9F.mp4|media/F3A26960-41E3-4AEB-A047-2A332D5CCE39.jpg|media/27F1D7F9-2E2C-4483-BD01-5501189D00E7.jpg
15449086739,"Aug 13, 2025, 6:33:53 PM",97 and sunny ‚òÄÔ∏è,Run,SO MUCH sunscreen and sweat in my eyes; I couldn‚Äôt keep them open,5710,18.48,175,150,FALSE,,,activities/16498511719.fit.gz,,,5710,5095,18485,4.72,3.628,338,338,1631.6,1743.8,26.8,0,,,85,79,175,154,,392,1309,,,150,1991499,,,,,,,,383,5627,,,0,,1,19426.4,1755107968,2,31.2,31.2,1.5,0.15,1005.3,2.6,7,290,0,1755087104,1755136768,0.625,,,0,1,0.49,71950,9,,,,,,3.237,312.8,,,,13340,0,,239,124,3.813,,,,,,,,
15460744357,"Aug 14, 2025, 8:30:52 PM",Afternoon Run,Run,,3203,10.44,165,46,FALSE,,,activities/16510970901.fit.gz,,,3203,3159,10443.2,4.72,3.306,325,321,1649.2,1911,36.4,0,,,85,79,165,141,,364,763,,,46,1149054,,,,,,,,376,3204,,,0,,1,11857.7,1755201536,3,33.3,31.6,3.1,0.15,1003.5,4.7,10.5,206,0,1755173504,1755223040,0.625,,,0,1,1,65620,5,,,,,,3.26,6334.1,,,,8302,0,,130,121,3.754,,,,,,,,
15469343126,"Aug 15, 2025, 3:37:36 PM",Last day in Boulder üò¢,Run,,2827,9.67,161,63,FALSE,,,activities/16520171334.fit.gz,,,2827,2754,9678.5,5.54,3.514,146,143,1685.2,1756.4,20.6,0,,,85,80,161,148,,370,673,,,63,1017586,,,,,,,,369,2828,,,0,,1,10133.4,1755270016,2,25,25.9,6.2,0.3,1007.6,1.1,1.9,62,0,1755260032,1755309440,0.625,,,0.52,5,0.5,61590,3,,,,,,3.424,9678.5,,,,7310,0,,111,119,3.68,,,,,,,,
15490894026,"Aug 17, 2025, 1:09:30 PM",Morning Run,Run,,3451,9.04,147,19,FALSE,,,activities/16543297519.fit.gz,,,3451,2593,9046.4,4.3,3.489,65,57,209.6,257.8,22.2,0,,,84,80,147,132,,362,581,,,19,938978,,,,,,,,341,3118,,,0,,1,9210.2,1755435648,2,24.6,26,23,0.91,1015.6,2.8,5.1,101,0,1755429376,1755479040,0.875,,,0.53,5,0.53,15284.2,1,,,,,,2.621,0,,,,6884,0,,104,110,3.552,,,,,,,,
15505918779,"Aug 18, 2025, 10:01:42 PM",Evening Run,Run,,1451,5.63,152,16,FALSE,,,activities/16559313881.fit.gz,,,1451,1441,5631.4,5.04,3.908,55,61,97.6,116.8,10.5,-0.2,,,86,81,152,136,,408,350,,,16,587206,,,,,,,,406,1452,,,0,,1,5727.7,1755554432,3,21.9,20.9,18.3,0.8,1020.3,3.2,5.9,60,0,1755512704,1755561600,0.875,,,0.37,5,1,16942,1,,,,,,3.881,0,,,,3854,0,,69,131,3.975,,,,,,,,
15517967085,"Aug 19, 2025, 9:16:06 PM",Afternoon Run,Run,,2973,10.2,165,33,FALSE,,,activities/16572120925.fit.gz,,,2973,2690,10206.4,4.96,3.794,62,66,-2.2,27.4,16.7,-0.1,,,100,80,165,138,,401,662,,,33,1075475,,,,,,,,385,2974,,,0,,1,10361.7,1755637248,3,23.5,22.4,19,0.76,1019,3.6,6.3,93,0,1755599104,1755647872,0.875,,,0.35,5,1,19860,2,,,,,,3.433,1793.2,,,,7082,0,,127,124,3.852,,,,,,,,
15528352591,"Aug 20, 2025, 6:37:18 PM",Afternoon Run,Run,,2109,7.91,165,44,FALSE,,,activities/16583185440.fit.gz,,,2109,2101,7913.6,4.74,3.767,83,85,72.4,119.2,12,0,,,83,80,165,147,,397,554,,,44,833252,,,,,,,,398,2109,,,0,,1,8079,1755712768,3,27.1,27.5,21.2,0.7,1013.9,2.1,3.8,110,0,1755685632,1755734144,0.875,,,0.29,5,1,23292,6,,,,,,3.752,0,,,,5568,0,,96,128,3.845,,,,,,,,
15540461994,"Aug 21, 2025, 1:57:49 PM",first century!!,Ride,"solo!! because apparently my friends had to do this ‚Äúwork‚Äù thing üòí

Calorie breakdown!!!!! ‚Äî>
2 bananas ~210
Peanut butter & jelly sandwich ~375
Half a ham sandwich ~175
2 GU gels ~200
Pound cake ~350
2 Mint Chocolate Clif Bars ~500
1 pancake ~95
Total ~1,905 calories consumed

3702 burned

(thanks chatgpt)",25763,161.33,167,242,FALSE,,,activities/16596382066.fit.gz,,9,25763,20951,161337.1,18.43,7.701,1953,1921,9.6,185.4,41.1,0,,,,,167,134,,169,3702,,,242,,,,,,,,,,,,,0,,1,,1755781248,3,18.3,15.6,16.3,0.88,1013.2,4.4,9.7,26,0,1755772160,1755820544,0.875,,,0.55,5,1,16344,2,,,,,,6.262,2593.9,,,,,0,,,,,,,0,,,,,
15587055751,"Aug 25, 2025, 11:57:49 PM",Evening Run,Run,,2979,10.54,158,37,FALSE,,,activities/16647697645.fit.gz,,,2979,2847,10541.6,5.54,3.703,232,223,621.8,700.4,26.4,-0.1,,,84,80,158,141,,403,715,,,37,1148539,,,,,,,,408,2981,,,0,,1,11292.2,1756162816,3,21.4,20,9.9,0.48,1015.3,3.6,7,303,0,1756118784,1756166400,0.125,,,0,1,0.64,43171.2,0,,,,,,3.539,491,,,,7552,0,,143,132,3.966,,,,,,,,
15598698183,"Aug 26, 2025, 9:10:54 PM",back in the burg ride w/ tri team!!,Ride,,7904,61.34,173,82,FALSE,,,activities/16660131809.fit.gz,,9,7904,7154,61341.2,19,8.574,799,805,442.8,694.4,14.3,0,,,,,173,134,,202,1432,,,82,,,,,,,,,,,,,0,,1,,1756242048,3,21.1,19.5,9.4,0.47,1019.6,3.3,5.8,311,0,1756205312,1756252672,0.125,,,0,1,0.82,44381.3,2,,,,,,7.761,0,,,,,0,,,,,,,0,,,,,
15610768995,"Aug 27, 2025, 11:09:58 PM",first swim in multiple months ü§ï,Swim,getting back in the groove,3002,"1,775",170,56,FALSE,,,activities/16672988050.fit.gz,,,3002,1944,1775,2.1,0.913,0,0,0,0,0,0,,,,,170,133,,,603,,,56,,,,,,,,,,,,,0,,1,,,,,,,,,,,,,,,,,,,,,,,,,,,,0.591,0,,,,,0,25,,,,,,0,,,,,
15620028978,"Aug 28, 2025, 7:03:18 PM",picked up espresso beans along the way from modern art museum,Run,,4156,13.63,177,108,FALSE,,,activities/16682900780.fit.gz,,,4156,3620,13636.5,5.98,3.767,131,100,-2.2,34.8,31.7,0,,,125,79,177,156,,400,979,,,108,1439887,,,,,,,,382,4097,,,0,,1,14034.9,1756407552,2,25.1,25.3,10.9,0.41,1018.5,3,5.9,239,0,1756377216,1756424704,0.125,,,0,1,0.38,52205,5,,,,,,3.281,1921.9,,,,9472,0,,172,123,3.877,,,0,,,,,media/277E3C43-6B72-41F0-B518-CD23173F4606.jpg
15630568855,"Aug 29, 2025, 7:52:17 PM",ripping at narrows,Ride,i‚Äôm the ceo of drafting,6659,66.65,175,174,FALSE,,,activities/16694357614.fit.gz,,9,6659,6380,66655.3,15.233,10.448,233,214,461.2,616.4,9.8,0,,,,,175,152,,257,1661,,,174,,,,,,,,,,,,,0,,1,,1756493952,3,24,23.4,12,0.47,1017.7,3,7.3,305,0,1756464640,1756511744,0.125,,,0,1,0.71,38791.8,6,,,,,,10.01,0,,,,,0,,,,,,,0,,,,,media/0A76AC57-1A03-4098-9DD8-5241D4DD7F91.jpg|media/A98B955D-80A2-4F09-A8C6-CDB1D7A541EB.jpg
15630815907,"Aug 29, 2025, 9:59:17 PM",cd,Ride,train!,1331,8.89,129,4,FALSE,,,activities/16694628845.fit.gz,,9,1331,1331,8894.1,9.38,6.682,45,40,462.8,474.4,4.6,0.1,,,,,129,116,,97,220,,,4,,,,,,,,,,,,,0,,1,,1756501248,3,23.7,22.3,11.4,0.46,1017,4,7.7,304,0,1756464640,1756511744,0.125,,,0,1,0.69,40764.1,3,,,,,,6.682,0,,,,,0,,,,,,,0,,,,,media/1A4DA223-7357-407E-A7DA-CFE3AEE92CA3.mp4|media/DFB93FBE-207A-413D-B6C5-584BE77BC2BE.jpg|media/701EB286-56B8-4099-B6FA-C0319020B5EC.jpg
15661510399,"Sep 1, 2025, 4:34:49 PM",first open water swim of the year!,Swim,so much better than pool,2264,"1,435",157,43,FALSE,,,activities/16728454168.fit.gz,,,2264,2176,1434.7,1.16,0.659,0,0,562.5,562.6,1,0,,,44,26,157,137,,,523,,26,43,,,,,,,,,,,,,0,,1,,1756742400,1,20.4,22.3,10.5,0.53,1022.6,2,4.3,63,0,1756723968,1756770688,0.375,,,0,1,0.01,34588.5,7,,,,,,0.634,0,,,,,0,,,,,,,0,,,,,
15675987813,"Sep 2, 2025, 8:42:49 PM",Afternoon Run,Run,,2615,10.69,175,70,FALSE,,,activities/16744573611.fit.gz,,,2615,2603,10690,6.14,4.107,97,99,625,674,14,0,,,94,81,175,152,,421,709,,,70,1095607,,,,,,,,428,2616,,,0,,1,10922,1756843200,1,22.4,23.8,10.2,0.46,1017.9,1.6,3.6,88,0,1756810409,1756856915,0.375,,,0,1,0.29,43900.6,4,,,,,,4.088,0,,,,6996,0,,138,138,4.196,,,,,,,,
15689515642,"Sep 4, 2025, 12:02:13 AM",Evening Swim,Swim,,3011,"1,775",170,48,FALSE,,,activities/16759322168.fit.gz,,,3011,1705,1775,2.1,1.041,0,0,0,0,0,0,,,,,170,133,,,577,,,48,,,,,,,,,,,,,0,,1,,,,,,,,,,,,,,,,,,,,,,,,,,,,0.59,0,,,,,0,25,,,,,,,,,,,
15700100012,"Sep 4, 2025, 10:08:52 PM",thrack,Run,feeling fresh and excited for this weekend,3611,10.96,178,66,FALSE,,,activities/16770772598.fit.gz,,,3611,2857,10967,6.94,3.839,76,77,612.4,629.6,48.1,0,,,96,81,178,149,,404,745,,,66,1148615,,,,,,,,408,3278,,,0,,1,11135.5,1757023200,3,21.6,19.5,15.5,0.68,1009.9,4.2,8.4,239,0.1,1756983305,1757029535,0.375,,,0.63,5,1,24964.3,1,,,,,,3.037,0,,,,7660,0,,158,132,3.898,,,0,,,,,
15709595406,"Sep 5, 2025, 7:42:44 PM",Afternoon Ride,Ride,,3919,27.69,146,19,FALSE,,,activities/16780864374.fit.gz,,9,3919,3312,27690,16.367,8.361,341,324,404.6,499,11.8,0,,,,,146,125,,193,581,,,19,,,,,,,,,,,,,0,,1,,1757098800,1,27.3,27.3,16.6,0.52,1013.1,5.1,8.8,241,0,1757069753,1757115847,0.375,,,0,1,0.24,32257.6,7,,,,,,7.066,0,,,,,0,,,,,,,,,,,,
15721699816,"Sep 6, 2025, 8:13:51 PM",Afternoon Run,Run,,1057,3.09,139,4,FALSE,,,activities/16793666733.fit.gz,,,1057,1028,3094.6,3.98,3.01,17,14,-1.4,8.8,7.5,0,,,82,77,139,126,,315,217,,,4,324588,,,,,,,,308,1058,,,0,,1,3134.7,1757188800,2,31.8,32.2,21.6,0.55,1013,4.2,7.3,212,0.1,1757155334,1757201287,0.375,,,0.54,5,0.58,32433,4,,,,,,2.928,0,,,,2666,0,,28,99,3.049,,,,,,,,
15728623566,"Sep 7, 2025, 11:00:04 AM",patriots tri swim!,Swim,,777,655,170,38,FALSE,,,activities/16801050652.fit.gz,,,777,777,654.6,1.38,0.842,0,0,0,0,0,0,,,39,27,170,158,,,214,,25,38,,,,,,,,,,,,,0,,1,,1757242800,3,20.2,19.6,19.1,0.93,1016.3,3.5,7.1,3,0.2,1757241783,1757287597,0.375,,,0.66,5,1,14960,0,,,,,,0.842,0,,,,,0,,,,,,,0,,,,,
15728623569,"Sep 7, 2025, 11:50:01 AM",patriots tri run!,Run,,1077,4.99,176,50,FALSE,,,activities/16801051018.fit.gz,,,1077,1023,4990.5,5.96,4.878,9,12,-7.2,3,8.2,-0.1,,,93,87,176,168,,462,315,,,50,472481,,,,,,,,473,1057,,,0,,1,5003.4,1757242800,3,20.2,19.6,19.1,0.93,1016.3,3.5,7.1,3,0.2,1757241783,1757287597,0.375,,,0.66,5,1,14960,0,,,,,,4.634,0,,,,2848,0,,68,153,4.891,,,0,,,,,
15728623584,"Sep 7, 2025, 11:15:25 AM",patriots tri bike!,Ride,,2043,20.93,174,81,FALSE,,,activities/16801051016.fit.gz,,9,2043,2043,20931.2,13.6,10.245,41,50,-1.6,9.8,5.2,0,,,,,174,163,,243,591,,24,81,,,,,,,,,,,,,0,,1,,1757242800,3,20.2,19.6,19.1,0.93,1016.3,3.5,7.1,3,0.2,1757241783,1757287597,0.375,,,0.66,5,1,14960,0,,,,,,10.245,0,,,,,0,,,,,,,0,,,,,
15746248923,"Sep 8, 2025, 11:17:33 PM",Evening Run,Run,,3361,11.42,159,49,FALSE,,,activities/16819704609.fit.gz,,,3361,2980,11423.1,5.16,3.833,151,126,597.2,644.4,24.7,0.1,,,85,81,159,142,,407,762,,,49,1214387,,,,,,,,405,3194,,,0,,1,11837.7,1757372400,1,17.6,17.8,8.7,0.56,1021.8,2,3.5,92,0,1757329099,1757374777,0.5,,,0,1,0.01,46420.5,0,,,,,,3.399,1203.4,,,,8016,0,,151,131,3.972,,,,,,,,
15758138472,"Sep 9, 2025, 11:13:36 PM",brick run,Run,,1104,5,163,19,FALSE,,,activities/16832233520.fit.gz,,,1104,1104,5001.7,6.6,4.531,45,44,463.2,500,12.3,0,,,89,85,163,144,,466,299,,,19,514026,,,,,,,,466,1105,,,0,,1,5088.6,1757458800,1,18.3,18.2,9.4,0.56,1020.3,2.2,4.3,100,0,1757415549,1757461090,0.625,,,0,1,0.01,47056.4,0,,,,,,4.531,0,,,,3054,0,,69,150,4.609,,,0,,,,,
15758138480,"Sep 9, 2025, 10:15:29 PM",brick ride üß±,Ride,,3378,31.77,170,61,FALSE,,,activities/16832233517.fit.gz,,9,3378,3378,31777.5,17.48,9.407,362,344,456.8,505.4,12.8,0.1,,,,,170,144,,239,745,,,61,,,,,,,,,,,,,0,,1,,1757455200,1,20.3,21.1,8,0.45,1020,3.1,5.1,89,0,1757415547,1757461087,0.625,,,0,1,0,50067.1,1,,,,,,9.407,0,,,,,0,,,,,,,0,,,,,
15770301703,"Sep 11, 2025, 12:00:03 AM",Evening Swim,Swim,,3654,"2,400",167,59,FALSE,,,activities/16845065578.fit.gz,,,3654,2294,2400,2.78,1.046,0,0,0,0,0,0,,,,,167,131,,,733,,,59,,,,,,,,,,,,,0,,1,,,,,,,,,,,,,,,,,,,,,,,,,,,,0.657,0,,,,,0,25,,,,,,,,,,,
15780590730,"Sep 11, 2025, 10:05:55 PM",Evening Run,Run,,3757,11.03,182,64,FALSE,,,activities/16855951213.fit.gz,,,3757,2891,11029.5,6.24,3.815,124,126,611.6,644.4,22,-0.1,,,112,82,182,149,,388,747,,,64,1101643,,,,,,,,397,3399,,,0,,1,11306.8,1757628000,1,23.7,25.8,12.3,0.49,1018.9,1.4,3.2,22,0,1757588450,1757633709,0.625,,,0,1,0.04,45315.7,1,,,,,,2.936,0,,,,7642,0,,154,128,3.911,,,,,,,,
15790639158,"Sep 12, 2025, 10:20:26 PM",Evening Run,Run,,1628,5.73,163,20,FALSE,,,activities/16866612173.fit.gz,,,1628,1628,5737.6,4.78,3.524,115,131,624.2,693,18.3,-0.3,,,84,79,163,139,,375,396,,,20,610887,,,,,,,,385,1629,,,0,,1,6038.8,1757714400,1,23.7,25.2,11.4,0.46,1019.8,2.3,4.4,78,0,1757674894,1757720013,0.625,,,0,1,0.07,50891.1,1,,,,,,3.524,231.9,,,,4264,0,,69,124,3.709,,,,,,,,
15799556325,"Sep 13, 2025, 1:41:47 PM",mountain lake front and back climbs!,Ride,first time!! crazy gradient on the back side.,9639,43.75,171,106,FALSE,,,activities/16876015388.fit.gz,,9,9639,7051,43754.2,22.34,6.205,1333,1279,564.2,1193,21.7,0,,,,,171,137,,199,1471,,,106,,,,,,,,,,,,,0,,1,,1757768400,1,13.9,17.8,11.3,0.84,1022,0.2,1.1,118,0,1757761351,1757806332,0.625,,,0,1,0,23644.7,1,,,,,,4.539,0,,,,,0,,,,,,,0,,,,,
15809250357,"Sep 14, 2025, 12:12:42 PM",long run w/ warren,Run,floating up cedar run,5455,19.48,160,47,FALSE,,,activities/16886222971.fit.gz,,,5455,5356,19486.9,11.74,3.638,361,350,445.8,703.4,21.9,0,,,115,81,160,134,,390,1263,,,47,2071704,,,,,,,,397,5456,,,0,,1,20334.4,1757851200,2,12.6,13.1,10.8,0.89,1017.9,1.5,2.7,248,0,1757847792,1757892630,0.75,,,0,1,0.57,18232,0,,,,,,3.572,23.6,,,,14188,0,,248,128,3.797,,,0,,,,,
15836377514,"Sep 16, 2025, 9:48:57 PM",brick ride,Ride,,2800,25.31,174,51,FALSE,,,activities/16914315059.fit.gz,,9,2800,2800,25310,16.74,9.039,272,269,454.6,499,11.9,0,,,,,174,143,,214,646,,,51,,,,,,,,,,,,,0,,1,,1758056400,3,20.4,18.8,11.6,0.57,1019.8,2.7,4.3,44,0,1758020691,1758065245,0.875,,,0.15,5,1,40936.7,2,,,,,,9.039,0,,,,,0,,,,,,,0,,,,,
15836551600,"Sep 16, 2025, 10:38:34 PM",brick run,Run,,920,3.02,130,3,FALSE,,,activities/16914492032.fit.gz,,,920,920,3022.5,4.14,3.285,35,34,465.6,499,14.6,0,,,84,80,130,119,,345,193,,,3,317502,,,,,,,,343,921,,,0,,1,3103.7,1758060000,3,19.3,18.2,11.8,0.62,1019.7,2.3,4.2,34,0,1758020691,1758065245,0.875,,,0.14,5,1,37865.7,1,,,,,,3.285,0,,,,2450,0,,31,111,3.374,,,0,,,,,
15848958367,"Sep 18, 2025, 12:01:26 AM",Evening Swim,Swim,,3277,"2,200",160,38,FALSE,,,activities/16927202890.fit.gz,,,3277,2279,2200,5,0.965,0,0,0,0,0,0,,,,,160,125,,,591,,,38,,,,,,,,,,,,,0,,1,,,,,,,,,,,,,,,,,,,,,,,,,,,,0.671,0,,,,,0,25,,,,,,,,,,,
15869128030,"Sep 19, 2025, 9:16:16 PM",Afternoon Run,Run,,666,2.49,156,10,FALSE,,,activities/16947892110.fit.gz,,,666,666,2493.4,4.54,3.744,42,39,93.8,135.2,16.8,0.1,,,87,80,156,141,,401,171,,,10,267244,,,,,,,,400,667,,,0,,1,2592.8,1758315600,1,29.2,31.8,16.7,0.47,1015.4,1.2,2.8,72,0,1758279407,1758323555,0.875,,,0,1,0,44742,2,,,,,,3.744,0,,,,1768,0,,30,129,3.893,,,,,,,,
15878381597,"Sep 20, 2025, 1:39:28 PM",Giant Acorn Tri 2025 Run,Run,,2172,10.04,178,90,FALSE,,,activities/16957414885.fit.gz,,,2172,2145,10042.4,6.14,4.682,102,109,73.8,120.4,15.9,-0.1,,,90,85,178,165,,459,630,,,90,985213,,,,,,,,469,2151,,,0,,1,10221,1758373200,3,20.6,20.8,18.2,0.86,1019.9,2,6.2,45,0,1758365859,1758409860,0.875,,,0.36,5,0.91,18635,1,,,,,,4.624,0,,,,5996,0,,136,151,4.765,,,0,,,,,
15878381608,"Sep 20, 2025, 12:00:07 PM",Giant Acorn Tri 2025 Swim,Swim,,1678,"1,486",146,24,FALSE,,,activities/16957414333.fit.gz,,,1678,1678,1486.3,1.32,0.886,0,0,75.8,76.1,0,0,,,38,27,146,132,,,387,,25,24,,,,,,,,,,,,,0,,1,,1758369600,2,16.9,18.3,15.9,0.94,1019.9,1.2,2.3,356,0,1758365859,1758409860,0.875,,,0.4,5,0.51,8373,0,,,,,,0.886,0,,,,,0,,,,,,,0,,,,,
15878381637,"Sep 20, 2025, 12:30:08 PM",Giant Acorn Tri 2025 Ride,Ride,,4101,39.46,167,122,FALSE,,,activities/16957414886.fit.gz,,9,4101,4101,39462.3,16.42,9.623,383,379,86.8,173.6,14,0,,,,,167,155,,227,1081,,24,122,,,,,,,,,,,,,0,,1,,1758369600,2,16.9,18.3,15.9,0.94,1019.9,1.2,2.3,356,0,1758365859,1758409860,0.875,,,0.4,5,0.51,8373,0,,,,,,9.623,0,,,,,0,,,,,,,0,,,,,
15893378862,"Sep 21, 2025, 9:14:40 PM",Afternoon Ride,Ride,,3620,25.56,146,15,FALSE,,,activities/16972856154.fit.gz,,9,3620,3242,25561.7,17.78,7.885,440,426,545.8,653.2,17.7,0,,,,,146,121,,200,540,,,15,,,,,,,,,,,,,0,,1,,1758488400,2,25,25.1,14.8,0.53,1019.4,3.2,5,141,0,1758452942,1758496786,0.875,,,0,1,0.5,37836.9,2,,,,,,7.061,0,,,,,0,,,,,,,,,,,,
15902761683,"Sep 22, 2025, 8:28:10 PM",Afternoon Run,Run,,2115,7.46,146,15,FALSE,,,activities/16982494733.fit.gz,,,2115,2105,7461.5,5.48,3.545,204,200,626.4,694.8,27.1,-0.1,,,86,80,146,136,,413,508,,,15,822073,,,,,,,,418,2117,,,0,,1,8245.9,1758571200,3,25.4,25.2,16.5,0.58,1016.4,2.4,4,169,0,1758539389,1758583092,0,,,0.32,5,0.87,30440.3,3,,,,,,3.528,0,,,,5254,0,,107,135,3.917,,,,,,,,
15915524673,"Sep 23, 2025, 9:20:59 PM",my fav fall route üçÇ,Ride,,7299,54.08,168,69,FALSE,,,activities/16995530741.fit.gz,,9,7299,6889,54084.2,19.467,7.851,872,875,490.8,647.6,23.3,0,,,,,168,128,,194,1263,,,69,,,,,,,,,,,,,0,,1,,1758661200,3,24.5,23.3,17,0.63,1015.8,3.3,6.2,272,0.5,1758625842,1758669402,0.125,,,0.58,5,1,28593.9,2,,,,,,7.41,1177,,,,,0,,,,,,,0,,,,,media/55856026-18DA-4E95-88E2-1610C494138C.mp4|media/07A34AB6-B1BF-4959-8386-49F75CB8520B.mp4|media/156B0F85-B2C7-43AC-9966-668149F8B3B4.mp4|media/7F1A6A48-B6DC-44AE-B2D6-B819E665F12C.mp4|media/E3092417-DE4B-4C37-B010-A7048AAF0102.jpg
15936143570,"Sep 25, 2025, 7:44:35 PM",Afternoon Run,Run,,3622,13.75,164,75,FALSE,,,activities/17016663183.fit.gz,,,3622,3603,13758.5,4.76,3.819,166,163,625.8,664.6,11.6,0,,,84,80,164,147,,406,939,,,75,1457941,,,,,,,,406,3624,,,0,,1,14076.5,1758826800,3,23.9,22.4,19.2,0.75,1010.3,4.1,8.5,231,1,1758798738,1758842013,0.125,,,0.91,5,1,21331,4,,,,,,3.799,71.2,,,,9614,0,,172,131,3.907,,,,,,,,
15946550211,"Sep 26, 2025, 8:26:37 PM",Afternoon Ride,Ride,,5997,26.08,149,13,FALSE,,,activities/17027306360.fit.gz,,9,5997,4011,26088.8,18.62,6.504,463,395,544.8,656.2,17.7,0,,,,,149,108,,156,515,,,13,,,,,,,,,,,,,0,,1,,1758916800,3,24.7,24.8,15.6,0.57,1010.7,1,3.1,243,0,1758885186,1758928319,0.125,,,0.29,5,1,37231.4,3,,,,,,4.35,17,,,,,0,,,,,,,,,,,,
15957699580,"Sep 27, 2025, 9:06:02 PM",Afternoon Run,Run,,943,3.3,158,11,FALSE,,,activities/17038720433.fit.gz,,,943,869,3304,4.58,3.802,50,56,620.4,666,12.5,-0.4,,,85,80,158,140,,396,226,,,11,343797,,,,,,,,395,872,,,0,,1,3417,1759006800,5,21.9,21.8,17,0.74,1012.5,2,3.6,76,0.4,1758971644,1759014634,0.125,,,0.93,5,0.93,19760.9,1,,,,,,3.504,12.2,,,,2322,0,,39,127,3.932,,,,,,,,
15965464950,"Sep 28, 2025, 11:12:36 AM",wu,Run,,687,1.02,158,5,FALSE,,,activities/17046694699.fit.gz,,,687,293,1026.1,4.34,3.502,15,16,648.6,664.4,22,0.2,,,83,79,158,141,,382,74,,,5,111756,,,,,,,,325,503,,,0,,1,1077,1759057200,2,15.7,16.3,15.6,0.99,1018,0.8,1.2,305,0,1759058090,1759100939,0.125,,,0.31,5,0.49,10720.2,0,,,,,,1.494,0,,,,756,0,,15,105,3.676,,,0,,,,,
15965465182,"Sep 28, 2025, 1:50:33 PM",cd,Run,,194,0.58,132,0,FALSE,,,activities/17046694932.fit.gz,,,194,194,588.3,3.5,3.032,13,8,650.8,662.8,9.8,1,,,81,78,132,124,,333,41,,,0,64616,,,,,,,,317,195,,,0,,1,626.9,1759064400,3,17.8,19.4,16.7,0.93,1018.7,0.6,2.8,302,0,1759058092,1759100941,0.125,,,0.28,5,0.72,10979,1,,,,,,3.032,0,,,,504,0,,5,102,3.231,,,0,,,,,
15965465395,"Sep 28, 2025, 11:33:57 AM",Hokie Half!,Run,"1:15:29. went out very fast, flew too close to the sun. but held on for a PR. tough course, tough race. but happy with the results!",4542,21.23,181,227,FALSE,,,activities/17046694844.fit.gz,,,4542,4538,21236.5,6.88,4.68,234,214,594.4,663.2,13.9,0.1,,,96,86,181,169,,470,1398,,,227,2133469,,,,,,,,472,4543,,,0,,1,21690.3,1759057200,2,15.7,16.3,15.6,0.99,1018,0.8,1.2,305,0,1759058090,1759100939,0.125,,,0.31,5,0.49,10720.2,0,,,,,,4.676,0,,,,12894,0,,292,152,4.78,,,0,,,,,
15992150470,"Sep 30, 2025, 9:44:49 PM",Afternoon Ride,Ride,,2411,21.3,148,14,FALSE,,,activities/17073780808.fit.gz,,9,2411,2411,21301.8,13.8,8.835,227,232,441.4,492.8,12,0,,,,,148,123,,190,444,,,14,,,,,,,,,,,,,0,,1,,1759266000,3,21.4,20.4,15.2,0.68,1017.1,2.5,4.4,36,0,1759230993,1759273557,0.25,,,1,5,1,29538.7,1,,,,,,8.835,0,,,,,0,,,,,,,,,,,,
16004823809,"Oct 2, 2025, 12:01:04 AM",Evening Swim,Swim,,3534,"2,250",165,42,FALSE,,,activities/17086611872.fit.gz,,,3534,2341,2250,2.28,0.961,0,0,0,0,0,0,,,,,165,126,,,666,,,42,,,,,,,,,,,,,0,,1,,,,,,,,,,,,,,,,,,,,,,,,,,,,0.637,0,,,,,0,25,,,,,,,,,,,
16080747491,"Oct 9, 2025, 12:01:08 AM",trainer ride,Ride,i‚Äôm sick ü§í,2539,17.87,157,40,FALSE,,,activities/17163471834.fit.gz,,9,2539,2539,17878.6,11.46,7.042,0,0,0,0,0,0,,,,,157,140,,210,534,,,40,533727,,,,,,,,219,2540,,,0,,1,,,,,,,,,,,,,,,,,,,,,,,,,,,,7.042,0,,,,,0,,35,71,,,,0,,,,,
16090450016,"Oct 9, 2025, 9:55:30 PM",Afternoon Run,Run,,3816,11.09,156,14,FALSE,,,activities/17173262077.fit.gz,,,3816,3372,11094.5,5.66,3.29,165,141,617.8,667.8,19,0,,,84,78,156,124,,358,726,,,14,1204935,,,,,,,,354,3628,,,0,,1,11569.3,1760043600,1,17,17.4,5.3,0.46,1025.9,3.3,5.2,86,0,1760009069,1760050367,0.625,,,0,1,0,46266.8,1,,,,,,2.907,183.9,,,,8698,0,,131,114,3.431,,,,,,,,
16101268458,"Oct 11, 2025, 2:38:42 AM",Indoor Cycling,Ride,,1488,8.91,150,12,FALSE,,,activities/17184190218.fit.gz,,9,1488,1488,8913.4,8.58,5.99,0,0,0,0,0,0,,,,,150,127,,173,258,,,12,257886,,,,,,,,199,1489,,,0,,1,,,,,,,,,,,,,,,,,,,,,,,,,,,,5.99,0,,,,,0,,16,64,,,,,,,,,
16110260615,"Oct 11, 2025, 5:55:07 PM",The Roanoke Star!!,Ride,,12239,68.05,175,65,FALSE,,,activities/17193288595.fit.gz,,9,12239,9205,68055,17.76,7.393,1023,1309,285,703.8,16.2,-0.5,,,,,175,125,,159,1428,,,65,,,,,,,,,,,,,0,,1,,1760202000,3,17.7,16.4,7.2,0.5,1017.7,2,3.8,79,0,1760181977,1760222998,0.625,,,0,1,0.95,35456.7,4,,,,,,5.561,2322.1,,,,,0,,,,,,,0,,,,,media/F50FDEB6-7512-4A66-96D6-45EA82E7B37F.jpg|media/6F661CB7-00A8-421E-9613-4153C998A70A.jpg|media/23F50F1D-88A7-4891-AF0F-BCE90F382311.jpg
16122614820,"Oct 12, 2025, 10:48:33 PM",Evening Run,Run,,2491,8.86,157,47,FALSE,,,activities/17205840593.fit.gz,,,2491,2491,8863.8,4.7,3.558,184,172,627.6,704.8,20.9,0.1,,,83,78,157,144,,387,635,,,47,964183,,,,,,,,393,2492,,,0,,1,9388.6,1760306400,3,15.7,12.9,11.9,0.78,1012.1,4.1,9.4,44,0,1760268432,1760309314,0.625,,,0.47,5,0.97,19933.2,0,,,,,,3.558,710.6,,,,6470,0,,111,127,3.769,,,,,,,,
16133579385,"Oct 14, 2025, 3:16:36 AM",Night Run,Run,,1754,6.4,159,37,FALSE,,,activities/17216925293.fit.gz,,,1754,1738,6408.8,4.64,3.687,80,76,626.6,654.4,16.8,0.1,,,84,79,159,147,,396,454,,,37,688401,,,,,,,,396,1755,,,0,,1,6600.4,1760410800,1,14.5,13.1,9.9,0.74,1015.6,1.8,5.7,273,0,1760354884,1760395629,0.625,,,0.2,5,0.06,27528.4,0,,,,,,3.654,95.7,,,,4576,0,,79,128,3.798,,,,,,,,
16143582960,"Oct 14, 2025, 11:01:35 PM",Evening Run,Run,,2242,8.05,156,23,FALSE,,,activities/17227002459.fit.gz,,,2242,2169,8053.9,5.04,3.713,130,119,623,657.6,12.5,0,,,86,80,156,137,,397,528,,,23,859040,,,,,,,,396,2243,,,0,,1,8370.4,1760482800,1,18.3,16.2,12.3,0.68,1017.5,3.1,7.3,326,0,1760441331,1760481936,0.75,,,0,1,0.02,25904.4,0,,,,,,3.592,8.9,,,,5712,0,,101,128,3.859,,,,,,,,
16164307348,"Oct 16, 2025, 8:02:20 PM",Afternoon Ride,Ride,,6225,49.81,162,64,FALSE,,,activities/17247908298.fit.gz,,9,6225,6075,49818.5,17.66,8.201,907,895,457.8,695.6,22.2,0,,,,,162,132,,216,1091,,,64,,,,,,,,,,,,,0,,1,,1760644800,1,20.1,20.1,2,0.3,1015.1,4.1,7,338,0,1760614257,1760654588,0.875,,,0,5,0,63932.8,2,,,,,,8.003,0,,,,,0,,,,,,,,,,,,
16194489969,"Oct 18, 2025, 6:37:34 PM",trail run to ‚ÄúAndrew‚Äôs Bald‚Äù (üßë‚Äçü¶≤ i‚Äôm not!),Run,,380,1.03,132,1,FALSE,,,activities/17278469608.fit.gz,,,380,380,1037.9,4.38,2.731,56,30,1748.4,1806,25.8,2.4,,,82,75,132,120,,321,78,,,1,121860,,,,,,,,348,381,,,0,,1,1302.2,1760810400,3,15.7,14.4,12.3,0.8,1015.5,2.7,4.1,242,0,1760787800,1760828063,0.875,,,0,5,0.88,16652,4,,,,,,2.731,1039,,,,970,0,,13,112,3.427,,,0,,,,,media/384A6A2B-B0D7-42D2-BA58-C6E88B5BA6A2.jpg
16194721416,"Oct 19, 2025, 1:37:35 PM",smoky mountains day 3!,Hike,,14394,14.43,,,FALSE,,,#error#,,,14394,11853,14435.1,3.333,1.218,298,576,584.8,865.6,26,-1.9,,,,,,,,,1327,,,,,,,,,,,,,,,,0,,1,,1760878800,5,12.1,8.3,10.8,0.92,1010.9,4.2,12.1,180,6.1,1760874263,1760914403,0.875,,,0.81,5,0.97,9582,0,,,,,,1.003,12948.4,,,,,0,,,,,,,0,,,,,
16194722688,"Oct 18, 2025, 1:29:38 PM",smoky mountain day 2!,Hike,,30579,26.21,,,FALSE,,,#error#,,,30579,21695,26209.3,2.75,1.208,1084,1293,870.8,2023.8,49.5,-0.8,,,,,,,,,2410,,,,,,,,,,,,,,,,0,,1,,1760792400,1,10.9,11.3,8.5,0.85,1016.9,3,5.1,240,0,1760787801,1760828063,0.875,,,0,5,0.09,16006,1,,,,,,0.857,18843.9,,,,,0,,,,,,,0,,,,,
16194724387,"Oct 17, 2025, 5:12:20 PM",smoky mountains day 1!,Hike,,14249,14.59,,,FALSE,,,#error#,,,14249,12559,14595.6,2.02,1.162,592,87,555.8,1087.6,32.2,3.5,,,,,,,,,1342,,,,,,,,,,,,,,,,0,,1,,1760720400,1,20.8,22.9,11.7,0.56,1016.6,1.5,4.2,227,0,1760701355,1760741755,0.875,,,0,5,0.17,30578,6,,,,,,1.024,14535.8,,,,,0,,,,,,,0,,,,,